ISO-10303-21;
HEADER;
/* Generated by software containing ST-Developer
 * from STEP Tools, Inc. (www.steptools.com) 
 */
/* OPTION: using custom renumber hook */

FILE_DESCRIPTION(
/* description */ ('STEP AP242 Edition 2',
'CAx-IF Rec.Pracs.---Representation and Presentation of Product Manufa
cturing Information (PMI)---4.0---2014-10-13',
'CAx-IF Rec.Pracs.---3D Tessellated Geometry---0.4---2014-09-14','2;1',
'CAx-IF Rec.Pracs.---User Defined Attributes---1.5---2016-08-15'),
/* implementation_level */ '2;1');

FILE_NAME(
/* name */ 'Part Studio 1',
/* time_stamp */ '2026-04-28T10:59:05Z',
/* author */ (''),
/* organization */ (''),
/* preprocessor_version */ 'ST-DEVELOPER v20',
/* originating_system */ 'ONSHAPE BY PTC INC, 1.214',
/* authorisation */ '  ');

FILE_SCHEMA (('AP242_MANAGED_MODEL_BASED_3D_ENGINEERING_MIM_LF { 1 0 10303 442 3 1 4 }'));
ENDSEC;

DATA;
#10=SHAPE_REPRESENTATION_RELATIONSHIP('','',#11815,#11);
#11=ADVANCED_BREP_SHAPE_REPRESENTATION('',(#11813),#18705);
#12=(
BOUNDED_SURFACE()
B_SPLINE_SURFACE(3,1,((#18624,#18625),(#18626,#18627),(#18628,#18629),(#18630,
#18631),(#18632,#18633),(#18634,#18635),(#18636,#18637)),
 .CYLINDRICAL_SURF.,.F.,.F.,.F.)
B_SPLINE_SURFACE_WITH_KNOTS((4,3,4),(2,2),(0.,0.5,1.),(0.0454545454545452,
0.954545454545454),.PIECEWISE_BEZIER_KNOTS.)
GEOMETRIC_REPRESENTATION_ITEM()
RATIONAL_B_SPLINE_SURFACE(((1.,1.),(0.588455621576726,0.588455621576726),
(0.588455621576726,0.588455621576726),(1.,1.),(0.588455621576726,0.588455621576726),
(0.588455621576726,0.588455621576726),(1.,1.)))
REPRESENTATION_ITEM('')
SURFACE()
);
#13=(
BOUNDED_SURFACE()
B_SPLINE_SURFACE(3,1,((#18645,#18646),(#18647,#18648),(#18649,#18650),(#18651,
#18652),(#18653,#18654),(#18655,#18656),(#18657,#18658)),
 .CYLINDRICAL_SURF.,.F.,.F.,.F.)
B_SPLINE_SURFACE_WITH_KNOTS((4,3,4),(2,2),(0.,0.5,1.),(0.0454545454545454,
0.954545454545455),.PIECEWISE_BEZIER_KNOTS.)
GEOMETRIC_REPRESENTATION_ITEM()
RATIONAL_B_SPLINE_SURFACE(((1.,1.),(0.588455621576726,0.588455621576726),
(0.588455621576726,0.588455621576726),(1.,1.),(0.588455621576726,0.588455621576726),
(0.588455621576726,0.588455621576726),(1.,1.)))
REPRESENTATION_ITEM('')
SURFACE()
);
#14=(
BOUNDED_SURFACE()
B_SPLINE_SURFACE(3,1,((#18666,#18667),(#18668,#18669),(#18670,#18671),(#18672,
#18673),(#18674,#18675),(#18676,#18677),(#18678,#18679)),
 .CYLINDRICAL_SURF.,.F.,.F.,.F.)
B_SPLINE_SURFACE_WITH_KNOTS((4,3,4),(2,2),(0.,0.5,1.),(0.0454545454545453,
0.954545454545455),.PIECEWISE_BEZIER_KNOTS.)
GEOMETRIC_REPRESENTATION_ITEM()
RATIONAL_B_SPLINE_SURFACE(((1.,1.),(0.588455621576726,0.588455621576726),
(0.588455621576726,0.588455621576726),(1.,1.),(0.588455621576727,0.588455621576727),
(0.588455621576727,0.588455621576727),(1.,1.)))
REPRESENTATION_ITEM('')
SURFACE()
);
#15=(
BOUNDED_SURFACE()
B_SPLINE_SURFACE(3,1,((#18685,#18686),(#18687,#18688),(#18689,#18690),(#18691,
#18692),(#18693,#18694),(#18695,#18696),(#18697,#18698)),
 .CYLINDRICAL_SURF.,.F.,.F.,.F.)
B_SPLINE_SURFACE_WITH_KNOTS((4,3,4),(2,2),(0.,0.5,1.),(0.0454545454545454,
0.954545454545455),.PIECEWISE_BEZIER_KNOTS.)
GEOMETRIC_REPRESENTATION_ITEM()
RATIONAL_B_SPLINE_SURFACE(((1.,1.),(0.588455621576726,0.588455621576726),
(0.588455621576726,0.588455621576726),(1.,1.),(0.588455621576726,0.588455621576726),
(0.588455621576726,0.588455621576726),(1.,1.)))
REPRESENTATION_ITEM('')
SURFACE()
);
#16=CIRCLE('',#11817,1.5);
#17=CIRCLE('',#11818,1.5);
#18=CIRCLE('',#11819,1.5);
#19=CIRCLE('',#11820,1.5);
#20=CIRCLE('',#11821,1.5);
#21=CIRCLE('',#11822,1.5);
#22=CIRCLE('',#11823,1.5);
#23=CIRCLE('',#11824,1.5);
#24=CIRCLE('',#11825,1.5);
#25=CIRCLE('',#11826,1.5);
#26=CIRCLE('',#11827,1.5);
#27=CIRCLE('',#11828,1.5);
#28=ORIENTED_EDGE('',*,*,#3180,.T.);
#29=ORIENTED_EDGE('',*,*,#3181,.T.);
#30=ORIENTED_EDGE('',*,*,#3182,.T.);
#31=ORIENTED_EDGE('',*,*,#3183,.T.);
#32=ORIENTED_EDGE('',*,*,#3184,.T.);
#33=ORIENTED_EDGE('',*,*,#3185,.F.);
#34=ORIENTED_EDGE('',*,*,#3186,.T.);
#35=ORIENTED_EDGE('',*,*,#3187,.T.);
#36=ORIENTED_EDGE('',*,*,#3188,.F.);
#37=ORIENTED_EDGE('',*,*,#3189,.T.);
#38=ORIENTED_EDGE('',*,*,#3190,.F.);
#39=ORIENTED_EDGE('',*,*,#3191,.T.);
#40=ORIENTED_EDGE('',*,*,#3192,.T.);
#41=ORIENTED_EDGE('',*,*,#3193,.F.);
#42=ORIENTED_EDGE('',*,*,#3194,.F.);
#43=ORIENTED_EDGE('',*,*,#3195,.T.);
#44=ORIENTED_EDGE('',*,*,#3196,.T.);
#45=ORIENTED_EDGE('',*,*,#3197,.F.);
#46=ORIENTED_EDGE('',*,*,#3198,.F.);
#47=ORIENTED_EDGE('',*,*,#3199,.T.);
#48=ORIENTED_EDGE('',*,*,#3200,.T.);
#49=ORIENTED_EDGE('',*,*,#3201,.F.);
#50=ORIENTED_EDGE('',*,*,#3202,.F.);
#51=ORIENTED_EDGE('',*,*,#3203,.T.);
#52=ORIENTED_EDGE('',*,*,#3204,.T.);
#53=ORIENTED_EDGE('',*,*,#3205,.F.);
#54=ORIENTED_EDGE('',*,*,#3206,.F.);
#55=ORIENTED_EDGE('',*,*,#3207,.T.);
#56=ORIENTED_EDGE('',*,*,#3208,.T.);
#57=ORIENTED_EDGE('',*,*,#3209,.F.);
#58=ORIENTED_EDGE('',*,*,#3210,.F.);
#59=ORIENTED_EDGE('',*,*,#3211,.T.);
#60=ORIENTED_EDGE('',*,*,#3212,.T.);
#61=ORIENTED_EDGE('',*,*,#3213,.F.);
#62=ORIENTED_EDGE('',*,*,#3214,.F.);
#63=ORIENTED_EDGE('',*,*,#3215,.T.);
#64=ORIENTED_EDGE('',*,*,#3216,.T.);
#65=ORIENTED_EDGE('',*,*,#3217,.F.);
#66=ORIENTED_EDGE('',*,*,#3218,.F.);
#67=ORIENTED_EDGE('',*,*,#3219,.T.);
#68=ORIENTED_EDGE('',*,*,#3220,.T.);
#69=ORIENTED_EDGE('',*,*,#3221,.F.);
#70=ORIENTED_EDGE('',*,*,#3222,.F.);
#71=ORIENTED_EDGE('',*,*,#3223,.T.);
#72=ORIENTED_EDGE('',*,*,#3224,.T.);
#73=ORIENTED_EDGE('',*,*,#3225,.F.);
#74=ORIENTED_EDGE('',*,*,#3226,.F.);
#75=ORIENTED_EDGE('',*,*,#3227,.T.);
#76=ORIENTED_EDGE('',*,*,#3228,.T.);
#77=ORIENTED_EDGE('',*,*,#3229,.F.);
#78=ORIENTED_EDGE('',*,*,#3230,.F.);
#79=ORIENTED_EDGE('',*,*,#3231,.T.);
#80=ORIENTED_EDGE('',*,*,#3232,.T.);
#81=ORIENTED_EDGE('',*,*,#3233,.F.);
#82=ORIENTED_EDGE('',*,*,#3234,.F.);
#83=ORIENTED_EDGE('',*,*,#3235,.T.);
#84=ORIENTED_EDGE('',*,*,#3236,.T.);
#85=ORIENTED_EDGE('',*,*,#3237,.F.);
#86=ORIENTED_EDGE('',*,*,#3238,.F.);
#87=ORIENTED_EDGE('',*,*,#3239,.T.);
#88=ORIENTED_EDGE('',*,*,#3240,.T.);
#89=ORIENTED_EDGE('',*,*,#3241,.F.);
#90=ORIENTED_EDGE('',*,*,#3242,.F.);
#91=ORIENTED_EDGE('',*,*,#3243,.T.);
#92=ORIENTED_EDGE('',*,*,#3244,.T.);
#93=ORIENTED_EDGE('',*,*,#3245,.F.);
#94=ORIENTED_EDGE('',*,*,#3246,.F.);
#95=ORIENTED_EDGE('',*,*,#3247,.T.);
#96=ORIENTED_EDGE('',*,*,#3248,.T.);
#97=ORIENTED_EDGE('',*,*,#3249,.F.);
#98=ORIENTED_EDGE('',*,*,#3250,.F.);
#99=ORIENTED_EDGE('',*,*,#3251,.T.);
#100=ORIENTED_EDGE('',*,*,#3252,.T.);
#101=ORIENTED_EDGE('',*,*,#3253,.F.);
#102=ORIENTED_EDGE('',*,*,#3254,.F.);
#103=ORIENTED_EDGE('',*,*,#3255,.T.);
#104=ORIENTED_EDGE('',*,*,#3256,.T.);
#105=ORIENTED_EDGE('',*,*,#3257,.F.);
#106=ORIENTED_EDGE('',*,*,#3258,.F.);
#107=ORIENTED_EDGE('',*,*,#3259,.T.);
#108=ORIENTED_EDGE('',*,*,#3260,.T.);
#109=ORIENTED_EDGE('',*,*,#3261,.F.);
#110=ORIENTED_EDGE('',*,*,#3262,.F.);
#111=ORIENTED_EDGE('',*,*,#3263,.T.);
#112=ORIENTED_EDGE('',*,*,#3264,.T.);
#113=ORIENTED_EDGE('',*,*,#3265,.F.);
#114=ORIENTED_EDGE('',*,*,#3266,.F.);
#115=ORIENTED_EDGE('',*,*,#3267,.T.);
#116=ORIENTED_EDGE('',*,*,#3268,.T.);
#117=ORIENTED_EDGE('',*,*,#3269,.F.);
#118=ORIENTED_EDGE('',*,*,#3270,.F.);
#119=ORIENTED_EDGE('',*,*,#3271,.T.);
#120=ORIENTED_EDGE('',*,*,#3272,.T.);
#121=ORIENTED_EDGE('',*,*,#3273,.F.);
#122=ORIENTED_EDGE('',*,*,#3274,.F.);
#123=ORIENTED_EDGE('',*,*,#3275,.T.);
#124=ORIENTED_EDGE('',*,*,#3276,.T.);
#125=ORIENTED_EDGE('',*,*,#3277,.F.);
#126=ORIENTED_EDGE('',*,*,#3278,.F.);
#127=ORIENTED_EDGE('',*,*,#3279,.T.);
#128=ORIENTED_EDGE('',*,*,#3280,.T.);
#129=ORIENTED_EDGE('',*,*,#3281,.F.);
#130=ORIENTED_EDGE('',*,*,#3282,.F.);
#131=ORIENTED_EDGE('',*,*,#3283,.T.);
#132=ORIENTED_EDGE('',*,*,#3284,.T.);
#133=ORIENTED_EDGE('',*,*,#3285,.F.);
#134=ORIENTED_EDGE('',*,*,#3286,.F.);
#135=ORIENTED_EDGE('',*,*,#3287,.T.);
#136=ORIENTED_EDGE('',*,*,#3288,.T.);
#137=ORIENTED_EDGE('',*,*,#3289,.F.);
#138=ORIENTED_EDGE('',*,*,#3290,.F.);
#139=ORIENTED_EDGE('',*,*,#3291,.T.);
#140=ORIENTED_EDGE('',*,*,#3292,.T.);
#141=ORIENTED_EDGE('',*,*,#3293,.F.);
#142=ORIENTED_EDGE('',*,*,#3294,.F.);
#143=ORIENTED_EDGE('',*,*,#3295,.T.);
#144=ORIENTED_EDGE('',*,*,#3296,.T.);
#145=ORIENTED_EDGE('',*,*,#3297,.F.);
#146=ORIENTED_EDGE('',*,*,#3298,.F.);
#147=ORIENTED_EDGE('',*,*,#3299,.T.);
#148=ORIENTED_EDGE('',*,*,#3300,.T.);
#149=ORIENTED_EDGE('',*,*,#3301,.F.);
#150=ORIENTED_EDGE('',*,*,#3302,.F.);
#151=ORIENTED_EDGE('',*,*,#3303,.T.);
#152=ORIENTED_EDGE('',*,*,#3304,.T.);
#153=ORIENTED_EDGE('',*,*,#3305,.F.);
#154=ORIENTED_EDGE('',*,*,#3306,.F.);
#155=ORIENTED_EDGE('',*,*,#3307,.T.);
#156=ORIENTED_EDGE('',*,*,#3308,.T.);
#157=ORIENTED_EDGE('',*,*,#3309,.F.);
#158=ORIENTED_EDGE('',*,*,#3310,.F.);
#159=ORIENTED_EDGE('',*,*,#3311,.T.);
#160=ORIENTED_EDGE('',*,*,#3312,.T.);
#161=ORIENTED_EDGE('',*,*,#3313,.F.);
#162=ORIENTED_EDGE('',*,*,#3314,.F.);
#163=ORIENTED_EDGE('',*,*,#3315,.T.);
#164=ORIENTED_EDGE('',*,*,#3316,.T.);
#165=ORIENTED_EDGE('',*,*,#3317,.F.);
#166=ORIENTED_EDGE('',*,*,#3318,.F.);
#167=ORIENTED_EDGE('',*,*,#3319,.T.);
#168=ORIENTED_EDGE('',*,*,#3320,.T.);
#169=ORIENTED_EDGE('',*,*,#3321,.F.);
#170=ORIENTED_EDGE('',*,*,#3322,.F.);
#171=ORIENTED_EDGE('',*,*,#3323,.T.);
#172=ORIENTED_EDGE('',*,*,#3324,.T.);
#173=ORIENTED_EDGE('',*,*,#3325,.F.);
#174=ORIENTED_EDGE('',*,*,#3326,.F.);
#175=ORIENTED_EDGE('',*,*,#3327,.T.);
#176=ORIENTED_EDGE('',*,*,#3328,.T.);
#177=ORIENTED_EDGE('',*,*,#3329,.F.);
#178=ORIENTED_EDGE('',*,*,#3330,.F.);
#179=ORIENTED_EDGE('',*,*,#3331,.T.);
#180=ORIENTED_EDGE('',*,*,#3332,.T.);
#181=ORIENTED_EDGE('',*,*,#3333,.F.);
#182=ORIENTED_EDGE('',*,*,#3334,.F.);
#183=ORIENTED_EDGE('',*,*,#3335,.T.);
#184=ORIENTED_EDGE('',*,*,#3336,.T.);
#185=ORIENTED_EDGE('',*,*,#3337,.F.);
#186=ORIENTED_EDGE('',*,*,#3338,.F.);
#187=ORIENTED_EDGE('',*,*,#3339,.T.);
#188=ORIENTED_EDGE('',*,*,#3340,.T.);
#189=ORIENTED_EDGE('',*,*,#3341,.F.);
#190=ORIENTED_EDGE('',*,*,#3342,.F.);
#191=ORIENTED_EDGE('',*,*,#3343,.T.);
#192=ORIENTED_EDGE('',*,*,#3344,.T.);
#193=ORIENTED_EDGE('',*,*,#3345,.F.);
#194=ORIENTED_EDGE('',*,*,#3346,.F.);
#195=ORIENTED_EDGE('',*,*,#3347,.T.);
#196=ORIENTED_EDGE('',*,*,#3348,.T.);
#197=ORIENTED_EDGE('',*,*,#3349,.F.);
#198=ORIENTED_EDGE('',*,*,#3350,.F.);
#199=ORIENTED_EDGE('',*,*,#3351,.T.);
#200=ORIENTED_EDGE('',*,*,#3352,.T.);
#201=ORIENTED_EDGE('',*,*,#3353,.F.);
#202=ORIENTED_EDGE('',*,*,#3354,.F.);
#203=ORIENTED_EDGE('',*,*,#3355,.T.);
#204=ORIENTED_EDGE('',*,*,#3356,.T.);
#205=ORIENTED_EDGE('',*,*,#3357,.F.);
#206=ORIENTED_EDGE('',*,*,#3358,.F.);
#207=ORIENTED_EDGE('',*,*,#3359,.T.);
#208=ORIENTED_EDGE('',*,*,#3360,.T.);
#209=ORIENTED_EDGE('',*,*,#3361,.F.);
#210=ORIENTED_EDGE('',*,*,#3362,.F.);
#211=ORIENTED_EDGE('',*,*,#3363,.T.);
#212=ORIENTED_EDGE('',*,*,#3364,.T.);
#213=ORIENTED_EDGE('',*,*,#3365,.F.);
#214=ORIENTED_EDGE('',*,*,#3366,.F.);
#215=ORIENTED_EDGE('',*,*,#3367,.T.);
#216=ORIENTED_EDGE('',*,*,#3368,.T.);
#217=ORIENTED_EDGE('',*,*,#3369,.F.);
#218=ORIENTED_EDGE('',*,*,#3370,.F.);
#219=ORIENTED_EDGE('',*,*,#3371,.T.);
#220=ORIENTED_EDGE('',*,*,#3372,.T.);
#221=ORIENTED_EDGE('',*,*,#3373,.F.);
#222=ORIENTED_EDGE('',*,*,#3374,.F.);
#223=ORIENTED_EDGE('',*,*,#3375,.T.);
#224=ORIENTED_EDGE('',*,*,#3376,.T.);
#225=ORIENTED_EDGE('',*,*,#3377,.F.);
#226=ORIENTED_EDGE('',*,*,#3378,.F.);
#227=ORIENTED_EDGE('',*,*,#3379,.T.);
#228=ORIENTED_EDGE('',*,*,#3380,.T.);
#229=ORIENTED_EDGE('',*,*,#3381,.F.);
#230=ORIENTED_EDGE('',*,*,#3382,.F.);
#231=ORIENTED_EDGE('',*,*,#3383,.T.);
#232=ORIENTED_EDGE('',*,*,#3384,.T.);
#233=ORIENTED_EDGE('',*,*,#3385,.F.);
#234=ORIENTED_EDGE('',*,*,#3386,.F.);
#235=ORIENTED_EDGE('',*,*,#3387,.T.);
#236=ORIENTED_EDGE('',*,*,#3388,.T.);
#237=ORIENTED_EDGE('',*,*,#3389,.F.);
#238=ORIENTED_EDGE('',*,*,#3390,.F.);
#239=ORIENTED_EDGE('',*,*,#3391,.T.);
#240=ORIENTED_EDGE('',*,*,#3392,.T.);
#241=ORIENTED_EDGE('',*,*,#3393,.F.);
#242=ORIENTED_EDGE('',*,*,#3394,.F.);
#243=ORIENTED_EDGE('',*,*,#3395,.T.);
#244=ORIENTED_EDGE('',*,*,#3396,.T.);
#245=ORIENTED_EDGE('',*,*,#3397,.F.);
#246=ORIENTED_EDGE('',*,*,#3398,.F.);
#247=ORIENTED_EDGE('',*,*,#3399,.T.);
#248=ORIENTED_EDGE('',*,*,#3400,.T.);
#249=ORIENTED_EDGE('',*,*,#3401,.F.);
#250=ORIENTED_EDGE('',*,*,#3402,.F.);
#251=ORIENTED_EDGE('',*,*,#3403,.T.);
#252=ORIENTED_EDGE('',*,*,#3404,.T.);
#253=ORIENTED_EDGE('',*,*,#3405,.F.);
#254=ORIENTED_EDGE('',*,*,#3406,.F.);
#255=ORIENTED_EDGE('',*,*,#3407,.T.);
#256=ORIENTED_EDGE('',*,*,#3408,.T.);
#257=ORIENTED_EDGE('',*,*,#3409,.F.);
#258=ORIENTED_EDGE('',*,*,#3410,.F.);
#259=ORIENTED_EDGE('',*,*,#3411,.T.);
#260=ORIENTED_EDGE('',*,*,#3412,.T.);
#261=ORIENTED_EDGE('',*,*,#3413,.F.);
#262=ORIENTED_EDGE('',*,*,#3414,.F.);
#263=ORIENTED_EDGE('',*,*,#3415,.T.);
#264=ORIENTED_EDGE('',*,*,#3416,.T.);
#265=ORIENTED_EDGE('',*,*,#3417,.F.);
#266=ORIENTED_EDGE('',*,*,#3418,.F.);
#267=ORIENTED_EDGE('',*,*,#3419,.T.);
#268=ORIENTED_EDGE('',*,*,#3420,.T.);
#269=ORIENTED_EDGE('',*,*,#3421,.F.);
#270=ORIENTED_EDGE('',*,*,#3422,.F.);
#271=ORIENTED_EDGE('',*,*,#3423,.T.);
#272=ORIENTED_EDGE('',*,*,#3424,.T.);
#273=ORIENTED_EDGE('',*,*,#3425,.F.);
#274=ORIENTED_EDGE('',*,*,#3426,.F.);
#275=ORIENTED_EDGE('',*,*,#3427,.T.);
#276=ORIENTED_EDGE('',*,*,#3428,.T.);
#277=ORIENTED_EDGE('',*,*,#3429,.F.);
#278=ORIENTED_EDGE('',*,*,#3430,.F.);
#279=ORIENTED_EDGE('',*,*,#3431,.T.);
#280=ORIENTED_EDGE('',*,*,#3432,.T.);
#281=ORIENTED_EDGE('',*,*,#3433,.F.);
#282=ORIENTED_EDGE('',*,*,#3434,.F.);
#283=ORIENTED_EDGE('',*,*,#3435,.T.);
#284=ORIENTED_EDGE('',*,*,#3436,.T.);
#285=ORIENTED_EDGE('',*,*,#3437,.F.);
#286=ORIENTED_EDGE('',*,*,#3438,.F.);
#287=ORIENTED_EDGE('',*,*,#3439,.T.);
#288=ORIENTED_EDGE('',*,*,#3440,.T.);
#289=ORIENTED_EDGE('',*,*,#3441,.F.);
#290=ORIENTED_EDGE('',*,*,#3442,.F.);
#291=ORIENTED_EDGE('',*,*,#3443,.T.);
#292=ORIENTED_EDGE('',*,*,#3444,.T.);
#293=ORIENTED_EDGE('',*,*,#3445,.F.);
#294=ORIENTED_EDGE('',*,*,#3446,.F.);
#295=ORIENTED_EDGE('',*,*,#3447,.T.);
#296=ORIENTED_EDGE('',*,*,#3448,.T.);
#297=ORIENTED_EDGE('',*,*,#3449,.F.);
#298=ORIENTED_EDGE('',*,*,#3450,.F.);
#299=ORIENTED_EDGE('',*,*,#3451,.T.);
#300=ORIENTED_EDGE('',*,*,#3452,.T.);
#301=ORIENTED_EDGE('',*,*,#3453,.F.);
#302=ORIENTED_EDGE('',*,*,#3454,.F.);
#303=ORIENTED_EDGE('',*,*,#3455,.T.);
#304=ORIENTED_EDGE('',*,*,#3456,.T.);
#305=ORIENTED_EDGE('',*,*,#3457,.F.);
#306=ORIENTED_EDGE('',*,*,#3458,.F.);
#307=ORIENTED_EDGE('',*,*,#3459,.T.);
#308=ORIENTED_EDGE('',*,*,#3460,.T.);
#309=ORIENTED_EDGE('',*,*,#3461,.F.);
#310=ORIENTED_EDGE('',*,*,#3462,.F.);
#311=ORIENTED_EDGE('',*,*,#3463,.T.);
#312=ORIENTED_EDGE('',*,*,#3464,.T.);
#313=ORIENTED_EDGE('',*,*,#3465,.F.);
#314=ORIENTED_EDGE('',*,*,#3466,.F.);
#315=ORIENTED_EDGE('',*,*,#3467,.T.);
#316=ORIENTED_EDGE('',*,*,#3468,.T.);
#317=ORIENTED_EDGE('',*,*,#3469,.F.);
#318=ORIENTED_EDGE('',*,*,#3470,.F.);
#319=ORIENTED_EDGE('',*,*,#3471,.T.);
#320=ORIENTED_EDGE('',*,*,#3472,.T.);
#321=ORIENTED_EDGE('',*,*,#3473,.F.);
#322=ORIENTED_EDGE('',*,*,#3474,.F.);
#323=ORIENTED_EDGE('',*,*,#3475,.T.);
#324=ORIENTED_EDGE('',*,*,#3476,.T.);
#325=ORIENTED_EDGE('',*,*,#3477,.F.);
#326=ORIENTED_EDGE('',*,*,#3478,.F.);
#327=ORIENTED_EDGE('',*,*,#3479,.T.);
#328=ORIENTED_EDGE('',*,*,#3480,.T.);
#329=ORIENTED_EDGE('',*,*,#3481,.F.);
#330=ORIENTED_EDGE('',*,*,#3482,.F.);
#331=ORIENTED_EDGE('',*,*,#3483,.T.);
#332=ORIENTED_EDGE('',*,*,#3484,.T.);
#333=ORIENTED_EDGE('',*,*,#3485,.F.);
#334=ORIENTED_EDGE('',*,*,#3486,.F.);
#335=ORIENTED_EDGE('',*,*,#3487,.T.);
#336=ORIENTED_EDGE('',*,*,#3488,.T.);
#337=ORIENTED_EDGE('',*,*,#3489,.F.);
#338=ORIENTED_EDGE('',*,*,#3490,.F.);
#339=ORIENTED_EDGE('',*,*,#3491,.T.);
#340=ORIENTED_EDGE('',*,*,#3492,.T.);
#341=ORIENTED_EDGE('',*,*,#3493,.F.);
#342=ORIENTED_EDGE('',*,*,#3494,.F.);
#343=ORIENTED_EDGE('',*,*,#3495,.T.);
#344=ORIENTED_EDGE('',*,*,#3496,.T.);
#345=ORIENTED_EDGE('',*,*,#3497,.F.);
#346=ORIENTED_EDGE('',*,*,#3498,.F.);
#347=ORIENTED_EDGE('',*,*,#3499,.T.);
#348=ORIENTED_EDGE('',*,*,#3500,.T.);
#349=ORIENTED_EDGE('',*,*,#3501,.F.);
#350=ORIENTED_EDGE('',*,*,#3502,.F.);
#351=ORIENTED_EDGE('',*,*,#3503,.T.);
#352=ORIENTED_EDGE('',*,*,#3504,.T.);
#353=ORIENTED_EDGE('',*,*,#3505,.F.);
#354=ORIENTED_EDGE('',*,*,#3506,.F.);
#355=ORIENTED_EDGE('',*,*,#3507,.T.);
#356=ORIENTED_EDGE('',*,*,#3508,.T.);
#357=ORIENTED_EDGE('',*,*,#3509,.F.);
#358=ORIENTED_EDGE('',*,*,#3510,.F.);
#359=ORIENTED_EDGE('',*,*,#3511,.T.);
#360=ORIENTED_EDGE('',*,*,#3512,.T.);
#361=ORIENTED_EDGE('',*,*,#3513,.F.);
#362=ORIENTED_EDGE('',*,*,#3514,.F.);
#363=ORIENTED_EDGE('',*,*,#3515,.T.);
#364=ORIENTED_EDGE('',*,*,#3516,.T.);
#365=ORIENTED_EDGE('',*,*,#3517,.F.);
#366=ORIENTED_EDGE('',*,*,#3518,.F.);
#367=ORIENTED_EDGE('',*,*,#3519,.T.);
#368=ORIENTED_EDGE('',*,*,#3520,.T.);
#369=ORIENTED_EDGE('',*,*,#3521,.F.);
#370=ORIENTED_EDGE('',*,*,#3522,.F.);
#371=ORIENTED_EDGE('',*,*,#3523,.T.);
#372=ORIENTED_EDGE('',*,*,#3524,.T.);
#373=ORIENTED_EDGE('',*,*,#3525,.F.);
#374=ORIENTED_EDGE('',*,*,#3526,.F.);
#375=ORIENTED_EDGE('',*,*,#3527,.T.);
#376=ORIENTED_EDGE('',*,*,#3528,.T.);
#377=ORIENTED_EDGE('',*,*,#3529,.F.);
#378=ORIENTED_EDGE('',*,*,#3530,.F.);
#379=ORIENTED_EDGE('',*,*,#3531,.T.);
#380=ORIENTED_EDGE('',*,*,#3532,.T.);
#381=ORIENTED_EDGE('',*,*,#3533,.F.);
#382=ORIENTED_EDGE('',*,*,#3534,.F.);
#383=ORIENTED_EDGE('',*,*,#3535,.T.);
#384=ORIENTED_EDGE('',*,*,#3536,.T.);
#385=ORIENTED_EDGE('',*,*,#3537,.F.);
#386=ORIENTED_EDGE('',*,*,#3538,.F.);
#387=ORIENTED_EDGE('',*,*,#3539,.T.);
#388=ORIENTED_EDGE('',*,*,#3540,.T.);
#389=ORIENTED_EDGE('',*,*,#3541,.F.);
#390=ORIENTED_EDGE('',*,*,#3542,.F.);
#391=ORIENTED_EDGE('',*,*,#3543,.T.);
#392=ORIENTED_EDGE('',*,*,#3544,.T.);
#393=ORIENTED_EDGE('',*,*,#3545,.F.);
#394=ORIENTED_EDGE('',*,*,#3546,.F.);
#395=ORIENTED_EDGE('',*,*,#3547,.T.);
#396=ORIENTED_EDGE('',*,*,#3548,.T.);
#397=ORIENTED_EDGE('',*,*,#3549,.F.);
#398=ORIENTED_EDGE('',*,*,#3550,.F.);
#399=ORIENTED_EDGE('',*,*,#3551,.T.);
#400=ORIENTED_EDGE('',*,*,#3552,.T.);
#401=ORIENTED_EDGE('',*,*,#3553,.F.);
#402=ORIENTED_EDGE('',*,*,#3554,.F.);
#403=ORIENTED_EDGE('',*,*,#3555,.T.);
#404=ORIENTED_EDGE('',*,*,#3556,.T.);
#405=ORIENTED_EDGE('',*,*,#3557,.F.);
#406=ORIENTED_EDGE('',*,*,#3558,.F.);
#407=ORIENTED_EDGE('',*,*,#3559,.T.);
#408=ORIENTED_EDGE('',*,*,#3560,.T.);
#409=ORIENTED_EDGE('',*,*,#3561,.F.);
#410=ORIENTED_EDGE('',*,*,#3562,.F.);
#411=ORIENTED_EDGE('',*,*,#3563,.T.);
#412=ORIENTED_EDGE('',*,*,#3564,.T.);
#413=ORIENTED_EDGE('',*,*,#3565,.F.);
#414=ORIENTED_EDGE('',*,*,#3566,.F.);
#415=ORIENTED_EDGE('',*,*,#3567,.T.);
#416=ORIENTED_EDGE('',*,*,#3568,.T.);
#417=ORIENTED_EDGE('',*,*,#3569,.F.);
#418=ORIENTED_EDGE('',*,*,#3570,.F.);
#419=ORIENTED_EDGE('',*,*,#3571,.T.);
#420=ORIENTED_EDGE('',*,*,#3572,.T.);
#421=ORIENTED_EDGE('',*,*,#3573,.F.);
#422=ORIENTED_EDGE('',*,*,#3574,.F.);
#423=ORIENTED_EDGE('',*,*,#3575,.T.);
#424=ORIENTED_EDGE('',*,*,#3576,.T.);
#425=ORIENTED_EDGE('',*,*,#3577,.F.);
#426=ORIENTED_EDGE('',*,*,#3578,.F.);
#427=ORIENTED_EDGE('',*,*,#3579,.T.);
#428=ORIENTED_EDGE('',*,*,#3580,.T.);
#429=ORIENTED_EDGE('',*,*,#3581,.F.);
#430=ORIENTED_EDGE('',*,*,#3582,.F.);
#431=ORIENTED_EDGE('',*,*,#3583,.T.);
#432=ORIENTED_EDGE('',*,*,#3584,.T.);
#433=ORIENTED_EDGE('',*,*,#3585,.F.);
#434=ORIENTED_EDGE('',*,*,#3586,.F.);
#435=ORIENTED_EDGE('',*,*,#3587,.T.);
#436=ORIENTED_EDGE('',*,*,#3588,.T.);
#437=ORIENTED_EDGE('',*,*,#3589,.F.);
#438=ORIENTED_EDGE('',*,*,#3590,.F.);
#439=ORIENTED_EDGE('',*,*,#3591,.T.);
#440=ORIENTED_EDGE('',*,*,#3592,.T.);
#441=ORIENTED_EDGE('',*,*,#3593,.F.);
#442=ORIENTED_EDGE('',*,*,#3594,.F.);
#443=ORIENTED_EDGE('',*,*,#3595,.T.);
#444=ORIENTED_EDGE('',*,*,#3596,.T.);
#445=ORIENTED_EDGE('',*,*,#3597,.F.);
#446=ORIENTED_EDGE('',*,*,#3598,.F.);
#447=ORIENTED_EDGE('',*,*,#3599,.T.);
#448=ORIENTED_EDGE('',*,*,#3600,.T.);
#449=ORIENTED_EDGE('',*,*,#3601,.F.);
#450=ORIENTED_EDGE('',*,*,#3602,.F.);
#451=ORIENTED_EDGE('',*,*,#3603,.T.);
#452=ORIENTED_EDGE('',*,*,#3604,.T.);
#453=ORIENTED_EDGE('',*,*,#3605,.F.);
#454=ORIENTED_EDGE('',*,*,#3606,.F.);
#455=ORIENTED_EDGE('',*,*,#3607,.T.);
#456=ORIENTED_EDGE('',*,*,#3608,.T.);
#457=ORIENTED_EDGE('',*,*,#3609,.F.);
#458=ORIENTED_EDGE('',*,*,#3610,.F.);
#459=ORIENTED_EDGE('',*,*,#3611,.T.);
#460=ORIENTED_EDGE('',*,*,#3612,.T.);
#461=ORIENTED_EDGE('',*,*,#3613,.F.);
#462=ORIENTED_EDGE('',*,*,#3614,.F.);
#463=ORIENTED_EDGE('',*,*,#3615,.T.);
#464=ORIENTED_EDGE('',*,*,#3616,.T.);
#465=ORIENTED_EDGE('',*,*,#3617,.F.);
#466=ORIENTED_EDGE('',*,*,#3618,.F.);
#467=ORIENTED_EDGE('',*,*,#3619,.T.);
#468=ORIENTED_EDGE('',*,*,#3620,.T.);
#469=ORIENTED_EDGE('',*,*,#3621,.F.);
#470=ORIENTED_EDGE('',*,*,#3622,.F.);
#471=ORIENTED_EDGE('',*,*,#3623,.T.);
#472=ORIENTED_EDGE('',*,*,#3624,.T.);
#473=ORIENTED_EDGE('',*,*,#3625,.F.);
#474=ORIENTED_EDGE('',*,*,#3626,.F.);
#475=ORIENTED_EDGE('',*,*,#3627,.T.);
#476=ORIENTED_EDGE('',*,*,#3628,.T.);
#477=ORIENTED_EDGE('',*,*,#3629,.F.);
#478=ORIENTED_EDGE('',*,*,#3630,.F.);
#479=ORIENTED_EDGE('',*,*,#3631,.T.);
#480=ORIENTED_EDGE('',*,*,#3632,.T.);
#481=ORIENTED_EDGE('',*,*,#3633,.F.);
#482=ORIENTED_EDGE('',*,*,#3634,.F.);
#483=ORIENTED_EDGE('',*,*,#3635,.T.);
#484=ORIENTED_EDGE('',*,*,#3636,.T.);
#485=ORIENTED_EDGE('',*,*,#3637,.F.);
#486=ORIENTED_EDGE('',*,*,#3638,.F.);
#487=ORIENTED_EDGE('',*,*,#3639,.T.);
#488=ORIENTED_EDGE('',*,*,#3640,.T.);
#489=ORIENTED_EDGE('',*,*,#3641,.F.);
#490=ORIENTED_EDGE('',*,*,#3642,.F.);
#491=ORIENTED_EDGE('',*,*,#3643,.T.);
#492=ORIENTED_EDGE('',*,*,#3644,.T.);
#493=ORIENTED_EDGE('',*,*,#3645,.F.);
#494=ORIENTED_EDGE('',*,*,#3646,.F.);
#495=ORIENTED_EDGE('',*,*,#3647,.T.);
#496=ORIENTED_EDGE('',*,*,#3648,.T.);
#497=ORIENTED_EDGE('',*,*,#3649,.F.);
#498=ORIENTED_EDGE('',*,*,#3650,.F.);
#499=ORIENTED_EDGE('',*,*,#3651,.T.);
#500=ORIENTED_EDGE('',*,*,#3652,.T.);
#501=ORIENTED_EDGE('',*,*,#3653,.F.);
#502=ORIENTED_EDGE('',*,*,#3654,.F.);
#503=ORIENTED_EDGE('',*,*,#3655,.T.);
#504=ORIENTED_EDGE('',*,*,#3656,.T.);
#505=ORIENTED_EDGE('',*,*,#3657,.F.);
#506=ORIENTED_EDGE('',*,*,#3658,.F.);
#507=ORIENTED_EDGE('',*,*,#3659,.T.);
#508=ORIENTED_EDGE('',*,*,#3660,.T.);
#509=ORIENTED_EDGE('',*,*,#3661,.F.);
#510=ORIENTED_EDGE('',*,*,#3662,.F.);
#511=ORIENTED_EDGE('',*,*,#3663,.T.);
#512=ORIENTED_EDGE('',*,*,#3664,.T.);
#513=ORIENTED_EDGE('',*,*,#3665,.F.);
#514=ORIENTED_EDGE('',*,*,#3666,.F.);
#515=ORIENTED_EDGE('',*,*,#3667,.T.);
#516=ORIENTED_EDGE('',*,*,#3668,.T.);
#517=ORIENTED_EDGE('',*,*,#3669,.F.);
#518=ORIENTED_EDGE('',*,*,#3670,.F.);
#519=ORIENTED_EDGE('',*,*,#3671,.T.);
#520=ORIENTED_EDGE('',*,*,#3672,.T.);
#521=ORIENTED_EDGE('',*,*,#3673,.F.);
#522=ORIENTED_EDGE('',*,*,#3674,.F.);
#523=ORIENTED_EDGE('',*,*,#3675,.T.);
#524=ORIENTED_EDGE('',*,*,#3676,.T.);
#525=ORIENTED_EDGE('',*,*,#3677,.F.);
#526=ORIENTED_EDGE('',*,*,#3678,.F.);
#527=ORIENTED_EDGE('',*,*,#3679,.T.);
#528=ORIENTED_EDGE('',*,*,#3680,.T.);
#529=ORIENTED_EDGE('',*,*,#3681,.F.);
#530=ORIENTED_EDGE('',*,*,#3682,.F.);
#531=ORIENTED_EDGE('',*,*,#3683,.T.);
#532=ORIENTED_EDGE('',*,*,#3684,.T.);
#533=ORIENTED_EDGE('',*,*,#3685,.F.);
#534=ORIENTED_EDGE('',*,*,#3686,.F.);
#535=ORIENTED_EDGE('',*,*,#3687,.T.);
#536=ORIENTED_EDGE('',*,*,#3688,.T.);
#537=ORIENTED_EDGE('',*,*,#3689,.F.);
#538=ORIENTED_EDGE('',*,*,#3690,.F.);
#539=ORIENTED_EDGE('',*,*,#3691,.T.);
#540=ORIENTED_EDGE('',*,*,#3692,.T.);
#541=ORIENTED_EDGE('',*,*,#3693,.F.);
#542=ORIENTED_EDGE('',*,*,#3694,.F.);
#543=ORIENTED_EDGE('',*,*,#3695,.T.);
#544=ORIENTED_EDGE('',*,*,#3696,.T.);
#545=ORIENTED_EDGE('',*,*,#3697,.F.);
#546=ORIENTED_EDGE('',*,*,#3698,.F.);
#547=ORIENTED_EDGE('',*,*,#3699,.T.);
#548=ORIENTED_EDGE('',*,*,#3700,.T.);
#549=ORIENTED_EDGE('',*,*,#3701,.F.);
#550=ORIENTED_EDGE('',*,*,#3702,.F.);
#551=ORIENTED_EDGE('',*,*,#3703,.T.);
#552=ORIENTED_EDGE('',*,*,#3704,.T.);
#553=ORIENTED_EDGE('',*,*,#3705,.F.);
#554=ORIENTED_EDGE('',*,*,#3706,.F.);
#555=ORIENTED_EDGE('',*,*,#3707,.T.);
#556=ORIENTED_EDGE('',*,*,#3708,.F.);
#557=ORIENTED_EDGE('',*,*,#3188,.T.);
#558=ORIENTED_EDGE('',*,*,#3709,.F.);
#559=ORIENTED_EDGE('',*,*,#3710,.T.);
#560=ORIENTED_EDGE('',*,*,#3180,.F.);
#561=ORIENTED_EDGE('',*,*,#3711,.T.);
#562=ORIENTED_EDGE('',*,*,#3712,.F.);
#563=ORIENTED_EDGE('',*,*,#3706,.T.);
#564=ORIENTED_EDGE('',*,*,#3713,.T.);
#565=ORIENTED_EDGE('',*,*,#3714,.F.);
#566=ORIENTED_EDGE('',*,*,#3182,.F.);
#567=ORIENTED_EDGE('',*,*,#3715,.T.);
#568=ORIENTED_EDGE('',*,*,#3716,.F.);
#569=ORIENTED_EDGE('',*,*,#3714,.T.);
#570=ORIENTED_EDGE('',*,*,#3717,.T.);
#571=ORIENTED_EDGE('',*,*,#3718,.F.);
#572=ORIENTED_EDGE('',*,*,#3719,.F.);
#573=ORIENTED_EDGE('',*,*,#3720,.T.);
#574=ORIENTED_EDGE('',*,*,#3721,.F.);
#575=ORIENTED_EDGE('',*,*,#3722,.T.);
#576=ORIENTED_EDGE('',*,*,#3718,.T.);
#577=ORIENTED_EDGE('',*,*,#3723,.F.);
#578=ORIENTED_EDGE('',*,*,#3704,.F.);
#579=ORIENTED_EDGE('',*,*,#3724,.T.);
#580=ORIENTED_EDGE('',*,*,#3725,.F.);
#581=ORIENTED_EDGE('',*,*,#3185,.T.);
#582=ORIENTED_EDGE('',*,*,#3705,.T.);
#583=ORIENTED_EDGE('',*,*,#3723,.T.);
#584=ORIENTED_EDGE('',*,*,#3717,.F.);
#585=ORIENTED_EDGE('',*,*,#3713,.F.);
#586=ORIENTED_EDGE('',*,*,#3191,.F.);
#587=ORIENTED_EDGE('',*,*,#3726,.F.);
#588=ORIENTED_EDGE('',*,*,#3727,.T.);
#589=ORIENTED_EDGE('',*,*,#3728,.T.);
#590=ORIENTED_EDGE('',*,*,#3190,.T.);
#591=ORIENTED_EDGE('',*,*,#3729,.F.);
#592=ORIENTED_EDGE('',*,*,#3730,.F.);
#593=ORIENTED_EDGE('',*,*,#3726,.T.);
#594=ORIENTED_EDGE('',*,*,#3193,.T.);
#595=ORIENTED_EDGE('',*,*,#3731,.F.);
#596=ORIENTED_EDGE('',*,*,#3732,.F.);
#597=ORIENTED_EDGE('',*,*,#3729,.T.);
#598=ORIENTED_EDGE('',*,*,#3192,.F.);
#599=ORIENTED_EDGE('',*,*,#3728,.F.);
#600=ORIENTED_EDGE('',*,*,#3733,.T.);
#601=ORIENTED_EDGE('',*,*,#3731,.T.);
#602=ORIENTED_EDGE('',*,*,#3727,.F.);
#603=ORIENTED_EDGE('',*,*,#3730,.T.);
#604=ORIENTED_EDGE('',*,*,#3732,.T.);
#605=ORIENTED_EDGE('',*,*,#3733,.F.);
#606=ORIENTED_EDGE('',*,*,#3195,.F.);
#607=ORIENTED_EDGE('',*,*,#3734,.F.);
#608=ORIENTED_EDGE('',*,*,#3735,.T.);
#609=ORIENTED_EDGE('',*,*,#3736,.T.);
#610=ORIENTED_EDGE('',*,*,#3194,.T.);
#611=ORIENTED_EDGE('',*,*,#3737,.F.);
#612=ORIENTED_EDGE('',*,*,#3738,.F.);
#613=ORIENTED_EDGE('',*,*,#3734,.T.);
#614=ORIENTED_EDGE('',*,*,#3197,.T.);
#615=ORIENTED_EDGE('',*,*,#3739,.F.);
#616=ORIENTED_EDGE('',*,*,#3740,.F.);
#617=ORIENTED_EDGE('',*,*,#3737,.T.);
#618=ORIENTED_EDGE('',*,*,#3196,.F.);
#619=ORIENTED_EDGE('',*,*,#3736,.F.);
#620=ORIENTED_EDGE('',*,*,#3741,.T.);
#621=ORIENTED_EDGE('',*,*,#3739,.T.);
#622=ORIENTED_EDGE('',*,*,#3735,.F.);
#623=ORIENTED_EDGE('',*,*,#3738,.T.);
#624=ORIENTED_EDGE('',*,*,#3740,.T.);
#625=ORIENTED_EDGE('',*,*,#3741,.F.);
#626=ORIENTED_EDGE('',*,*,#3199,.F.);
#627=ORIENTED_EDGE('',*,*,#3742,.F.);
#628=ORIENTED_EDGE('',*,*,#3743,.T.);
#629=ORIENTED_EDGE('',*,*,#3744,.T.);
#630=ORIENTED_EDGE('',*,*,#3198,.T.);
#631=ORIENTED_EDGE('',*,*,#3745,.F.);
#632=ORIENTED_EDGE('',*,*,#3746,.F.);
#633=ORIENTED_EDGE('',*,*,#3742,.T.);
#634=ORIENTED_EDGE('',*,*,#3201,.T.);
#635=ORIENTED_EDGE('',*,*,#3747,.F.);
#636=ORIENTED_EDGE('',*,*,#3748,.F.);
#637=ORIENTED_EDGE('',*,*,#3745,.T.);
#638=ORIENTED_EDGE('',*,*,#3200,.F.);
#639=ORIENTED_EDGE('',*,*,#3744,.F.);
#640=ORIENTED_EDGE('',*,*,#3749,.T.);
#641=ORIENTED_EDGE('',*,*,#3747,.T.);
#642=ORIENTED_EDGE('',*,*,#3743,.F.);
#643=ORIENTED_EDGE('',*,*,#3746,.T.);
#644=ORIENTED_EDGE('',*,*,#3748,.T.);
#645=ORIENTED_EDGE('',*,*,#3749,.F.);
#646=ORIENTED_EDGE('',*,*,#3203,.F.);
#647=ORIENTED_EDGE('',*,*,#3750,.F.);
#648=ORIENTED_EDGE('',*,*,#3751,.T.);
#649=ORIENTED_EDGE('',*,*,#3752,.T.);
#650=ORIENTED_EDGE('',*,*,#3202,.T.);
#651=ORIENTED_EDGE('',*,*,#3753,.F.);
#652=ORIENTED_EDGE('',*,*,#3754,.F.);
#653=ORIENTED_EDGE('',*,*,#3750,.T.);
#654=ORIENTED_EDGE('',*,*,#3205,.T.);
#655=ORIENTED_EDGE('',*,*,#3755,.F.);
#656=ORIENTED_EDGE('',*,*,#3756,.F.);
#657=ORIENTED_EDGE('',*,*,#3753,.T.);
#658=ORIENTED_EDGE('',*,*,#3204,.F.);
#659=ORIENTED_EDGE('',*,*,#3752,.F.);
#660=ORIENTED_EDGE('',*,*,#3757,.T.);
#661=ORIENTED_EDGE('',*,*,#3755,.T.);
#662=ORIENTED_EDGE('',*,*,#3751,.F.);
#663=ORIENTED_EDGE('',*,*,#3754,.T.);
#664=ORIENTED_EDGE('',*,*,#3756,.T.);
#665=ORIENTED_EDGE('',*,*,#3757,.F.);
#666=ORIENTED_EDGE('',*,*,#3207,.F.);
#667=ORIENTED_EDGE('',*,*,#3758,.F.);
#668=ORIENTED_EDGE('',*,*,#3759,.T.);
#669=ORIENTED_EDGE('',*,*,#3760,.T.);
#670=ORIENTED_EDGE('',*,*,#3206,.T.);
#671=ORIENTED_EDGE('',*,*,#3761,.F.);
#672=ORIENTED_EDGE('',*,*,#3762,.F.);
#673=ORIENTED_EDGE('',*,*,#3758,.T.);
#674=ORIENTED_EDGE('',*,*,#3209,.T.);
#675=ORIENTED_EDGE('',*,*,#3763,.F.);
#676=ORIENTED_EDGE('',*,*,#3764,.F.);
#677=ORIENTED_EDGE('',*,*,#3761,.T.);
#678=ORIENTED_EDGE('',*,*,#3208,.F.);
#679=ORIENTED_EDGE('',*,*,#3760,.F.);
#680=ORIENTED_EDGE('',*,*,#3765,.T.);
#681=ORIENTED_EDGE('',*,*,#3763,.T.);
#682=ORIENTED_EDGE('',*,*,#3759,.F.);
#683=ORIENTED_EDGE('',*,*,#3762,.T.);
#684=ORIENTED_EDGE('',*,*,#3764,.T.);
#685=ORIENTED_EDGE('',*,*,#3765,.F.);
#686=ORIENTED_EDGE('',*,*,#3211,.F.);
#687=ORIENTED_EDGE('',*,*,#3766,.F.);
#688=ORIENTED_EDGE('',*,*,#3767,.T.);
#689=ORIENTED_EDGE('',*,*,#3768,.T.);
#690=ORIENTED_EDGE('',*,*,#3210,.T.);
#691=ORIENTED_EDGE('',*,*,#3769,.F.);
#692=ORIENTED_EDGE('',*,*,#3770,.F.);
#693=ORIENTED_EDGE('',*,*,#3766,.T.);
#694=ORIENTED_EDGE('',*,*,#3213,.T.);
#695=ORIENTED_EDGE('',*,*,#3771,.F.);
#696=ORIENTED_EDGE('',*,*,#3772,.F.);
#697=ORIENTED_EDGE('',*,*,#3769,.T.);
#698=ORIENTED_EDGE('',*,*,#3212,.F.);
#699=ORIENTED_EDGE('',*,*,#3768,.F.);
#700=ORIENTED_EDGE('',*,*,#3773,.T.);
#701=ORIENTED_EDGE('',*,*,#3771,.T.);
#702=ORIENTED_EDGE('',*,*,#3767,.F.);
#703=ORIENTED_EDGE('',*,*,#3770,.T.);
#704=ORIENTED_EDGE('',*,*,#3772,.T.);
#705=ORIENTED_EDGE('',*,*,#3773,.F.);
#706=ORIENTED_EDGE('',*,*,#3215,.F.);
#707=ORIENTED_EDGE('',*,*,#3774,.F.);
#708=ORIENTED_EDGE('',*,*,#3775,.T.);
#709=ORIENTED_EDGE('',*,*,#3776,.T.);
#710=ORIENTED_EDGE('',*,*,#3214,.T.);
#711=ORIENTED_EDGE('',*,*,#3777,.F.);
#712=ORIENTED_EDGE('',*,*,#3778,.F.);
#713=ORIENTED_EDGE('',*,*,#3774,.T.);
#714=ORIENTED_EDGE('',*,*,#3217,.T.);
#715=ORIENTED_EDGE('',*,*,#3779,.F.);
#716=ORIENTED_EDGE('',*,*,#3780,.F.);
#717=ORIENTED_EDGE('',*,*,#3777,.T.);
#718=ORIENTED_EDGE('',*,*,#3216,.F.);
#719=ORIENTED_EDGE('',*,*,#3776,.F.);
#720=ORIENTED_EDGE('',*,*,#3781,.T.);
#721=ORIENTED_EDGE('',*,*,#3779,.T.);
#722=ORIENTED_EDGE('',*,*,#3775,.F.);
#723=ORIENTED_EDGE('',*,*,#3778,.T.);
#724=ORIENTED_EDGE('',*,*,#3780,.T.);
#725=ORIENTED_EDGE('',*,*,#3781,.F.);
#726=ORIENTED_EDGE('',*,*,#3219,.F.);
#727=ORIENTED_EDGE('',*,*,#3782,.F.);
#728=ORIENTED_EDGE('',*,*,#3783,.T.);
#729=ORIENTED_EDGE('',*,*,#3784,.T.);
#730=ORIENTED_EDGE('',*,*,#3218,.T.);
#731=ORIENTED_EDGE('',*,*,#3785,.F.);
#732=ORIENTED_EDGE('',*,*,#3786,.F.);
#733=ORIENTED_EDGE('',*,*,#3782,.T.);
#734=ORIENTED_EDGE('',*,*,#3221,.T.);
#735=ORIENTED_EDGE('',*,*,#3787,.F.);
#736=ORIENTED_EDGE('',*,*,#3788,.F.);
#737=ORIENTED_EDGE('',*,*,#3785,.T.);
#738=ORIENTED_EDGE('',*,*,#3220,.F.);
#739=ORIENTED_EDGE('',*,*,#3784,.F.);
#740=ORIENTED_EDGE('',*,*,#3789,.T.);
#741=ORIENTED_EDGE('',*,*,#3787,.T.);
#742=ORIENTED_EDGE('',*,*,#3783,.F.);
#743=ORIENTED_EDGE('',*,*,#3786,.T.);
#744=ORIENTED_EDGE('',*,*,#3788,.T.);
#745=ORIENTED_EDGE('',*,*,#3789,.F.);
#746=ORIENTED_EDGE('',*,*,#3223,.F.);
#747=ORIENTED_EDGE('',*,*,#3790,.F.);
#748=ORIENTED_EDGE('',*,*,#3791,.T.);
#749=ORIENTED_EDGE('',*,*,#3792,.T.);
#750=ORIENTED_EDGE('',*,*,#3222,.T.);
#751=ORIENTED_EDGE('',*,*,#3793,.F.);
#752=ORIENTED_EDGE('',*,*,#3794,.F.);
#753=ORIENTED_EDGE('',*,*,#3790,.T.);
#754=ORIENTED_EDGE('',*,*,#3225,.T.);
#755=ORIENTED_EDGE('',*,*,#3795,.F.);
#756=ORIENTED_EDGE('',*,*,#3796,.F.);
#757=ORIENTED_EDGE('',*,*,#3793,.T.);
#758=ORIENTED_EDGE('',*,*,#3224,.F.);
#759=ORIENTED_EDGE('',*,*,#3792,.F.);
#760=ORIENTED_EDGE('',*,*,#3797,.T.);
#761=ORIENTED_EDGE('',*,*,#3795,.T.);
#762=ORIENTED_EDGE('',*,*,#3791,.F.);
#763=ORIENTED_EDGE('',*,*,#3794,.T.);
#764=ORIENTED_EDGE('',*,*,#3796,.T.);
#765=ORIENTED_EDGE('',*,*,#3797,.F.);
#766=ORIENTED_EDGE('',*,*,#3227,.F.);
#767=ORIENTED_EDGE('',*,*,#3798,.F.);
#768=ORIENTED_EDGE('',*,*,#3799,.T.);
#769=ORIENTED_EDGE('',*,*,#3800,.T.);
#770=ORIENTED_EDGE('',*,*,#3226,.T.);
#771=ORIENTED_EDGE('',*,*,#3801,.F.);
#772=ORIENTED_EDGE('',*,*,#3802,.F.);
#773=ORIENTED_EDGE('',*,*,#3798,.T.);
#774=ORIENTED_EDGE('',*,*,#3229,.T.);
#775=ORIENTED_EDGE('',*,*,#3803,.F.);
#776=ORIENTED_EDGE('',*,*,#3804,.F.);
#777=ORIENTED_EDGE('',*,*,#3801,.T.);
#778=ORIENTED_EDGE('',*,*,#3228,.F.);
#779=ORIENTED_EDGE('',*,*,#3800,.F.);
#780=ORIENTED_EDGE('',*,*,#3805,.T.);
#781=ORIENTED_EDGE('',*,*,#3803,.T.);
#782=ORIENTED_EDGE('',*,*,#3799,.F.);
#783=ORIENTED_EDGE('',*,*,#3802,.T.);
#784=ORIENTED_EDGE('',*,*,#3804,.T.);
#785=ORIENTED_EDGE('',*,*,#3805,.F.);
#786=ORIENTED_EDGE('',*,*,#3231,.F.);
#787=ORIENTED_EDGE('',*,*,#3806,.F.);
#788=ORIENTED_EDGE('',*,*,#3807,.T.);
#789=ORIENTED_EDGE('',*,*,#3808,.T.);
#790=ORIENTED_EDGE('',*,*,#3230,.T.);
#791=ORIENTED_EDGE('',*,*,#3809,.F.);
#792=ORIENTED_EDGE('',*,*,#3810,.F.);
#793=ORIENTED_EDGE('',*,*,#3806,.T.);
#794=ORIENTED_EDGE('',*,*,#3233,.T.);
#795=ORIENTED_EDGE('',*,*,#3811,.F.);
#796=ORIENTED_EDGE('',*,*,#3812,.F.);
#797=ORIENTED_EDGE('',*,*,#3809,.T.);
#798=ORIENTED_EDGE('',*,*,#3232,.F.);
#799=ORIENTED_EDGE('',*,*,#3808,.F.);
#800=ORIENTED_EDGE('',*,*,#3813,.T.);
#801=ORIENTED_EDGE('',*,*,#3811,.T.);
#802=ORIENTED_EDGE('',*,*,#3807,.F.);
#803=ORIENTED_EDGE('',*,*,#3810,.T.);
#804=ORIENTED_EDGE('',*,*,#3812,.T.);
#805=ORIENTED_EDGE('',*,*,#3813,.F.);
#806=ORIENTED_EDGE('',*,*,#3235,.F.);
#807=ORIENTED_EDGE('',*,*,#3814,.F.);
#808=ORIENTED_EDGE('',*,*,#3815,.T.);
#809=ORIENTED_EDGE('',*,*,#3816,.T.);
#810=ORIENTED_EDGE('',*,*,#3234,.T.);
#811=ORIENTED_EDGE('',*,*,#3817,.F.);
#812=ORIENTED_EDGE('',*,*,#3818,.F.);
#813=ORIENTED_EDGE('',*,*,#3814,.T.);
#814=ORIENTED_EDGE('',*,*,#3237,.T.);
#815=ORIENTED_EDGE('',*,*,#3819,.F.);
#816=ORIENTED_EDGE('',*,*,#3820,.F.);
#817=ORIENTED_EDGE('',*,*,#3817,.T.);
#818=ORIENTED_EDGE('',*,*,#3236,.F.);
#819=ORIENTED_EDGE('',*,*,#3816,.F.);
#820=ORIENTED_EDGE('',*,*,#3821,.T.);
#821=ORIENTED_EDGE('',*,*,#3819,.T.);
#822=ORIENTED_EDGE('',*,*,#3815,.F.);
#823=ORIENTED_EDGE('',*,*,#3818,.T.);
#824=ORIENTED_EDGE('',*,*,#3820,.T.);
#825=ORIENTED_EDGE('',*,*,#3821,.F.);
#826=ORIENTED_EDGE('',*,*,#3239,.F.);
#827=ORIENTED_EDGE('',*,*,#3822,.F.);
#828=ORIENTED_EDGE('',*,*,#3823,.T.);
#829=ORIENTED_EDGE('',*,*,#3824,.T.);
#830=ORIENTED_EDGE('',*,*,#3238,.T.);
#831=ORIENTED_EDGE('',*,*,#3825,.F.);
#832=ORIENTED_EDGE('',*,*,#3826,.F.);
#833=ORIENTED_EDGE('',*,*,#3822,.T.);
#834=ORIENTED_EDGE('',*,*,#3241,.T.);
#835=ORIENTED_EDGE('',*,*,#3827,.F.);
#836=ORIENTED_EDGE('',*,*,#3828,.F.);
#837=ORIENTED_EDGE('',*,*,#3825,.T.);
#838=ORIENTED_EDGE('',*,*,#3240,.F.);
#839=ORIENTED_EDGE('',*,*,#3824,.F.);
#840=ORIENTED_EDGE('',*,*,#3829,.T.);
#841=ORIENTED_EDGE('',*,*,#3827,.T.);
#842=ORIENTED_EDGE('',*,*,#3823,.F.);
#843=ORIENTED_EDGE('',*,*,#3826,.T.);
#844=ORIENTED_EDGE('',*,*,#3828,.T.);
#845=ORIENTED_EDGE('',*,*,#3829,.F.);
#846=ORIENTED_EDGE('',*,*,#3243,.F.);
#847=ORIENTED_EDGE('',*,*,#3830,.F.);
#848=ORIENTED_EDGE('',*,*,#3831,.T.);
#849=ORIENTED_EDGE('',*,*,#3832,.T.);
#850=ORIENTED_EDGE('',*,*,#3242,.T.);
#851=ORIENTED_EDGE('',*,*,#3833,.F.);
#852=ORIENTED_EDGE('',*,*,#3834,.F.);
#853=ORIENTED_EDGE('',*,*,#3830,.T.);
#854=ORIENTED_EDGE('',*,*,#3245,.T.);
#855=ORIENTED_EDGE('',*,*,#3835,.F.);
#856=ORIENTED_EDGE('',*,*,#3836,.F.);
#857=ORIENTED_EDGE('',*,*,#3833,.T.);
#858=ORIENTED_EDGE('',*,*,#3244,.F.);
#859=ORIENTED_EDGE('',*,*,#3832,.F.);
#860=ORIENTED_EDGE('',*,*,#3837,.T.);
#861=ORIENTED_EDGE('',*,*,#3835,.T.);
#862=ORIENTED_EDGE('',*,*,#3831,.F.);
#863=ORIENTED_EDGE('',*,*,#3834,.T.);
#864=ORIENTED_EDGE('',*,*,#3836,.T.);
#865=ORIENTED_EDGE('',*,*,#3837,.F.);
#866=ORIENTED_EDGE('',*,*,#3247,.F.);
#867=ORIENTED_EDGE('',*,*,#3838,.F.);
#868=ORIENTED_EDGE('',*,*,#3839,.T.);
#869=ORIENTED_EDGE('',*,*,#3840,.T.);
#870=ORIENTED_EDGE('',*,*,#3246,.T.);
#871=ORIENTED_EDGE('',*,*,#3841,.F.);
#872=ORIENTED_EDGE('',*,*,#3842,.F.);
#873=ORIENTED_EDGE('',*,*,#3838,.T.);
#874=ORIENTED_EDGE('',*,*,#3249,.T.);
#875=ORIENTED_EDGE('',*,*,#3843,.F.);
#876=ORIENTED_EDGE('',*,*,#3844,.F.);
#877=ORIENTED_EDGE('',*,*,#3841,.T.);
#878=ORIENTED_EDGE('',*,*,#3248,.F.);
#879=ORIENTED_EDGE('',*,*,#3840,.F.);
#880=ORIENTED_EDGE('',*,*,#3845,.T.);
#881=ORIENTED_EDGE('',*,*,#3843,.T.);
#882=ORIENTED_EDGE('',*,*,#3839,.F.);
#883=ORIENTED_EDGE('',*,*,#3842,.T.);
#884=ORIENTED_EDGE('',*,*,#3844,.T.);
#885=ORIENTED_EDGE('',*,*,#3845,.F.);
#886=ORIENTED_EDGE('',*,*,#3251,.F.);
#887=ORIENTED_EDGE('',*,*,#3846,.F.);
#888=ORIENTED_EDGE('',*,*,#3847,.T.);
#889=ORIENTED_EDGE('',*,*,#3848,.T.);
#890=ORIENTED_EDGE('',*,*,#3250,.T.);
#891=ORIENTED_EDGE('',*,*,#3849,.F.);
#892=ORIENTED_EDGE('',*,*,#3850,.F.);
#893=ORIENTED_EDGE('',*,*,#3846,.T.);
#894=ORIENTED_EDGE('',*,*,#3253,.T.);
#895=ORIENTED_EDGE('',*,*,#3851,.F.);
#896=ORIENTED_EDGE('',*,*,#3852,.F.);
#897=ORIENTED_EDGE('',*,*,#3849,.T.);
#898=ORIENTED_EDGE('',*,*,#3252,.F.);
#899=ORIENTED_EDGE('',*,*,#3848,.F.);
#900=ORIENTED_EDGE('',*,*,#3853,.T.);
#901=ORIENTED_EDGE('',*,*,#3851,.T.);
#902=ORIENTED_EDGE('',*,*,#3847,.F.);
#903=ORIENTED_EDGE('',*,*,#3850,.T.);
#904=ORIENTED_EDGE('',*,*,#3852,.T.);
#905=ORIENTED_EDGE('',*,*,#3853,.F.);
#906=ORIENTED_EDGE('',*,*,#3255,.F.);
#907=ORIENTED_EDGE('',*,*,#3854,.F.);
#908=ORIENTED_EDGE('',*,*,#3855,.T.);
#909=ORIENTED_EDGE('',*,*,#3856,.T.);
#910=ORIENTED_EDGE('',*,*,#3254,.T.);
#911=ORIENTED_EDGE('',*,*,#3857,.F.);
#912=ORIENTED_EDGE('',*,*,#3858,.F.);
#913=ORIENTED_EDGE('',*,*,#3854,.T.);
#914=ORIENTED_EDGE('',*,*,#3257,.T.);
#915=ORIENTED_EDGE('',*,*,#3859,.F.);
#916=ORIENTED_EDGE('',*,*,#3860,.F.);
#917=ORIENTED_EDGE('',*,*,#3857,.T.);
#918=ORIENTED_EDGE('',*,*,#3256,.F.);
#919=ORIENTED_EDGE('',*,*,#3856,.F.);
#920=ORIENTED_EDGE('',*,*,#3861,.T.);
#921=ORIENTED_EDGE('',*,*,#3859,.T.);
#922=ORIENTED_EDGE('',*,*,#3855,.F.);
#923=ORIENTED_EDGE('',*,*,#3858,.T.);
#924=ORIENTED_EDGE('',*,*,#3860,.T.);
#925=ORIENTED_EDGE('',*,*,#3861,.F.);
#926=ORIENTED_EDGE('',*,*,#3259,.F.);
#927=ORIENTED_EDGE('',*,*,#3862,.F.);
#928=ORIENTED_EDGE('',*,*,#3863,.T.);
#929=ORIENTED_EDGE('',*,*,#3864,.T.);
#930=ORIENTED_EDGE('',*,*,#3258,.T.);
#931=ORIENTED_EDGE('',*,*,#3865,.F.);
#932=ORIENTED_EDGE('',*,*,#3866,.F.);
#933=ORIENTED_EDGE('',*,*,#3862,.T.);
#934=ORIENTED_EDGE('',*,*,#3261,.T.);
#935=ORIENTED_EDGE('',*,*,#3867,.F.);
#936=ORIENTED_EDGE('',*,*,#3868,.F.);
#937=ORIENTED_EDGE('',*,*,#3865,.T.);
#938=ORIENTED_EDGE('',*,*,#3260,.F.);
#939=ORIENTED_EDGE('',*,*,#3864,.F.);
#940=ORIENTED_EDGE('',*,*,#3869,.T.);
#941=ORIENTED_EDGE('',*,*,#3867,.T.);
#942=ORIENTED_EDGE('',*,*,#3863,.F.);
#943=ORIENTED_EDGE('',*,*,#3866,.T.);
#944=ORIENTED_EDGE('',*,*,#3868,.T.);
#945=ORIENTED_EDGE('',*,*,#3869,.F.);
#946=ORIENTED_EDGE('',*,*,#3263,.F.);
#947=ORIENTED_EDGE('',*,*,#3870,.F.);
#948=ORIENTED_EDGE('',*,*,#3871,.T.);
#949=ORIENTED_EDGE('',*,*,#3872,.T.);
#950=ORIENTED_EDGE('',*,*,#3262,.T.);
#951=ORIENTED_EDGE('',*,*,#3873,.F.);
#952=ORIENTED_EDGE('',*,*,#3874,.F.);
#953=ORIENTED_EDGE('',*,*,#3870,.T.);
#954=ORIENTED_EDGE('',*,*,#3265,.T.);
#955=ORIENTED_EDGE('',*,*,#3875,.F.);
#956=ORIENTED_EDGE('',*,*,#3876,.F.);
#957=ORIENTED_EDGE('',*,*,#3873,.T.);
#958=ORIENTED_EDGE('',*,*,#3264,.F.);
#959=ORIENTED_EDGE('',*,*,#3872,.F.);
#960=ORIENTED_EDGE('',*,*,#3877,.T.);
#961=ORIENTED_EDGE('',*,*,#3875,.T.);
#962=ORIENTED_EDGE('',*,*,#3871,.F.);
#963=ORIENTED_EDGE('',*,*,#3874,.T.);
#964=ORIENTED_EDGE('',*,*,#3876,.T.);
#965=ORIENTED_EDGE('',*,*,#3877,.F.);
#966=ORIENTED_EDGE('',*,*,#3267,.F.);
#967=ORIENTED_EDGE('',*,*,#3878,.F.);
#968=ORIENTED_EDGE('',*,*,#3879,.T.);
#969=ORIENTED_EDGE('',*,*,#3880,.T.);
#970=ORIENTED_EDGE('',*,*,#3266,.T.);
#971=ORIENTED_EDGE('',*,*,#3881,.F.);
#972=ORIENTED_EDGE('',*,*,#3882,.F.);
#973=ORIENTED_EDGE('',*,*,#3878,.T.);
#974=ORIENTED_EDGE('',*,*,#3269,.T.);
#975=ORIENTED_EDGE('',*,*,#3883,.F.);
#976=ORIENTED_EDGE('',*,*,#3884,.F.);
#977=ORIENTED_EDGE('',*,*,#3881,.T.);
#978=ORIENTED_EDGE('',*,*,#3268,.F.);
#979=ORIENTED_EDGE('',*,*,#3880,.F.);
#980=ORIENTED_EDGE('',*,*,#3885,.T.);
#981=ORIENTED_EDGE('',*,*,#3883,.T.);
#982=ORIENTED_EDGE('',*,*,#3879,.F.);
#983=ORIENTED_EDGE('',*,*,#3882,.T.);
#984=ORIENTED_EDGE('',*,*,#3884,.T.);
#985=ORIENTED_EDGE('',*,*,#3885,.F.);
#986=ORIENTED_EDGE('',*,*,#3271,.F.);
#987=ORIENTED_EDGE('',*,*,#3886,.F.);
#988=ORIENTED_EDGE('',*,*,#3887,.T.);
#989=ORIENTED_EDGE('',*,*,#3888,.T.);
#990=ORIENTED_EDGE('',*,*,#3270,.T.);
#991=ORIENTED_EDGE('',*,*,#3889,.F.);
#992=ORIENTED_EDGE('',*,*,#3890,.F.);
#993=ORIENTED_EDGE('',*,*,#3886,.T.);
#994=ORIENTED_EDGE('',*,*,#3273,.T.);
#995=ORIENTED_EDGE('',*,*,#3891,.F.);
#996=ORIENTED_EDGE('',*,*,#3892,.F.);
#997=ORIENTED_EDGE('',*,*,#3889,.T.);
#998=ORIENTED_EDGE('',*,*,#3272,.F.);
#999=ORIENTED_EDGE('',*,*,#3888,.F.);
#1000=ORIENTED_EDGE('',*,*,#3893,.T.);
#1001=ORIENTED_EDGE('',*,*,#3891,.T.);
#1002=ORIENTED_EDGE('',*,*,#3887,.F.);
#1003=ORIENTED_EDGE('',*,*,#3890,.T.);
#1004=ORIENTED_EDGE('',*,*,#3892,.T.);
#1005=ORIENTED_EDGE('',*,*,#3893,.F.);
#1006=ORIENTED_EDGE('',*,*,#3275,.F.);
#1007=ORIENTED_EDGE('',*,*,#3894,.F.);
#1008=ORIENTED_EDGE('',*,*,#3895,.T.);
#1009=ORIENTED_EDGE('',*,*,#3896,.T.);
#1010=ORIENTED_EDGE('',*,*,#3274,.T.);
#1011=ORIENTED_EDGE('',*,*,#3897,.F.);
#1012=ORIENTED_EDGE('',*,*,#3898,.F.);
#1013=ORIENTED_EDGE('',*,*,#3894,.T.);
#1014=ORIENTED_EDGE('',*,*,#3277,.T.);
#1015=ORIENTED_EDGE('',*,*,#3899,.F.);
#1016=ORIENTED_EDGE('',*,*,#3900,.F.);
#1017=ORIENTED_EDGE('',*,*,#3897,.T.);
#1018=ORIENTED_EDGE('',*,*,#3276,.F.);
#1019=ORIENTED_EDGE('',*,*,#3896,.F.);
#1020=ORIENTED_EDGE('',*,*,#3901,.T.);
#1021=ORIENTED_EDGE('',*,*,#3899,.T.);
#1022=ORIENTED_EDGE('',*,*,#3895,.F.);
#1023=ORIENTED_EDGE('',*,*,#3898,.T.);
#1024=ORIENTED_EDGE('',*,*,#3900,.T.);
#1025=ORIENTED_EDGE('',*,*,#3901,.F.);
#1026=ORIENTED_EDGE('',*,*,#3279,.F.);
#1027=ORIENTED_EDGE('',*,*,#3902,.F.);
#1028=ORIENTED_EDGE('',*,*,#3903,.T.);
#1029=ORIENTED_EDGE('',*,*,#3904,.T.);
#1030=ORIENTED_EDGE('',*,*,#3278,.T.);
#1031=ORIENTED_EDGE('',*,*,#3905,.F.);
#1032=ORIENTED_EDGE('',*,*,#3906,.F.);
#1033=ORIENTED_EDGE('',*,*,#3902,.T.);
#1034=ORIENTED_EDGE('',*,*,#3281,.T.);
#1035=ORIENTED_EDGE('',*,*,#3907,.F.);
#1036=ORIENTED_EDGE('',*,*,#3908,.F.);
#1037=ORIENTED_EDGE('',*,*,#3905,.T.);
#1038=ORIENTED_EDGE('',*,*,#3280,.F.);
#1039=ORIENTED_EDGE('',*,*,#3904,.F.);
#1040=ORIENTED_EDGE('',*,*,#3909,.T.);
#1041=ORIENTED_EDGE('',*,*,#3907,.T.);
#1042=ORIENTED_EDGE('',*,*,#3903,.F.);
#1043=ORIENTED_EDGE('',*,*,#3906,.T.);
#1044=ORIENTED_EDGE('',*,*,#3908,.T.);
#1045=ORIENTED_EDGE('',*,*,#3909,.F.);
#1046=ORIENTED_EDGE('',*,*,#3283,.F.);
#1047=ORIENTED_EDGE('',*,*,#3910,.F.);
#1048=ORIENTED_EDGE('',*,*,#3911,.T.);
#1049=ORIENTED_EDGE('',*,*,#3912,.T.);
#1050=ORIENTED_EDGE('',*,*,#3282,.T.);
#1051=ORIENTED_EDGE('',*,*,#3913,.F.);
#1052=ORIENTED_EDGE('',*,*,#3914,.F.);
#1053=ORIENTED_EDGE('',*,*,#3910,.T.);
#1054=ORIENTED_EDGE('',*,*,#3285,.T.);
#1055=ORIENTED_EDGE('',*,*,#3915,.F.);
#1056=ORIENTED_EDGE('',*,*,#3916,.F.);
#1057=ORIENTED_EDGE('',*,*,#3913,.T.);
#1058=ORIENTED_EDGE('',*,*,#3284,.F.);
#1059=ORIENTED_EDGE('',*,*,#3912,.F.);
#1060=ORIENTED_EDGE('',*,*,#3917,.T.);
#1061=ORIENTED_EDGE('',*,*,#3915,.T.);
#1062=ORIENTED_EDGE('',*,*,#3911,.F.);
#1063=ORIENTED_EDGE('',*,*,#3914,.T.);
#1064=ORIENTED_EDGE('',*,*,#3916,.T.);
#1065=ORIENTED_EDGE('',*,*,#3917,.F.);
#1066=ORIENTED_EDGE('',*,*,#3287,.F.);
#1067=ORIENTED_EDGE('',*,*,#3918,.F.);
#1068=ORIENTED_EDGE('',*,*,#3919,.T.);
#1069=ORIENTED_EDGE('',*,*,#3920,.T.);
#1070=ORIENTED_EDGE('',*,*,#3286,.T.);
#1071=ORIENTED_EDGE('',*,*,#3921,.F.);
#1072=ORIENTED_EDGE('',*,*,#3922,.F.);
#1073=ORIENTED_EDGE('',*,*,#3918,.T.);
#1074=ORIENTED_EDGE('',*,*,#3289,.T.);
#1075=ORIENTED_EDGE('',*,*,#3923,.F.);
#1076=ORIENTED_EDGE('',*,*,#3924,.F.);
#1077=ORIENTED_EDGE('',*,*,#3921,.T.);
#1078=ORIENTED_EDGE('',*,*,#3288,.F.);
#1079=ORIENTED_EDGE('',*,*,#3920,.F.);
#1080=ORIENTED_EDGE('',*,*,#3925,.T.);
#1081=ORIENTED_EDGE('',*,*,#3923,.T.);
#1082=ORIENTED_EDGE('',*,*,#3919,.F.);
#1083=ORIENTED_EDGE('',*,*,#3922,.T.);
#1084=ORIENTED_EDGE('',*,*,#3924,.T.);
#1085=ORIENTED_EDGE('',*,*,#3925,.F.);
#1086=ORIENTED_EDGE('',*,*,#3291,.F.);
#1087=ORIENTED_EDGE('',*,*,#3926,.F.);
#1088=ORIENTED_EDGE('',*,*,#3927,.T.);
#1089=ORIENTED_EDGE('',*,*,#3928,.T.);
#1090=ORIENTED_EDGE('',*,*,#3290,.T.);
#1091=ORIENTED_EDGE('',*,*,#3929,.F.);
#1092=ORIENTED_EDGE('',*,*,#3930,.F.);
#1093=ORIENTED_EDGE('',*,*,#3926,.T.);
#1094=ORIENTED_EDGE('',*,*,#3293,.T.);
#1095=ORIENTED_EDGE('',*,*,#3931,.F.);
#1096=ORIENTED_EDGE('',*,*,#3932,.F.);
#1097=ORIENTED_EDGE('',*,*,#3929,.T.);
#1098=ORIENTED_EDGE('',*,*,#3292,.F.);
#1099=ORIENTED_EDGE('',*,*,#3928,.F.);
#1100=ORIENTED_EDGE('',*,*,#3933,.T.);
#1101=ORIENTED_EDGE('',*,*,#3931,.T.);
#1102=ORIENTED_EDGE('',*,*,#3927,.F.);
#1103=ORIENTED_EDGE('',*,*,#3930,.T.);
#1104=ORIENTED_EDGE('',*,*,#3932,.T.);
#1105=ORIENTED_EDGE('',*,*,#3933,.F.);
#1106=ORIENTED_EDGE('',*,*,#3295,.F.);
#1107=ORIENTED_EDGE('',*,*,#3934,.F.);
#1108=ORIENTED_EDGE('',*,*,#3935,.T.);
#1109=ORIENTED_EDGE('',*,*,#3936,.T.);
#1110=ORIENTED_EDGE('',*,*,#3294,.T.);
#1111=ORIENTED_EDGE('',*,*,#3937,.F.);
#1112=ORIENTED_EDGE('',*,*,#3938,.F.);
#1113=ORIENTED_EDGE('',*,*,#3934,.T.);
#1114=ORIENTED_EDGE('',*,*,#3297,.T.);
#1115=ORIENTED_EDGE('',*,*,#3939,.F.);
#1116=ORIENTED_EDGE('',*,*,#3940,.F.);
#1117=ORIENTED_EDGE('',*,*,#3937,.T.);
#1118=ORIENTED_EDGE('',*,*,#3296,.F.);
#1119=ORIENTED_EDGE('',*,*,#3936,.F.);
#1120=ORIENTED_EDGE('',*,*,#3941,.T.);
#1121=ORIENTED_EDGE('',*,*,#3939,.T.);
#1122=ORIENTED_EDGE('',*,*,#3935,.F.);
#1123=ORIENTED_EDGE('',*,*,#3938,.T.);
#1124=ORIENTED_EDGE('',*,*,#3940,.T.);
#1125=ORIENTED_EDGE('',*,*,#3941,.F.);
#1126=ORIENTED_EDGE('',*,*,#3299,.F.);
#1127=ORIENTED_EDGE('',*,*,#3942,.F.);
#1128=ORIENTED_EDGE('',*,*,#3943,.T.);
#1129=ORIENTED_EDGE('',*,*,#3944,.T.);
#1130=ORIENTED_EDGE('',*,*,#3298,.T.);
#1131=ORIENTED_EDGE('',*,*,#3945,.F.);
#1132=ORIENTED_EDGE('',*,*,#3946,.F.);
#1133=ORIENTED_EDGE('',*,*,#3942,.T.);
#1134=ORIENTED_EDGE('',*,*,#3301,.T.);
#1135=ORIENTED_EDGE('',*,*,#3947,.F.);
#1136=ORIENTED_EDGE('',*,*,#3948,.F.);
#1137=ORIENTED_EDGE('',*,*,#3945,.T.);
#1138=ORIENTED_EDGE('',*,*,#3300,.F.);
#1139=ORIENTED_EDGE('',*,*,#3944,.F.);
#1140=ORIENTED_EDGE('',*,*,#3949,.T.);
#1141=ORIENTED_EDGE('',*,*,#3947,.T.);
#1142=ORIENTED_EDGE('',*,*,#3943,.F.);
#1143=ORIENTED_EDGE('',*,*,#3946,.T.);
#1144=ORIENTED_EDGE('',*,*,#3948,.T.);
#1145=ORIENTED_EDGE('',*,*,#3949,.F.);
#1146=ORIENTED_EDGE('',*,*,#3303,.F.);
#1147=ORIENTED_EDGE('',*,*,#3950,.F.);
#1148=ORIENTED_EDGE('',*,*,#3951,.T.);
#1149=ORIENTED_EDGE('',*,*,#3952,.T.);
#1150=ORIENTED_EDGE('',*,*,#3302,.T.);
#1151=ORIENTED_EDGE('',*,*,#3953,.F.);
#1152=ORIENTED_EDGE('',*,*,#3954,.F.);
#1153=ORIENTED_EDGE('',*,*,#3950,.T.);
#1154=ORIENTED_EDGE('',*,*,#3305,.T.);
#1155=ORIENTED_EDGE('',*,*,#3955,.F.);
#1156=ORIENTED_EDGE('',*,*,#3956,.F.);
#1157=ORIENTED_EDGE('',*,*,#3953,.T.);
#1158=ORIENTED_EDGE('',*,*,#3304,.F.);
#1159=ORIENTED_EDGE('',*,*,#3952,.F.);
#1160=ORIENTED_EDGE('',*,*,#3957,.T.);
#1161=ORIENTED_EDGE('',*,*,#3955,.T.);
#1162=ORIENTED_EDGE('',*,*,#3951,.F.);
#1163=ORIENTED_EDGE('',*,*,#3954,.T.);
#1164=ORIENTED_EDGE('',*,*,#3956,.T.);
#1165=ORIENTED_EDGE('',*,*,#3957,.F.);
#1166=ORIENTED_EDGE('',*,*,#3307,.F.);
#1167=ORIENTED_EDGE('',*,*,#3958,.F.);
#1168=ORIENTED_EDGE('',*,*,#3959,.T.);
#1169=ORIENTED_EDGE('',*,*,#3960,.T.);
#1170=ORIENTED_EDGE('',*,*,#3306,.T.);
#1171=ORIENTED_EDGE('',*,*,#3961,.F.);
#1172=ORIENTED_EDGE('',*,*,#3962,.F.);
#1173=ORIENTED_EDGE('',*,*,#3958,.T.);
#1174=ORIENTED_EDGE('',*,*,#3309,.T.);
#1175=ORIENTED_EDGE('',*,*,#3963,.F.);
#1176=ORIENTED_EDGE('',*,*,#3964,.F.);
#1177=ORIENTED_EDGE('',*,*,#3961,.T.);
#1178=ORIENTED_EDGE('',*,*,#3308,.F.);
#1179=ORIENTED_EDGE('',*,*,#3960,.F.);
#1180=ORIENTED_EDGE('',*,*,#3965,.T.);
#1181=ORIENTED_EDGE('',*,*,#3963,.T.);
#1182=ORIENTED_EDGE('',*,*,#3959,.F.);
#1183=ORIENTED_EDGE('',*,*,#3962,.T.);
#1184=ORIENTED_EDGE('',*,*,#3964,.T.);
#1185=ORIENTED_EDGE('',*,*,#3965,.F.);
#1186=ORIENTED_EDGE('',*,*,#3311,.F.);
#1187=ORIENTED_EDGE('',*,*,#3966,.F.);
#1188=ORIENTED_EDGE('',*,*,#3967,.T.);
#1189=ORIENTED_EDGE('',*,*,#3968,.T.);
#1190=ORIENTED_EDGE('',*,*,#3310,.T.);
#1191=ORIENTED_EDGE('',*,*,#3969,.F.);
#1192=ORIENTED_EDGE('',*,*,#3970,.F.);
#1193=ORIENTED_EDGE('',*,*,#3966,.T.);
#1194=ORIENTED_EDGE('',*,*,#3313,.T.);
#1195=ORIENTED_EDGE('',*,*,#3971,.F.);
#1196=ORIENTED_EDGE('',*,*,#3972,.F.);
#1197=ORIENTED_EDGE('',*,*,#3969,.T.);
#1198=ORIENTED_EDGE('',*,*,#3312,.F.);
#1199=ORIENTED_EDGE('',*,*,#3968,.F.);
#1200=ORIENTED_EDGE('',*,*,#3973,.T.);
#1201=ORIENTED_EDGE('',*,*,#3971,.T.);
#1202=ORIENTED_EDGE('',*,*,#3967,.F.);
#1203=ORIENTED_EDGE('',*,*,#3970,.T.);
#1204=ORIENTED_EDGE('',*,*,#3972,.T.);
#1205=ORIENTED_EDGE('',*,*,#3973,.F.);
#1206=ORIENTED_EDGE('',*,*,#3315,.F.);
#1207=ORIENTED_EDGE('',*,*,#3974,.F.);
#1208=ORIENTED_EDGE('',*,*,#3975,.T.);
#1209=ORIENTED_EDGE('',*,*,#3976,.T.);
#1210=ORIENTED_EDGE('',*,*,#3314,.T.);
#1211=ORIENTED_EDGE('',*,*,#3977,.F.);
#1212=ORIENTED_EDGE('',*,*,#3978,.F.);
#1213=ORIENTED_EDGE('',*,*,#3974,.T.);
#1214=ORIENTED_EDGE('',*,*,#3317,.T.);
#1215=ORIENTED_EDGE('',*,*,#3979,.F.);
#1216=ORIENTED_EDGE('',*,*,#3980,.F.);
#1217=ORIENTED_EDGE('',*,*,#3977,.T.);
#1218=ORIENTED_EDGE('',*,*,#3316,.F.);
#1219=ORIENTED_EDGE('',*,*,#3976,.F.);
#1220=ORIENTED_EDGE('',*,*,#3981,.T.);
#1221=ORIENTED_EDGE('',*,*,#3979,.T.);
#1222=ORIENTED_EDGE('',*,*,#3975,.F.);
#1223=ORIENTED_EDGE('',*,*,#3978,.T.);
#1224=ORIENTED_EDGE('',*,*,#3980,.T.);
#1225=ORIENTED_EDGE('',*,*,#3981,.F.);
#1226=ORIENTED_EDGE('',*,*,#3319,.F.);
#1227=ORIENTED_EDGE('',*,*,#3982,.F.);
#1228=ORIENTED_EDGE('',*,*,#3983,.T.);
#1229=ORIENTED_EDGE('',*,*,#3984,.T.);
#1230=ORIENTED_EDGE('',*,*,#3318,.T.);
#1231=ORIENTED_EDGE('',*,*,#3985,.F.);
#1232=ORIENTED_EDGE('',*,*,#3986,.F.);
#1233=ORIENTED_EDGE('',*,*,#3982,.T.);
#1234=ORIENTED_EDGE('',*,*,#3321,.T.);
#1235=ORIENTED_EDGE('',*,*,#3987,.F.);
#1236=ORIENTED_EDGE('',*,*,#3988,.F.);
#1237=ORIENTED_EDGE('',*,*,#3985,.T.);
#1238=ORIENTED_EDGE('',*,*,#3320,.F.);
#1239=ORIENTED_EDGE('',*,*,#3984,.F.);
#1240=ORIENTED_EDGE('',*,*,#3989,.T.);
#1241=ORIENTED_EDGE('',*,*,#3987,.T.);
#1242=ORIENTED_EDGE('',*,*,#3983,.F.);
#1243=ORIENTED_EDGE('',*,*,#3986,.T.);
#1244=ORIENTED_EDGE('',*,*,#3988,.T.);
#1245=ORIENTED_EDGE('',*,*,#3989,.F.);
#1246=ORIENTED_EDGE('',*,*,#3323,.F.);
#1247=ORIENTED_EDGE('',*,*,#3990,.F.);
#1248=ORIENTED_EDGE('',*,*,#3991,.T.);
#1249=ORIENTED_EDGE('',*,*,#3992,.T.);
#1250=ORIENTED_EDGE('',*,*,#3322,.T.);
#1251=ORIENTED_EDGE('',*,*,#3993,.F.);
#1252=ORIENTED_EDGE('',*,*,#3994,.F.);
#1253=ORIENTED_EDGE('',*,*,#3990,.T.);
#1254=ORIENTED_EDGE('',*,*,#3325,.T.);
#1255=ORIENTED_EDGE('',*,*,#3995,.F.);
#1256=ORIENTED_EDGE('',*,*,#3996,.F.);
#1257=ORIENTED_EDGE('',*,*,#3993,.T.);
#1258=ORIENTED_EDGE('',*,*,#3324,.F.);
#1259=ORIENTED_EDGE('',*,*,#3992,.F.);
#1260=ORIENTED_EDGE('',*,*,#3997,.T.);
#1261=ORIENTED_EDGE('',*,*,#3995,.T.);
#1262=ORIENTED_EDGE('',*,*,#3991,.F.);
#1263=ORIENTED_EDGE('',*,*,#3994,.T.);
#1264=ORIENTED_EDGE('',*,*,#3996,.T.);
#1265=ORIENTED_EDGE('',*,*,#3997,.F.);
#1266=ORIENTED_EDGE('',*,*,#3327,.F.);
#1267=ORIENTED_EDGE('',*,*,#3998,.F.);
#1268=ORIENTED_EDGE('',*,*,#3999,.T.);
#1269=ORIENTED_EDGE('',*,*,#4000,.T.);
#1270=ORIENTED_EDGE('',*,*,#3326,.T.);
#1271=ORIENTED_EDGE('',*,*,#4001,.F.);
#1272=ORIENTED_EDGE('',*,*,#4002,.F.);
#1273=ORIENTED_EDGE('',*,*,#3998,.T.);
#1274=ORIENTED_EDGE('',*,*,#3329,.T.);
#1275=ORIENTED_EDGE('',*,*,#4003,.F.);
#1276=ORIENTED_EDGE('',*,*,#4004,.F.);
#1277=ORIENTED_EDGE('',*,*,#4001,.T.);
#1278=ORIENTED_EDGE('',*,*,#3328,.F.);
#1279=ORIENTED_EDGE('',*,*,#4000,.F.);
#1280=ORIENTED_EDGE('',*,*,#4005,.T.);
#1281=ORIENTED_EDGE('',*,*,#4003,.T.);
#1282=ORIENTED_EDGE('',*,*,#3999,.F.);
#1283=ORIENTED_EDGE('',*,*,#4002,.T.);
#1284=ORIENTED_EDGE('',*,*,#4004,.T.);
#1285=ORIENTED_EDGE('',*,*,#4005,.F.);
#1286=ORIENTED_EDGE('',*,*,#3331,.F.);
#1287=ORIENTED_EDGE('',*,*,#4006,.F.);
#1288=ORIENTED_EDGE('',*,*,#4007,.T.);
#1289=ORIENTED_EDGE('',*,*,#4008,.T.);
#1290=ORIENTED_EDGE('',*,*,#3330,.T.);
#1291=ORIENTED_EDGE('',*,*,#4009,.F.);
#1292=ORIENTED_EDGE('',*,*,#4010,.F.);
#1293=ORIENTED_EDGE('',*,*,#4006,.T.);
#1294=ORIENTED_EDGE('',*,*,#3333,.T.);
#1295=ORIENTED_EDGE('',*,*,#4011,.F.);
#1296=ORIENTED_EDGE('',*,*,#4012,.F.);
#1297=ORIENTED_EDGE('',*,*,#4009,.T.);
#1298=ORIENTED_EDGE('',*,*,#3332,.F.);
#1299=ORIENTED_EDGE('',*,*,#4008,.F.);
#1300=ORIENTED_EDGE('',*,*,#4013,.T.);
#1301=ORIENTED_EDGE('',*,*,#4011,.T.);
#1302=ORIENTED_EDGE('',*,*,#4007,.F.);
#1303=ORIENTED_EDGE('',*,*,#4010,.T.);
#1304=ORIENTED_EDGE('',*,*,#4012,.T.);
#1305=ORIENTED_EDGE('',*,*,#4013,.F.);
#1306=ORIENTED_EDGE('',*,*,#3335,.F.);
#1307=ORIENTED_EDGE('',*,*,#4014,.F.);
#1308=ORIENTED_EDGE('',*,*,#4015,.T.);
#1309=ORIENTED_EDGE('',*,*,#4016,.T.);
#1310=ORIENTED_EDGE('',*,*,#3334,.T.);
#1311=ORIENTED_EDGE('',*,*,#4017,.F.);
#1312=ORIENTED_EDGE('',*,*,#4018,.F.);
#1313=ORIENTED_EDGE('',*,*,#4014,.T.);
#1314=ORIENTED_EDGE('',*,*,#3337,.T.);
#1315=ORIENTED_EDGE('',*,*,#4019,.F.);
#1316=ORIENTED_EDGE('',*,*,#4020,.F.);
#1317=ORIENTED_EDGE('',*,*,#4017,.T.);
#1318=ORIENTED_EDGE('',*,*,#3336,.F.);
#1319=ORIENTED_EDGE('',*,*,#4016,.F.);
#1320=ORIENTED_EDGE('',*,*,#4021,.T.);
#1321=ORIENTED_EDGE('',*,*,#4019,.T.);
#1322=ORIENTED_EDGE('',*,*,#4015,.F.);
#1323=ORIENTED_EDGE('',*,*,#4018,.T.);
#1324=ORIENTED_EDGE('',*,*,#4020,.T.);
#1325=ORIENTED_EDGE('',*,*,#4021,.F.);
#1326=ORIENTED_EDGE('',*,*,#3339,.F.);
#1327=ORIENTED_EDGE('',*,*,#4022,.F.);
#1328=ORIENTED_EDGE('',*,*,#4023,.T.);
#1329=ORIENTED_EDGE('',*,*,#4024,.T.);
#1330=ORIENTED_EDGE('',*,*,#3338,.T.);
#1331=ORIENTED_EDGE('',*,*,#4025,.F.);
#1332=ORIENTED_EDGE('',*,*,#4026,.F.);
#1333=ORIENTED_EDGE('',*,*,#4022,.T.);
#1334=ORIENTED_EDGE('',*,*,#3341,.T.);
#1335=ORIENTED_EDGE('',*,*,#4027,.F.);
#1336=ORIENTED_EDGE('',*,*,#4028,.F.);
#1337=ORIENTED_EDGE('',*,*,#4025,.T.);
#1338=ORIENTED_EDGE('',*,*,#3340,.F.);
#1339=ORIENTED_EDGE('',*,*,#4024,.F.);
#1340=ORIENTED_EDGE('',*,*,#4029,.T.);
#1341=ORIENTED_EDGE('',*,*,#4027,.T.);
#1342=ORIENTED_EDGE('',*,*,#4023,.F.);
#1343=ORIENTED_EDGE('',*,*,#4026,.T.);
#1344=ORIENTED_EDGE('',*,*,#4028,.T.);
#1345=ORIENTED_EDGE('',*,*,#4029,.F.);
#1346=ORIENTED_EDGE('',*,*,#3343,.F.);
#1347=ORIENTED_EDGE('',*,*,#4030,.F.);
#1348=ORIENTED_EDGE('',*,*,#4031,.T.);
#1349=ORIENTED_EDGE('',*,*,#4032,.T.);
#1350=ORIENTED_EDGE('',*,*,#3342,.T.);
#1351=ORIENTED_EDGE('',*,*,#4033,.F.);
#1352=ORIENTED_EDGE('',*,*,#4034,.F.);
#1353=ORIENTED_EDGE('',*,*,#4030,.T.);
#1354=ORIENTED_EDGE('',*,*,#3345,.T.);
#1355=ORIENTED_EDGE('',*,*,#4035,.F.);
#1356=ORIENTED_EDGE('',*,*,#4036,.F.);
#1357=ORIENTED_EDGE('',*,*,#4033,.T.);
#1358=ORIENTED_EDGE('',*,*,#3344,.F.);
#1359=ORIENTED_EDGE('',*,*,#4032,.F.);
#1360=ORIENTED_EDGE('',*,*,#4037,.T.);
#1361=ORIENTED_EDGE('',*,*,#4035,.T.);
#1362=ORIENTED_EDGE('',*,*,#4031,.F.);
#1363=ORIENTED_EDGE('',*,*,#4034,.T.);
#1364=ORIENTED_EDGE('',*,*,#4036,.T.);
#1365=ORIENTED_EDGE('',*,*,#4037,.F.);
#1366=ORIENTED_EDGE('',*,*,#3347,.F.);
#1367=ORIENTED_EDGE('',*,*,#4038,.F.);
#1368=ORIENTED_EDGE('',*,*,#4039,.T.);
#1369=ORIENTED_EDGE('',*,*,#4040,.T.);
#1370=ORIENTED_EDGE('',*,*,#3346,.T.);
#1371=ORIENTED_EDGE('',*,*,#4041,.F.);
#1372=ORIENTED_EDGE('',*,*,#4042,.F.);
#1373=ORIENTED_EDGE('',*,*,#4038,.T.);
#1374=ORIENTED_EDGE('',*,*,#3349,.T.);
#1375=ORIENTED_EDGE('',*,*,#4043,.F.);
#1376=ORIENTED_EDGE('',*,*,#4044,.F.);
#1377=ORIENTED_EDGE('',*,*,#4041,.T.);
#1378=ORIENTED_EDGE('',*,*,#3348,.F.);
#1379=ORIENTED_EDGE('',*,*,#4040,.F.);
#1380=ORIENTED_EDGE('',*,*,#4045,.T.);
#1381=ORIENTED_EDGE('',*,*,#4043,.T.);
#1382=ORIENTED_EDGE('',*,*,#4039,.F.);
#1383=ORIENTED_EDGE('',*,*,#4042,.T.);
#1384=ORIENTED_EDGE('',*,*,#4044,.T.);
#1385=ORIENTED_EDGE('',*,*,#4045,.F.);
#1386=ORIENTED_EDGE('',*,*,#3351,.F.);
#1387=ORIENTED_EDGE('',*,*,#4046,.F.);
#1388=ORIENTED_EDGE('',*,*,#4047,.T.);
#1389=ORIENTED_EDGE('',*,*,#4048,.T.);
#1390=ORIENTED_EDGE('',*,*,#3350,.T.);
#1391=ORIENTED_EDGE('',*,*,#4049,.F.);
#1392=ORIENTED_EDGE('',*,*,#4050,.F.);
#1393=ORIENTED_EDGE('',*,*,#4046,.T.);
#1394=ORIENTED_EDGE('',*,*,#3353,.T.);
#1395=ORIENTED_EDGE('',*,*,#4051,.F.);
#1396=ORIENTED_EDGE('',*,*,#4052,.F.);
#1397=ORIENTED_EDGE('',*,*,#4049,.T.);
#1398=ORIENTED_EDGE('',*,*,#3352,.F.);
#1399=ORIENTED_EDGE('',*,*,#4048,.F.);
#1400=ORIENTED_EDGE('',*,*,#4053,.T.);
#1401=ORIENTED_EDGE('',*,*,#4051,.T.);
#1402=ORIENTED_EDGE('',*,*,#4047,.F.);
#1403=ORIENTED_EDGE('',*,*,#4050,.T.);
#1404=ORIENTED_EDGE('',*,*,#4052,.T.);
#1405=ORIENTED_EDGE('',*,*,#4053,.F.);
#1406=ORIENTED_EDGE('',*,*,#3355,.F.);
#1407=ORIENTED_EDGE('',*,*,#4054,.F.);
#1408=ORIENTED_EDGE('',*,*,#4055,.T.);
#1409=ORIENTED_EDGE('',*,*,#4056,.T.);
#1410=ORIENTED_EDGE('',*,*,#3354,.T.);
#1411=ORIENTED_EDGE('',*,*,#4057,.F.);
#1412=ORIENTED_EDGE('',*,*,#4058,.F.);
#1413=ORIENTED_EDGE('',*,*,#4054,.T.);
#1414=ORIENTED_EDGE('',*,*,#3357,.T.);
#1415=ORIENTED_EDGE('',*,*,#4059,.F.);
#1416=ORIENTED_EDGE('',*,*,#4060,.F.);
#1417=ORIENTED_EDGE('',*,*,#4057,.T.);
#1418=ORIENTED_EDGE('',*,*,#3356,.F.);
#1419=ORIENTED_EDGE('',*,*,#4056,.F.);
#1420=ORIENTED_EDGE('',*,*,#4061,.T.);
#1421=ORIENTED_EDGE('',*,*,#4059,.T.);
#1422=ORIENTED_EDGE('',*,*,#4055,.F.);
#1423=ORIENTED_EDGE('',*,*,#4058,.T.);
#1424=ORIENTED_EDGE('',*,*,#4060,.T.);
#1425=ORIENTED_EDGE('',*,*,#4061,.F.);
#1426=ORIENTED_EDGE('',*,*,#3359,.F.);
#1427=ORIENTED_EDGE('',*,*,#4062,.F.);
#1428=ORIENTED_EDGE('',*,*,#4063,.T.);
#1429=ORIENTED_EDGE('',*,*,#4064,.T.);
#1430=ORIENTED_EDGE('',*,*,#3358,.T.);
#1431=ORIENTED_EDGE('',*,*,#4065,.F.);
#1432=ORIENTED_EDGE('',*,*,#4066,.F.);
#1433=ORIENTED_EDGE('',*,*,#4062,.T.);
#1434=ORIENTED_EDGE('',*,*,#3361,.T.);
#1435=ORIENTED_EDGE('',*,*,#4067,.F.);
#1436=ORIENTED_EDGE('',*,*,#4068,.F.);
#1437=ORIENTED_EDGE('',*,*,#4065,.T.);
#1438=ORIENTED_EDGE('',*,*,#3360,.F.);
#1439=ORIENTED_EDGE('',*,*,#4064,.F.);
#1440=ORIENTED_EDGE('',*,*,#4069,.T.);
#1441=ORIENTED_EDGE('',*,*,#4067,.T.);
#1442=ORIENTED_EDGE('',*,*,#4063,.F.);
#1443=ORIENTED_EDGE('',*,*,#4066,.T.);
#1444=ORIENTED_EDGE('',*,*,#4068,.T.);
#1445=ORIENTED_EDGE('',*,*,#4069,.F.);
#1446=ORIENTED_EDGE('',*,*,#3363,.F.);
#1447=ORIENTED_EDGE('',*,*,#4070,.F.);
#1448=ORIENTED_EDGE('',*,*,#4071,.T.);
#1449=ORIENTED_EDGE('',*,*,#4072,.T.);
#1450=ORIENTED_EDGE('',*,*,#3362,.T.);
#1451=ORIENTED_EDGE('',*,*,#4073,.F.);
#1452=ORIENTED_EDGE('',*,*,#4074,.F.);
#1453=ORIENTED_EDGE('',*,*,#4070,.T.);
#1454=ORIENTED_EDGE('',*,*,#3365,.T.);
#1455=ORIENTED_EDGE('',*,*,#4075,.F.);
#1456=ORIENTED_EDGE('',*,*,#4076,.F.);
#1457=ORIENTED_EDGE('',*,*,#4073,.T.);
#1458=ORIENTED_EDGE('',*,*,#3364,.F.);
#1459=ORIENTED_EDGE('',*,*,#4072,.F.);
#1460=ORIENTED_EDGE('',*,*,#4077,.T.);
#1461=ORIENTED_EDGE('',*,*,#4075,.T.);
#1462=ORIENTED_EDGE('',*,*,#4071,.F.);
#1463=ORIENTED_EDGE('',*,*,#4074,.T.);
#1464=ORIENTED_EDGE('',*,*,#4076,.T.);
#1465=ORIENTED_EDGE('',*,*,#4077,.F.);
#1466=ORIENTED_EDGE('',*,*,#3367,.F.);
#1467=ORIENTED_EDGE('',*,*,#4078,.F.);
#1468=ORIENTED_EDGE('',*,*,#4079,.T.);
#1469=ORIENTED_EDGE('',*,*,#4080,.T.);
#1470=ORIENTED_EDGE('',*,*,#3366,.T.);
#1471=ORIENTED_EDGE('',*,*,#4081,.F.);
#1472=ORIENTED_EDGE('',*,*,#4082,.F.);
#1473=ORIENTED_EDGE('',*,*,#4078,.T.);
#1474=ORIENTED_EDGE('',*,*,#3369,.T.);
#1475=ORIENTED_EDGE('',*,*,#4083,.F.);
#1476=ORIENTED_EDGE('',*,*,#4084,.F.);
#1477=ORIENTED_EDGE('',*,*,#4081,.T.);
#1478=ORIENTED_EDGE('',*,*,#3368,.F.);
#1479=ORIENTED_EDGE('',*,*,#4080,.F.);
#1480=ORIENTED_EDGE('',*,*,#4085,.T.);
#1481=ORIENTED_EDGE('',*,*,#4083,.T.);
#1482=ORIENTED_EDGE('',*,*,#4079,.F.);
#1483=ORIENTED_EDGE('',*,*,#4082,.T.);
#1484=ORIENTED_EDGE('',*,*,#4084,.T.);
#1485=ORIENTED_EDGE('',*,*,#4085,.F.);
#1486=ORIENTED_EDGE('',*,*,#3371,.F.);
#1487=ORIENTED_EDGE('',*,*,#4086,.F.);
#1488=ORIENTED_EDGE('',*,*,#4087,.T.);
#1489=ORIENTED_EDGE('',*,*,#4088,.T.);
#1490=ORIENTED_EDGE('',*,*,#3370,.T.);
#1491=ORIENTED_EDGE('',*,*,#4089,.F.);
#1492=ORIENTED_EDGE('',*,*,#4090,.F.);
#1493=ORIENTED_EDGE('',*,*,#4086,.T.);
#1494=ORIENTED_EDGE('',*,*,#3373,.T.);
#1495=ORIENTED_EDGE('',*,*,#4091,.F.);
#1496=ORIENTED_EDGE('',*,*,#4092,.F.);
#1497=ORIENTED_EDGE('',*,*,#4089,.T.);
#1498=ORIENTED_EDGE('',*,*,#3372,.F.);
#1499=ORIENTED_EDGE('',*,*,#4088,.F.);
#1500=ORIENTED_EDGE('',*,*,#4093,.T.);
#1501=ORIENTED_EDGE('',*,*,#4091,.T.);
#1502=ORIENTED_EDGE('',*,*,#4087,.F.);
#1503=ORIENTED_EDGE('',*,*,#4090,.T.);
#1504=ORIENTED_EDGE('',*,*,#4092,.T.);
#1505=ORIENTED_EDGE('',*,*,#4093,.F.);
#1506=ORIENTED_EDGE('',*,*,#3375,.F.);
#1507=ORIENTED_EDGE('',*,*,#4094,.F.);
#1508=ORIENTED_EDGE('',*,*,#4095,.T.);
#1509=ORIENTED_EDGE('',*,*,#4096,.T.);
#1510=ORIENTED_EDGE('',*,*,#3374,.T.);
#1511=ORIENTED_EDGE('',*,*,#4097,.F.);
#1512=ORIENTED_EDGE('',*,*,#4098,.F.);
#1513=ORIENTED_EDGE('',*,*,#4094,.T.);
#1514=ORIENTED_EDGE('',*,*,#3377,.T.);
#1515=ORIENTED_EDGE('',*,*,#4099,.F.);
#1516=ORIENTED_EDGE('',*,*,#4100,.F.);
#1517=ORIENTED_EDGE('',*,*,#4097,.T.);
#1518=ORIENTED_EDGE('',*,*,#3376,.F.);
#1519=ORIENTED_EDGE('',*,*,#4096,.F.);
#1520=ORIENTED_EDGE('',*,*,#4101,.T.);
#1521=ORIENTED_EDGE('',*,*,#4099,.T.);
#1522=ORIENTED_EDGE('',*,*,#4095,.F.);
#1523=ORIENTED_EDGE('',*,*,#4098,.T.);
#1524=ORIENTED_EDGE('',*,*,#4100,.T.);
#1525=ORIENTED_EDGE('',*,*,#4101,.F.);
#1526=ORIENTED_EDGE('',*,*,#3379,.F.);
#1527=ORIENTED_EDGE('',*,*,#4102,.F.);
#1528=ORIENTED_EDGE('',*,*,#4103,.T.);
#1529=ORIENTED_EDGE('',*,*,#4104,.T.);
#1530=ORIENTED_EDGE('',*,*,#3378,.T.);
#1531=ORIENTED_EDGE('',*,*,#4105,.F.);
#1532=ORIENTED_EDGE('',*,*,#4106,.F.);
#1533=ORIENTED_EDGE('',*,*,#4102,.T.);
#1534=ORIENTED_EDGE('',*,*,#3381,.T.);
#1535=ORIENTED_EDGE('',*,*,#4107,.F.);
#1536=ORIENTED_EDGE('',*,*,#4108,.F.);
#1537=ORIENTED_EDGE('',*,*,#4105,.T.);
#1538=ORIENTED_EDGE('',*,*,#3380,.F.);
#1539=ORIENTED_EDGE('',*,*,#4104,.F.);
#1540=ORIENTED_EDGE('',*,*,#4109,.T.);
#1541=ORIENTED_EDGE('',*,*,#4107,.T.);
#1542=ORIENTED_EDGE('',*,*,#4103,.F.);
#1543=ORIENTED_EDGE('',*,*,#4106,.T.);
#1544=ORIENTED_EDGE('',*,*,#4108,.T.);
#1545=ORIENTED_EDGE('',*,*,#4109,.F.);
#1546=ORIENTED_EDGE('',*,*,#3383,.F.);
#1547=ORIENTED_EDGE('',*,*,#4110,.F.);
#1548=ORIENTED_EDGE('',*,*,#4111,.T.);
#1549=ORIENTED_EDGE('',*,*,#4112,.T.);
#1550=ORIENTED_EDGE('',*,*,#3382,.T.);
#1551=ORIENTED_EDGE('',*,*,#4113,.F.);
#1552=ORIENTED_EDGE('',*,*,#4114,.F.);
#1553=ORIENTED_EDGE('',*,*,#4110,.T.);
#1554=ORIENTED_EDGE('',*,*,#3385,.T.);
#1555=ORIENTED_EDGE('',*,*,#4115,.F.);
#1556=ORIENTED_EDGE('',*,*,#4116,.F.);
#1557=ORIENTED_EDGE('',*,*,#4113,.T.);
#1558=ORIENTED_EDGE('',*,*,#3384,.F.);
#1559=ORIENTED_EDGE('',*,*,#4112,.F.);
#1560=ORIENTED_EDGE('',*,*,#4117,.T.);
#1561=ORIENTED_EDGE('',*,*,#4115,.T.);
#1562=ORIENTED_EDGE('',*,*,#4111,.F.);
#1563=ORIENTED_EDGE('',*,*,#4114,.T.);
#1564=ORIENTED_EDGE('',*,*,#4116,.T.);
#1565=ORIENTED_EDGE('',*,*,#4117,.F.);
#1566=ORIENTED_EDGE('',*,*,#3387,.F.);
#1567=ORIENTED_EDGE('',*,*,#4118,.F.);
#1568=ORIENTED_EDGE('',*,*,#4119,.T.);
#1569=ORIENTED_EDGE('',*,*,#4120,.T.);
#1570=ORIENTED_EDGE('',*,*,#3386,.T.);
#1571=ORIENTED_EDGE('',*,*,#4121,.F.);
#1572=ORIENTED_EDGE('',*,*,#4122,.F.);
#1573=ORIENTED_EDGE('',*,*,#4118,.T.);
#1574=ORIENTED_EDGE('',*,*,#3389,.T.);
#1575=ORIENTED_EDGE('',*,*,#4123,.F.);
#1576=ORIENTED_EDGE('',*,*,#4124,.F.);
#1577=ORIENTED_EDGE('',*,*,#4121,.T.);
#1578=ORIENTED_EDGE('',*,*,#3388,.F.);
#1579=ORIENTED_EDGE('',*,*,#4120,.F.);
#1580=ORIENTED_EDGE('',*,*,#4125,.T.);
#1581=ORIENTED_EDGE('',*,*,#4123,.T.);
#1582=ORIENTED_EDGE('',*,*,#4119,.F.);
#1583=ORIENTED_EDGE('',*,*,#4122,.T.);
#1584=ORIENTED_EDGE('',*,*,#4124,.T.);
#1585=ORIENTED_EDGE('',*,*,#4125,.F.);
#1586=ORIENTED_EDGE('',*,*,#3391,.F.);
#1587=ORIENTED_EDGE('',*,*,#4126,.F.);
#1588=ORIENTED_EDGE('',*,*,#4127,.T.);
#1589=ORIENTED_EDGE('',*,*,#4128,.T.);
#1590=ORIENTED_EDGE('',*,*,#3390,.T.);
#1591=ORIENTED_EDGE('',*,*,#4129,.F.);
#1592=ORIENTED_EDGE('',*,*,#4130,.F.);
#1593=ORIENTED_EDGE('',*,*,#4126,.T.);
#1594=ORIENTED_EDGE('',*,*,#3393,.T.);
#1595=ORIENTED_EDGE('',*,*,#4131,.F.);
#1596=ORIENTED_EDGE('',*,*,#4132,.F.);
#1597=ORIENTED_EDGE('',*,*,#4129,.T.);
#1598=ORIENTED_EDGE('',*,*,#3392,.F.);
#1599=ORIENTED_EDGE('',*,*,#4128,.F.);
#1600=ORIENTED_EDGE('',*,*,#4133,.T.);
#1601=ORIENTED_EDGE('',*,*,#4131,.T.);
#1602=ORIENTED_EDGE('',*,*,#4127,.F.);
#1603=ORIENTED_EDGE('',*,*,#4130,.T.);
#1604=ORIENTED_EDGE('',*,*,#4132,.T.);
#1605=ORIENTED_EDGE('',*,*,#4133,.F.);
#1606=ORIENTED_EDGE('',*,*,#3395,.F.);
#1607=ORIENTED_EDGE('',*,*,#4134,.F.);
#1608=ORIENTED_EDGE('',*,*,#4135,.T.);
#1609=ORIENTED_EDGE('',*,*,#4136,.T.);
#1610=ORIENTED_EDGE('',*,*,#3394,.T.);
#1611=ORIENTED_EDGE('',*,*,#4137,.F.);
#1612=ORIENTED_EDGE('',*,*,#4138,.F.);
#1613=ORIENTED_EDGE('',*,*,#4134,.T.);
#1614=ORIENTED_EDGE('',*,*,#3397,.T.);
#1615=ORIENTED_EDGE('',*,*,#4139,.F.);
#1616=ORIENTED_EDGE('',*,*,#4140,.F.);
#1617=ORIENTED_EDGE('',*,*,#4137,.T.);
#1618=ORIENTED_EDGE('',*,*,#3396,.F.);
#1619=ORIENTED_EDGE('',*,*,#4136,.F.);
#1620=ORIENTED_EDGE('',*,*,#4141,.T.);
#1621=ORIENTED_EDGE('',*,*,#4139,.T.);
#1622=ORIENTED_EDGE('',*,*,#4135,.F.);
#1623=ORIENTED_EDGE('',*,*,#4138,.T.);
#1624=ORIENTED_EDGE('',*,*,#4140,.T.);
#1625=ORIENTED_EDGE('',*,*,#4141,.F.);
#1626=ORIENTED_EDGE('',*,*,#3399,.F.);
#1627=ORIENTED_EDGE('',*,*,#4142,.F.);
#1628=ORIENTED_EDGE('',*,*,#4143,.T.);
#1629=ORIENTED_EDGE('',*,*,#4144,.T.);
#1630=ORIENTED_EDGE('',*,*,#3398,.T.);
#1631=ORIENTED_EDGE('',*,*,#4145,.F.);
#1632=ORIENTED_EDGE('',*,*,#4146,.F.);
#1633=ORIENTED_EDGE('',*,*,#4142,.T.);
#1634=ORIENTED_EDGE('',*,*,#3401,.T.);
#1635=ORIENTED_EDGE('',*,*,#4147,.F.);
#1636=ORIENTED_EDGE('',*,*,#4148,.F.);
#1637=ORIENTED_EDGE('',*,*,#4145,.T.);
#1638=ORIENTED_EDGE('',*,*,#3400,.F.);
#1639=ORIENTED_EDGE('',*,*,#4144,.F.);
#1640=ORIENTED_EDGE('',*,*,#4149,.T.);
#1641=ORIENTED_EDGE('',*,*,#4147,.T.);
#1642=ORIENTED_EDGE('',*,*,#4143,.F.);
#1643=ORIENTED_EDGE('',*,*,#4146,.T.);
#1644=ORIENTED_EDGE('',*,*,#4148,.T.);
#1645=ORIENTED_EDGE('',*,*,#4149,.F.);
#1646=ORIENTED_EDGE('',*,*,#3403,.F.);
#1647=ORIENTED_EDGE('',*,*,#4150,.F.);
#1648=ORIENTED_EDGE('',*,*,#4151,.T.);
#1649=ORIENTED_EDGE('',*,*,#4152,.T.);
#1650=ORIENTED_EDGE('',*,*,#3402,.T.);
#1651=ORIENTED_EDGE('',*,*,#4153,.F.);
#1652=ORIENTED_EDGE('',*,*,#4154,.F.);
#1653=ORIENTED_EDGE('',*,*,#4150,.T.);
#1654=ORIENTED_EDGE('',*,*,#3405,.T.);
#1655=ORIENTED_EDGE('',*,*,#4155,.F.);
#1656=ORIENTED_EDGE('',*,*,#4156,.F.);
#1657=ORIENTED_EDGE('',*,*,#4153,.T.);
#1658=ORIENTED_EDGE('',*,*,#3404,.F.);
#1659=ORIENTED_EDGE('',*,*,#4152,.F.);
#1660=ORIENTED_EDGE('',*,*,#4157,.T.);
#1661=ORIENTED_EDGE('',*,*,#4155,.T.);
#1662=ORIENTED_EDGE('',*,*,#4151,.F.);
#1663=ORIENTED_EDGE('',*,*,#4154,.T.);
#1664=ORIENTED_EDGE('',*,*,#4156,.T.);
#1665=ORIENTED_EDGE('',*,*,#4157,.F.);
#1666=ORIENTED_EDGE('',*,*,#3407,.F.);
#1667=ORIENTED_EDGE('',*,*,#4158,.F.);
#1668=ORIENTED_EDGE('',*,*,#4159,.T.);
#1669=ORIENTED_EDGE('',*,*,#4160,.T.);
#1670=ORIENTED_EDGE('',*,*,#3406,.T.);
#1671=ORIENTED_EDGE('',*,*,#4161,.F.);
#1672=ORIENTED_EDGE('',*,*,#4162,.F.);
#1673=ORIENTED_EDGE('',*,*,#4158,.T.);
#1674=ORIENTED_EDGE('',*,*,#3409,.T.);
#1675=ORIENTED_EDGE('',*,*,#4163,.F.);
#1676=ORIENTED_EDGE('',*,*,#4164,.F.);
#1677=ORIENTED_EDGE('',*,*,#4161,.T.);
#1678=ORIENTED_EDGE('',*,*,#3408,.F.);
#1679=ORIENTED_EDGE('',*,*,#4160,.F.);
#1680=ORIENTED_EDGE('',*,*,#4165,.T.);
#1681=ORIENTED_EDGE('',*,*,#4163,.T.);
#1682=ORIENTED_EDGE('',*,*,#4159,.F.);
#1683=ORIENTED_EDGE('',*,*,#4162,.T.);
#1684=ORIENTED_EDGE('',*,*,#4164,.T.);
#1685=ORIENTED_EDGE('',*,*,#4165,.F.);
#1686=ORIENTED_EDGE('',*,*,#3411,.F.);
#1687=ORIENTED_EDGE('',*,*,#4166,.F.);
#1688=ORIENTED_EDGE('',*,*,#4167,.T.);
#1689=ORIENTED_EDGE('',*,*,#4168,.T.);
#1690=ORIENTED_EDGE('',*,*,#3410,.T.);
#1691=ORIENTED_EDGE('',*,*,#4169,.F.);
#1692=ORIENTED_EDGE('',*,*,#4170,.F.);
#1693=ORIENTED_EDGE('',*,*,#4166,.T.);
#1694=ORIENTED_EDGE('',*,*,#3413,.T.);
#1695=ORIENTED_EDGE('',*,*,#4171,.F.);
#1696=ORIENTED_EDGE('',*,*,#4172,.F.);
#1697=ORIENTED_EDGE('',*,*,#4169,.T.);
#1698=ORIENTED_EDGE('',*,*,#3412,.F.);
#1699=ORIENTED_EDGE('',*,*,#4168,.F.);
#1700=ORIENTED_EDGE('',*,*,#4173,.T.);
#1701=ORIENTED_EDGE('',*,*,#4171,.T.);
#1702=ORIENTED_EDGE('',*,*,#4167,.F.);
#1703=ORIENTED_EDGE('',*,*,#4170,.T.);
#1704=ORIENTED_EDGE('',*,*,#4172,.T.);
#1705=ORIENTED_EDGE('',*,*,#4173,.F.);
#1706=ORIENTED_EDGE('',*,*,#3415,.F.);
#1707=ORIENTED_EDGE('',*,*,#4174,.F.);
#1708=ORIENTED_EDGE('',*,*,#4175,.T.);
#1709=ORIENTED_EDGE('',*,*,#4176,.T.);
#1710=ORIENTED_EDGE('',*,*,#3414,.T.);
#1711=ORIENTED_EDGE('',*,*,#4177,.F.);
#1712=ORIENTED_EDGE('',*,*,#4178,.F.);
#1713=ORIENTED_EDGE('',*,*,#4174,.T.);
#1714=ORIENTED_EDGE('',*,*,#3417,.T.);
#1715=ORIENTED_EDGE('',*,*,#4179,.F.);
#1716=ORIENTED_EDGE('',*,*,#4180,.F.);
#1717=ORIENTED_EDGE('',*,*,#4177,.T.);
#1718=ORIENTED_EDGE('',*,*,#3416,.F.);
#1719=ORIENTED_EDGE('',*,*,#4176,.F.);
#1720=ORIENTED_EDGE('',*,*,#4181,.T.);
#1721=ORIENTED_EDGE('',*,*,#4179,.T.);
#1722=ORIENTED_EDGE('',*,*,#4175,.F.);
#1723=ORIENTED_EDGE('',*,*,#4178,.T.);
#1724=ORIENTED_EDGE('',*,*,#4180,.T.);
#1725=ORIENTED_EDGE('',*,*,#4181,.F.);
#1726=ORIENTED_EDGE('',*,*,#3419,.F.);
#1727=ORIENTED_EDGE('',*,*,#4182,.F.);
#1728=ORIENTED_EDGE('',*,*,#4183,.T.);
#1729=ORIENTED_EDGE('',*,*,#4184,.T.);
#1730=ORIENTED_EDGE('',*,*,#3418,.T.);
#1731=ORIENTED_EDGE('',*,*,#4185,.F.);
#1732=ORIENTED_EDGE('',*,*,#4186,.F.);
#1733=ORIENTED_EDGE('',*,*,#4182,.T.);
#1734=ORIENTED_EDGE('',*,*,#3421,.T.);
#1735=ORIENTED_EDGE('',*,*,#4187,.F.);
#1736=ORIENTED_EDGE('',*,*,#4188,.F.);
#1737=ORIENTED_EDGE('',*,*,#4185,.T.);
#1738=ORIENTED_EDGE('',*,*,#3420,.F.);
#1739=ORIENTED_EDGE('',*,*,#4184,.F.);
#1740=ORIENTED_EDGE('',*,*,#4189,.T.);
#1741=ORIENTED_EDGE('',*,*,#4187,.T.);
#1742=ORIENTED_EDGE('',*,*,#4183,.F.);
#1743=ORIENTED_EDGE('',*,*,#4186,.T.);
#1744=ORIENTED_EDGE('',*,*,#4188,.T.);
#1745=ORIENTED_EDGE('',*,*,#4189,.F.);
#1746=ORIENTED_EDGE('',*,*,#3423,.F.);
#1747=ORIENTED_EDGE('',*,*,#4190,.F.);
#1748=ORIENTED_EDGE('',*,*,#4191,.T.);
#1749=ORIENTED_EDGE('',*,*,#4192,.T.);
#1750=ORIENTED_EDGE('',*,*,#3422,.T.);
#1751=ORIENTED_EDGE('',*,*,#4193,.F.);
#1752=ORIENTED_EDGE('',*,*,#4194,.F.);
#1753=ORIENTED_EDGE('',*,*,#4190,.T.);
#1754=ORIENTED_EDGE('',*,*,#3425,.T.);
#1755=ORIENTED_EDGE('',*,*,#4195,.F.);
#1756=ORIENTED_EDGE('',*,*,#4196,.F.);
#1757=ORIENTED_EDGE('',*,*,#4193,.T.);
#1758=ORIENTED_EDGE('',*,*,#3424,.F.);
#1759=ORIENTED_EDGE('',*,*,#4192,.F.);
#1760=ORIENTED_EDGE('',*,*,#4197,.T.);
#1761=ORIENTED_EDGE('',*,*,#4195,.T.);
#1762=ORIENTED_EDGE('',*,*,#4191,.F.);
#1763=ORIENTED_EDGE('',*,*,#4194,.T.);
#1764=ORIENTED_EDGE('',*,*,#4196,.T.);
#1765=ORIENTED_EDGE('',*,*,#4197,.F.);
#1766=ORIENTED_EDGE('',*,*,#3427,.F.);
#1767=ORIENTED_EDGE('',*,*,#4198,.F.);
#1768=ORIENTED_EDGE('',*,*,#4199,.T.);
#1769=ORIENTED_EDGE('',*,*,#4200,.T.);
#1770=ORIENTED_EDGE('',*,*,#3426,.T.);
#1771=ORIENTED_EDGE('',*,*,#4201,.F.);
#1772=ORIENTED_EDGE('',*,*,#4202,.F.);
#1773=ORIENTED_EDGE('',*,*,#4198,.T.);
#1774=ORIENTED_EDGE('',*,*,#3429,.T.);
#1775=ORIENTED_EDGE('',*,*,#4203,.F.);
#1776=ORIENTED_EDGE('',*,*,#4204,.F.);
#1777=ORIENTED_EDGE('',*,*,#4201,.T.);
#1778=ORIENTED_EDGE('',*,*,#3428,.F.);
#1779=ORIENTED_EDGE('',*,*,#4200,.F.);
#1780=ORIENTED_EDGE('',*,*,#4205,.T.);
#1781=ORIENTED_EDGE('',*,*,#4203,.T.);
#1782=ORIENTED_EDGE('',*,*,#4199,.F.);
#1783=ORIENTED_EDGE('',*,*,#4202,.T.);
#1784=ORIENTED_EDGE('',*,*,#4204,.T.);
#1785=ORIENTED_EDGE('',*,*,#4205,.F.);
#1786=ORIENTED_EDGE('',*,*,#3431,.F.);
#1787=ORIENTED_EDGE('',*,*,#4206,.F.);
#1788=ORIENTED_EDGE('',*,*,#4207,.T.);
#1789=ORIENTED_EDGE('',*,*,#4208,.T.);
#1790=ORIENTED_EDGE('',*,*,#3430,.T.);
#1791=ORIENTED_EDGE('',*,*,#4209,.F.);
#1792=ORIENTED_EDGE('',*,*,#4210,.F.);
#1793=ORIENTED_EDGE('',*,*,#4206,.T.);
#1794=ORIENTED_EDGE('',*,*,#3433,.T.);
#1795=ORIENTED_EDGE('',*,*,#4211,.F.);
#1796=ORIENTED_EDGE('',*,*,#4212,.F.);
#1797=ORIENTED_EDGE('',*,*,#4209,.T.);
#1798=ORIENTED_EDGE('',*,*,#3432,.F.);
#1799=ORIENTED_EDGE('',*,*,#4208,.F.);
#1800=ORIENTED_EDGE('',*,*,#4213,.T.);
#1801=ORIENTED_EDGE('',*,*,#4211,.T.);
#1802=ORIENTED_EDGE('',*,*,#4207,.F.);
#1803=ORIENTED_EDGE('',*,*,#4210,.T.);
#1804=ORIENTED_EDGE('',*,*,#4212,.T.);
#1805=ORIENTED_EDGE('',*,*,#4213,.F.);
#1806=ORIENTED_EDGE('',*,*,#3435,.F.);
#1807=ORIENTED_EDGE('',*,*,#4214,.F.);
#1808=ORIENTED_EDGE('',*,*,#4215,.T.);
#1809=ORIENTED_EDGE('',*,*,#4216,.T.);
#1810=ORIENTED_EDGE('',*,*,#3434,.T.);
#1811=ORIENTED_EDGE('',*,*,#4217,.F.);
#1812=ORIENTED_EDGE('',*,*,#4218,.F.);
#1813=ORIENTED_EDGE('',*,*,#4214,.T.);
#1814=ORIENTED_EDGE('',*,*,#3437,.T.);
#1815=ORIENTED_EDGE('',*,*,#4219,.F.);
#1816=ORIENTED_EDGE('',*,*,#4220,.F.);
#1817=ORIENTED_EDGE('',*,*,#4217,.T.);
#1818=ORIENTED_EDGE('',*,*,#3436,.F.);
#1819=ORIENTED_EDGE('',*,*,#4216,.F.);
#1820=ORIENTED_EDGE('',*,*,#4221,.T.);
#1821=ORIENTED_EDGE('',*,*,#4219,.T.);
#1822=ORIENTED_EDGE('',*,*,#4215,.F.);
#1823=ORIENTED_EDGE('',*,*,#4218,.T.);
#1824=ORIENTED_EDGE('',*,*,#4220,.T.);
#1825=ORIENTED_EDGE('',*,*,#4221,.F.);
#1826=ORIENTED_EDGE('',*,*,#3439,.F.);
#1827=ORIENTED_EDGE('',*,*,#4222,.F.);
#1828=ORIENTED_EDGE('',*,*,#4223,.T.);
#1829=ORIENTED_EDGE('',*,*,#4224,.T.);
#1830=ORIENTED_EDGE('',*,*,#3438,.T.);
#1831=ORIENTED_EDGE('',*,*,#4225,.F.);
#1832=ORIENTED_EDGE('',*,*,#4226,.F.);
#1833=ORIENTED_EDGE('',*,*,#4222,.T.);
#1834=ORIENTED_EDGE('',*,*,#3441,.T.);
#1835=ORIENTED_EDGE('',*,*,#4227,.F.);
#1836=ORIENTED_EDGE('',*,*,#4228,.F.);
#1837=ORIENTED_EDGE('',*,*,#4225,.T.);
#1838=ORIENTED_EDGE('',*,*,#3440,.F.);
#1839=ORIENTED_EDGE('',*,*,#4224,.F.);
#1840=ORIENTED_EDGE('',*,*,#4229,.T.);
#1841=ORIENTED_EDGE('',*,*,#4227,.T.);
#1842=ORIENTED_EDGE('',*,*,#4223,.F.);
#1843=ORIENTED_EDGE('',*,*,#4226,.T.);
#1844=ORIENTED_EDGE('',*,*,#4228,.T.);
#1845=ORIENTED_EDGE('',*,*,#4229,.F.);
#1846=ORIENTED_EDGE('',*,*,#3443,.F.);
#1847=ORIENTED_EDGE('',*,*,#4230,.F.);
#1848=ORIENTED_EDGE('',*,*,#4231,.T.);
#1849=ORIENTED_EDGE('',*,*,#4232,.T.);
#1850=ORIENTED_EDGE('',*,*,#3442,.T.);
#1851=ORIENTED_EDGE('',*,*,#4233,.F.);
#1852=ORIENTED_EDGE('',*,*,#4234,.F.);
#1853=ORIENTED_EDGE('',*,*,#4230,.T.);
#1854=ORIENTED_EDGE('',*,*,#3445,.T.);
#1855=ORIENTED_EDGE('',*,*,#4235,.F.);
#1856=ORIENTED_EDGE('',*,*,#4236,.F.);
#1857=ORIENTED_EDGE('',*,*,#4233,.T.);
#1858=ORIENTED_EDGE('',*,*,#3444,.F.);
#1859=ORIENTED_EDGE('',*,*,#4232,.F.);
#1860=ORIENTED_EDGE('',*,*,#4237,.T.);
#1861=ORIENTED_EDGE('',*,*,#4235,.T.);
#1862=ORIENTED_EDGE('',*,*,#4231,.F.);
#1863=ORIENTED_EDGE('',*,*,#4234,.T.);
#1864=ORIENTED_EDGE('',*,*,#4236,.T.);
#1865=ORIENTED_EDGE('',*,*,#4237,.F.);
#1866=ORIENTED_EDGE('',*,*,#3447,.F.);
#1867=ORIENTED_EDGE('',*,*,#4238,.F.);
#1868=ORIENTED_EDGE('',*,*,#4239,.T.);
#1869=ORIENTED_EDGE('',*,*,#4240,.T.);
#1870=ORIENTED_EDGE('',*,*,#3446,.T.);
#1871=ORIENTED_EDGE('',*,*,#4241,.F.);
#1872=ORIENTED_EDGE('',*,*,#4242,.F.);
#1873=ORIENTED_EDGE('',*,*,#4238,.T.);
#1874=ORIENTED_EDGE('',*,*,#3449,.T.);
#1875=ORIENTED_EDGE('',*,*,#4243,.F.);
#1876=ORIENTED_EDGE('',*,*,#4244,.F.);
#1877=ORIENTED_EDGE('',*,*,#4241,.T.);
#1878=ORIENTED_EDGE('',*,*,#3448,.F.);
#1879=ORIENTED_EDGE('',*,*,#4240,.F.);
#1880=ORIENTED_EDGE('',*,*,#4245,.T.);
#1881=ORIENTED_EDGE('',*,*,#4243,.T.);
#1882=ORIENTED_EDGE('',*,*,#4239,.F.);
#1883=ORIENTED_EDGE('',*,*,#4242,.T.);
#1884=ORIENTED_EDGE('',*,*,#4244,.T.);
#1885=ORIENTED_EDGE('',*,*,#4245,.F.);
#1886=ORIENTED_EDGE('',*,*,#3451,.F.);
#1887=ORIENTED_EDGE('',*,*,#4246,.F.);
#1888=ORIENTED_EDGE('',*,*,#4247,.T.);
#1889=ORIENTED_EDGE('',*,*,#4248,.T.);
#1890=ORIENTED_EDGE('',*,*,#3450,.T.);
#1891=ORIENTED_EDGE('',*,*,#4249,.F.);
#1892=ORIENTED_EDGE('',*,*,#4250,.F.);
#1893=ORIENTED_EDGE('',*,*,#4246,.T.);
#1894=ORIENTED_EDGE('',*,*,#3453,.T.);
#1895=ORIENTED_EDGE('',*,*,#4251,.F.);
#1896=ORIENTED_EDGE('',*,*,#4252,.F.);
#1897=ORIENTED_EDGE('',*,*,#4249,.T.);
#1898=ORIENTED_EDGE('',*,*,#3452,.F.);
#1899=ORIENTED_EDGE('',*,*,#4248,.F.);
#1900=ORIENTED_EDGE('',*,*,#4253,.T.);
#1901=ORIENTED_EDGE('',*,*,#4251,.T.);
#1902=ORIENTED_EDGE('',*,*,#4247,.F.);
#1903=ORIENTED_EDGE('',*,*,#4250,.T.);
#1904=ORIENTED_EDGE('',*,*,#4252,.T.);
#1905=ORIENTED_EDGE('',*,*,#4253,.F.);
#1906=ORIENTED_EDGE('',*,*,#3455,.F.);
#1907=ORIENTED_EDGE('',*,*,#4254,.F.);
#1908=ORIENTED_EDGE('',*,*,#4255,.T.);
#1909=ORIENTED_EDGE('',*,*,#4256,.T.);
#1910=ORIENTED_EDGE('',*,*,#3454,.T.);
#1911=ORIENTED_EDGE('',*,*,#4257,.F.);
#1912=ORIENTED_EDGE('',*,*,#4258,.F.);
#1913=ORIENTED_EDGE('',*,*,#4254,.T.);
#1914=ORIENTED_EDGE('',*,*,#3457,.T.);
#1915=ORIENTED_EDGE('',*,*,#4259,.F.);
#1916=ORIENTED_EDGE('',*,*,#4260,.F.);
#1917=ORIENTED_EDGE('',*,*,#4257,.T.);
#1918=ORIENTED_EDGE('',*,*,#3456,.F.);
#1919=ORIENTED_EDGE('',*,*,#4256,.F.);
#1920=ORIENTED_EDGE('',*,*,#4261,.T.);
#1921=ORIENTED_EDGE('',*,*,#4259,.T.);
#1922=ORIENTED_EDGE('',*,*,#4255,.F.);
#1923=ORIENTED_EDGE('',*,*,#4258,.T.);
#1924=ORIENTED_EDGE('',*,*,#4260,.T.);
#1925=ORIENTED_EDGE('',*,*,#4261,.F.);
#1926=ORIENTED_EDGE('',*,*,#3459,.F.);
#1927=ORIENTED_EDGE('',*,*,#4262,.F.);
#1928=ORIENTED_EDGE('',*,*,#4263,.T.);
#1929=ORIENTED_EDGE('',*,*,#4264,.T.);
#1930=ORIENTED_EDGE('',*,*,#3458,.T.);
#1931=ORIENTED_EDGE('',*,*,#4265,.F.);
#1932=ORIENTED_EDGE('',*,*,#4266,.F.);
#1933=ORIENTED_EDGE('',*,*,#4262,.T.);
#1934=ORIENTED_EDGE('',*,*,#3461,.T.);
#1935=ORIENTED_EDGE('',*,*,#4267,.F.);
#1936=ORIENTED_EDGE('',*,*,#4268,.F.);
#1937=ORIENTED_EDGE('',*,*,#4265,.T.);
#1938=ORIENTED_EDGE('',*,*,#3460,.F.);
#1939=ORIENTED_EDGE('',*,*,#4264,.F.);
#1940=ORIENTED_EDGE('',*,*,#4269,.T.);
#1941=ORIENTED_EDGE('',*,*,#4267,.T.);
#1942=ORIENTED_EDGE('',*,*,#4263,.F.);
#1943=ORIENTED_EDGE('',*,*,#4266,.T.);
#1944=ORIENTED_EDGE('',*,*,#4268,.T.);
#1945=ORIENTED_EDGE('',*,*,#4269,.F.);
#1946=ORIENTED_EDGE('',*,*,#3463,.F.);
#1947=ORIENTED_EDGE('',*,*,#4270,.F.);
#1948=ORIENTED_EDGE('',*,*,#4271,.T.);
#1949=ORIENTED_EDGE('',*,*,#4272,.T.);
#1950=ORIENTED_EDGE('',*,*,#3462,.T.);
#1951=ORIENTED_EDGE('',*,*,#4273,.F.);
#1952=ORIENTED_EDGE('',*,*,#4274,.F.);
#1953=ORIENTED_EDGE('',*,*,#4270,.T.);
#1954=ORIENTED_EDGE('',*,*,#3465,.T.);
#1955=ORIENTED_EDGE('',*,*,#4275,.F.);
#1956=ORIENTED_EDGE('',*,*,#4276,.F.);
#1957=ORIENTED_EDGE('',*,*,#4273,.T.);
#1958=ORIENTED_EDGE('',*,*,#3464,.F.);
#1959=ORIENTED_EDGE('',*,*,#4272,.F.);
#1960=ORIENTED_EDGE('',*,*,#4277,.T.);
#1961=ORIENTED_EDGE('',*,*,#4275,.T.);
#1962=ORIENTED_EDGE('',*,*,#4271,.F.);
#1963=ORIENTED_EDGE('',*,*,#4274,.T.);
#1964=ORIENTED_EDGE('',*,*,#4276,.T.);
#1965=ORIENTED_EDGE('',*,*,#4277,.F.);
#1966=ORIENTED_EDGE('',*,*,#3467,.F.);
#1967=ORIENTED_EDGE('',*,*,#4278,.F.);
#1968=ORIENTED_EDGE('',*,*,#4279,.T.);
#1969=ORIENTED_EDGE('',*,*,#4280,.T.);
#1970=ORIENTED_EDGE('',*,*,#3466,.T.);
#1971=ORIENTED_EDGE('',*,*,#4281,.F.);
#1972=ORIENTED_EDGE('',*,*,#4282,.F.);
#1973=ORIENTED_EDGE('',*,*,#4278,.T.);
#1974=ORIENTED_EDGE('',*,*,#3469,.T.);
#1975=ORIENTED_EDGE('',*,*,#4283,.F.);
#1976=ORIENTED_EDGE('',*,*,#4284,.F.);
#1977=ORIENTED_EDGE('',*,*,#4281,.T.);
#1978=ORIENTED_EDGE('',*,*,#3468,.F.);
#1979=ORIENTED_EDGE('',*,*,#4280,.F.);
#1980=ORIENTED_EDGE('',*,*,#4285,.T.);
#1981=ORIENTED_EDGE('',*,*,#4283,.T.);
#1982=ORIENTED_EDGE('',*,*,#4279,.F.);
#1983=ORIENTED_EDGE('',*,*,#4282,.T.);
#1984=ORIENTED_EDGE('',*,*,#4284,.T.);
#1985=ORIENTED_EDGE('',*,*,#4285,.F.);
#1986=ORIENTED_EDGE('',*,*,#3471,.F.);
#1987=ORIENTED_EDGE('',*,*,#4286,.F.);
#1988=ORIENTED_EDGE('',*,*,#4287,.T.);
#1989=ORIENTED_EDGE('',*,*,#4288,.T.);
#1990=ORIENTED_EDGE('',*,*,#3470,.T.);
#1991=ORIENTED_EDGE('',*,*,#4289,.F.);
#1992=ORIENTED_EDGE('',*,*,#4290,.F.);
#1993=ORIENTED_EDGE('',*,*,#4286,.T.);
#1994=ORIENTED_EDGE('',*,*,#3473,.T.);
#1995=ORIENTED_EDGE('',*,*,#4291,.F.);
#1996=ORIENTED_EDGE('',*,*,#4292,.F.);
#1997=ORIENTED_EDGE('',*,*,#4289,.T.);
#1998=ORIENTED_EDGE('',*,*,#3472,.F.);
#1999=ORIENTED_EDGE('',*,*,#4288,.F.);
#2000=ORIENTED_EDGE('',*,*,#4293,.T.);
#2001=ORIENTED_EDGE('',*,*,#4291,.T.);
#2002=ORIENTED_EDGE('',*,*,#4287,.F.);
#2003=ORIENTED_EDGE('',*,*,#4290,.T.);
#2004=ORIENTED_EDGE('',*,*,#4292,.T.);
#2005=ORIENTED_EDGE('',*,*,#4293,.F.);
#2006=ORIENTED_EDGE('',*,*,#3475,.F.);
#2007=ORIENTED_EDGE('',*,*,#4294,.F.);
#2008=ORIENTED_EDGE('',*,*,#4295,.T.);
#2009=ORIENTED_EDGE('',*,*,#4296,.T.);
#2010=ORIENTED_EDGE('',*,*,#3474,.T.);
#2011=ORIENTED_EDGE('',*,*,#4297,.F.);
#2012=ORIENTED_EDGE('',*,*,#4298,.F.);
#2013=ORIENTED_EDGE('',*,*,#4294,.T.);
#2014=ORIENTED_EDGE('',*,*,#3477,.T.);
#2015=ORIENTED_EDGE('',*,*,#4299,.F.);
#2016=ORIENTED_EDGE('',*,*,#4300,.F.);
#2017=ORIENTED_EDGE('',*,*,#4297,.T.);
#2018=ORIENTED_EDGE('',*,*,#3476,.F.);
#2019=ORIENTED_EDGE('',*,*,#4296,.F.);
#2020=ORIENTED_EDGE('',*,*,#4301,.T.);
#2021=ORIENTED_EDGE('',*,*,#4299,.T.);
#2022=ORIENTED_EDGE('',*,*,#4295,.F.);
#2023=ORIENTED_EDGE('',*,*,#4298,.T.);
#2024=ORIENTED_EDGE('',*,*,#4300,.T.);
#2025=ORIENTED_EDGE('',*,*,#4301,.F.);
#2026=ORIENTED_EDGE('',*,*,#3479,.F.);
#2027=ORIENTED_EDGE('',*,*,#4302,.F.);
#2028=ORIENTED_EDGE('',*,*,#4303,.T.);
#2029=ORIENTED_EDGE('',*,*,#4304,.T.);
#2030=ORIENTED_EDGE('',*,*,#3478,.T.);
#2031=ORIENTED_EDGE('',*,*,#4305,.F.);
#2032=ORIENTED_EDGE('',*,*,#4306,.F.);
#2033=ORIENTED_EDGE('',*,*,#4302,.T.);
#2034=ORIENTED_EDGE('',*,*,#3481,.T.);
#2035=ORIENTED_EDGE('',*,*,#4307,.F.);
#2036=ORIENTED_EDGE('',*,*,#4308,.F.);
#2037=ORIENTED_EDGE('',*,*,#4305,.T.);
#2038=ORIENTED_EDGE('',*,*,#3480,.F.);
#2039=ORIENTED_EDGE('',*,*,#4304,.F.);
#2040=ORIENTED_EDGE('',*,*,#4309,.T.);
#2041=ORIENTED_EDGE('',*,*,#4307,.T.);
#2042=ORIENTED_EDGE('',*,*,#4303,.F.);
#2043=ORIENTED_EDGE('',*,*,#4306,.T.);
#2044=ORIENTED_EDGE('',*,*,#4308,.T.);
#2045=ORIENTED_EDGE('',*,*,#4309,.F.);
#2046=ORIENTED_EDGE('',*,*,#3483,.F.);
#2047=ORIENTED_EDGE('',*,*,#4310,.F.);
#2048=ORIENTED_EDGE('',*,*,#4311,.T.);
#2049=ORIENTED_EDGE('',*,*,#4312,.T.);
#2050=ORIENTED_EDGE('',*,*,#3482,.T.);
#2051=ORIENTED_EDGE('',*,*,#4313,.F.);
#2052=ORIENTED_EDGE('',*,*,#4314,.F.);
#2053=ORIENTED_EDGE('',*,*,#4310,.T.);
#2054=ORIENTED_EDGE('',*,*,#3485,.T.);
#2055=ORIENTED_EDGE('',*,*,#4315,.F.);
#2056=ORIENTED_EDGE('',*,*,#4316,.F.);
#2057=ORIENTED_EDGE('',*,*,#4313,.T.);
#2058=ORIENTED_EDGE('',*,*,#3484,.F.);
#2059=ORIENTED_EDGE('',*,*,#4312,.F.);
#2060=ORIENTED_EDGE('',*,*,#4317,.T.);
#2061=ORIENTED_EDGE('',*,*,#4315,.T.);
#2062=ORIENTED_EDGE('',*,*,#4311,.F.);
#2063=ORIENTED_EDGE('',*,*,#4314,.T.);
#2064=ORIENTED_EDGE('',*,*,#4316,.T.);
#2065=ORIENTED_EDGE('',*,*,#4317,.F.);
#2066=ORIENTED_EDGE('',*,*,#3487,.F.);
#2067=ORIENTED_EDGE('',*,*,#4318,.F.);
#2068=ORIENTED_EDGE('',*,*,#4319,.T.);
#2069=ORIENTED_EDGE('',*,*,#4320,.T.);
#2070=ORIENTED_EDGE('',*,*,#3486,.T.);
#2071=ORIENTED_EDGE('',*,*,#4321,.F.);
#2072=ORIENTED_EDGE('',*,*,#4322,.F.);
#2073=ORIENTED_EDGE('',*,*,#4318,.T.);
#2074=ORIENTED_EDGE('',*,*,#3489,.T.);
#2075=ORIENTED_EDGE('',*,*,#4323,.F.);
#2076=ORIENTED_EDGE('',*,*,#4324,.F.);
#2077=ORIENTED_EDGE('',*,*,#4321,.T.);
#2078=ORIENTED_EDGE('',*,*,#3488,.F.);
#2079=ORIENTED_EDGE('',*,*,#4320,.F.);
#2080=ORIENTED_EDGE('',*,*,#4325,.T.);
#2081=ORIENTED_EDGE('',*,*,#4323,.T.);
#2082=ORIENTED_EDGE('',*,*,#4319,.F.);
#2083=ORIENTED_EDGE('',*,*,#4322,.T.);
#2084=ORIENTED_EDGE('',*,*,#4324,.T.);
#2085=ORIENTED_EDGE('',*,*,#4325,.F.);
#2086=ORIENTED_EDGE('',*,*,#3491,.F.);
#2087=ORIENTED_EDGE('',*,*,#4326,.F.);
#2088=ORIENTED_EDGE('',*,*,#4327,.T.);
#2089=ORIENTED_EDGE('',*,*,#4328,.T.);
#2090=ORIENTED_EDGE('',*,*,#3490,.T.);
#2091=ORIENTED_EDGE('',*,*,#4329,.F.);
#2092=ORIENTED_EDGE('',*,*,#4330,.F.);
#2093=ORIENTED_EDGE('',*,*,#4326,.T.);
#2094=ORIENTED_EDGE('',*,*,#3493,.T.);
#2095=ORIENTED_EDGE('',*,*,#4331,.F.);
#2096=ORIENTED_EDGE('',*,*,#4332,.F.);
#2097=ORIENTED_EDGE('',*,*,#4329,.T.);
#2098=ORIENTED_EDGE('',*,*,#3492,.F.);
#2099=ORIENTED_EDGE('',*,*,#4328,.F.);
#2100=ORIENTED_EDGE('',*,*,#4333,.T.);
#2101=ORIENTED_EDGE('',*,*,#4331,.T.);
#2102=ORIENTED_EDGE('',*,*,#4327,.F.);
#2103=ORIENTED_EDGE('',*,*,#4330,.T.);
#2104=ORIENTED_EDGE('',*,*,#4332,.T.);
#2105=ORIENTED_EDGE('',*,*,#4333,.F.);
#2106=ORIENTED_EDGE('',*,*,#3495,.F.);
#2107=ORIENTED_EDGE('',*,*,#4334,.F.);
#2108=ORIENTED_EDGE('',*,*,#4335,.T.);
#2109=ORIENTED_EDGE('',*,*,#4336,.T.);
#2110=ORIENTED_EDGE('',*,*,#3494,.T.);
#2111=ORIENTED_EDGE('',*,*,#4337,.F.);
#2112=ORIENTED_EDGE('',*,*,#4338,.F.);
#2113=ORIENTED_EDGE('',*,*,#4334,.T.);
#2114=ORIENTED_EDGE('',*,*,#3497,.T.);
#2115=ORIENTED_EDGE('',*,*,#4339,.F.);
#2116=ORIENTED_EDGE('',*,*,#4340,.F.);
#2117=ORIENTED_EDGE('',*,*,#4337,.T.);
#2118=ORIENTED_EDGE('',*,*,#3496,.F.);
#2119=ORIENTED_EDGE('',*,*,#4336,.F.);
#2120=ORIENTED_EDGE('',*,*,#4341,.T.);
#2121=ORIENTED_EDGE('',*,*,#4339,.T.);
#2122=ORIENTED_EDGE('',*,*,#4335,.F.);
#2123=ORIENTED_EDGE('',*,*,#4338,.T.);
#2124=ORIENTED_EDGE('',*,*,#4340,.T.);
#2125=ORIENTED_EDGE('',*,*,#4341,.F.);
#2126=ORIENTED_EDGE('',*,*,#3499,.F.);
#2127=ORIENTED_EDGE('',*,*,#4342,.F.);
#2128=ORIENTED_EDGE('',*,*,#4343,.T.);
#2129=ORIENTED_EDGE('',*,*,#4344,.T.);
#2130=ORIENTED_EDGE('',*,*,#3498,.T.);
#2131=ORIENTED_EDGE('',*,*,#4345,.F.);
#2132=ORIENTED_EDGE('',*,*,#4346,.F.);
#2133=ORIENTED_EDGE('',*,*,#4342,.T.);
#2134=ORIENTED_EDGE('',*,*,#3501,.T.);
#2135=ORIENTED_EDGE('',*,*,#4347,.F.);
#2136=ORIENTED_EDGE('',*,*,#4348,.F.);
#2137=ORIENTED_EDGE('',*,*,#4345,.T.);
#2138=ORIENTED_EDGE('',*,*,#3500,.F.);
#2139=ORIENTED_EDGE('',*,*,#4344,.F.);
#2140=ORIENTED_EDGE('',*,*,#4349,.T.);
#2141=ORIENTED_EDGE('',*,*,#4347,.T.);
#2142=ORIENTED_EDGE('',*,*,#4343,.F.);
#2143=ORIENTED_EDGE('',*,*,#4346,.T.);
#2144=ORIENTED_EDGE('',*,*,#4348,.T.);
#2145=ORIENTED_EDGE('',*,*,#4349,.F.);
#2146=ORIENTED_EDGE('',*,*,#3503,.F.);
#2147=ORIENTED_EDGE('',*,*,#4350,.F.);
#2148=ORIENTED_EDGE('',*,*,#4351,.T.);
#2149=ORIENTED_EDGE('',*,*,#4352,.T.);
#2150=ORIENTED_EDGE('',*,*,#3502,.T.);
#2151=ORIENTED_EDGE('',*,*,#4353,.F.);
#2152=ORIENTED_EDGE('',*,*,#4354,.F.);
#2153=ORIENTED_EDGE('',*,*,#4350,.T.);
#2154=ORIENTED_EDGE('',*,*,#3505,.T.);
#2155=ORIENTED_EDGE('',*,*,#4355,.F.);
#2156=ORIENTED_EDGE('',*,*,#4356,.F.);
#2157=ORIENTED_EDGE('',*,*,#4353,.T.);
#2158=ORIENTED_EDGE('',*,*,#3504,.F.);
#2159=ORIENTED_EDGE('',*,*,#4352,.F.);
#2160=ORIENTED_EDGE('',*,*,#4357,.T.);
#2161=ORIENTED_EDGE('',*,*,#4355,.T.);
#2162=ORIENTED_EDGE('',*,*,#4351,.F.);
#2163=ORIENTED_EDGE('',*,*,#4354,.T.);
#2164=ORIENTED_EDGE('',*,*,#4356,.T.);
#2165=ORIENTED_EDGE('',*,*,#4357,.F.);
#2166=ORIENTED_EDGE('',*,*,#3507,.F.);
#2167=ORIENTED_EDGE('',*,*,#4358,.F.);
#2168=ORIENTED_EDGE('',*,*,#4359,.T.);
#2169=ORIENTED_EDGE('',*,*,#4360,.T.);
#2170=ORIENTED_EDGE('',*,*,#3506,.T.);
#2171=ORIENTED_EDGE('',*,*,#4361,.F.);
#2172=ORIENTED_EDGE('',*,*,#4362,.F.);
#2173=ORIENTED_EDGE('',*,*,#4358,.T.);
#2174=ORIENTED_EDGE('',*,*,#3509,.T.);
#2175=ORIENTED_EDGE('',*,*,#4363,.F.);
#2176=ORIENTED_EDGE('',*,*,#4364,.F.);
#2177=ORIENTED_EDGE('',*,*,#4361,.T.);
#2178=ORIENTED_EDGE('',*,*,#3508,.F.);
#2179=ORIENTED_EDGE('',*,*,#4360,.F.);
#2180=ORIENTED_EDGE('',*,*,#4365,.T.);
#2181=ORIENTED_EDGE('',*,*,#4363,.T.);
#2182=ORIENTED_EDGE('',*,*,#4359,.F.);
#2183=ORIENTED_EDGE('',*,*,#4362,.T.);
#2184=ORIENTED_EDGE('',*,*,#4364,.T.);
#2185=ORIENTED_EDGE('',*,*,#4365,.F.);
#2186=ORIENTED_EDGE('',*,*,#3511,.F.);
#2187=ORIENTED_EDGE('',*,*,#4366,.F.);
#2188=ORIENTED_EDGE('',*,*,#4367,.T.);
#2189=ORIENTED_EDGE('',*,*,#4368,.T.);
#2190=ORIENTED_EDGE('',*,*,#3510,.T.);
#2191=ORIENTED_EDGE('',*,*,#4369,.F.);
#2192=ORIENTED_EDGE('',*,*,#4370,.F.);
#2193=ORIENTED_EDGE('',*,*,#4366,.T.);
#2194=ORIENTED_EDGE('',*,*,#3513,.T.);
#2195=ORIENTED_EDGE('',*,*,#4371,.F.);
#2196=ORIENTED_EDGE('',*,*,#4372,.F.);
#2197=ORIENTED_EDGE('',*,*,#4369,.T.);
#2198=ORIENTED_EDGE('',*,*,#3512,.F.);
#2199=ORIENTED_EDGE('',*,*,#4368,.F.);
#2200=ORIENTED_EDGE('',*,*,#4373,.T.);
#2201=ORIENTED_EDGE('',*,*,#4371,.T.);
#2202=ORIENTED_EDGE('',*,*,#4367,.F.);
#2203=ORIENTED_EDGE('',*,*,#4370,.T.);
#2204=ORIENTED_EDGE('',*,*,#4372,.T.);
#2205=ORIENTED_EDGE('',*,*,#4373,.F.);
#2206=ORIENTED_EDGE('',*,*,#3515,.F.);
#2207=ORIENTED_EDGE('',*,*,#4374,.F.);
#2208=ORIENTED_EDGE('',*,*,#4375,.T.);
#2209=ORIENTED_EDGE('',*,*,#4376,.T.);
#2210=ORIENTED_EDGE('',*,*,#3514,.T.);
#2211=ORIENTED_EDGE('',*,*,#4377,.F.);
#2212=ORIENTED_EDGE('',*,*,#4378,.F.);
#2213=ORIENTED_EDGE('',*,*,#4374,.T.);
#2214=ORIENTED_EDGE('',*,*,#3517,.T.);
#2215=ORIENTED_EDGE('',*,*,#4379,.F.);
#2216=ORIENTED_EDGE('',*,*,#4380,.F.);
#2217=ORIENTED_EDGE('',*,*,#4377,.T.);
#2218=ORIENTED_EDGE('',*,*,#3516,.F.);
#2219=ORIENTED_EDGE('',*,*,#4376,.F.);
#2220=ORIENTED_EDGE('',*,*,#4381,.T.);
#2221=ORIENTED_EDGE('',*,*,#4379,.T.);
#2222=ORIENTED_EDGE('',*,*,#4375,.F.);
#2223=ORIENTED_EDGE('',*,*,#4378,.T.);
#2224=ORIENTED_EDGE('',*,*,#4380,.T.);
#2225=ORIENTED_EDGE('',*,*,#4381,.F.);
#2226=ORIENTED_EDGE('',*,*,#3519,.F.);
#2227=ORIENTED_EDGE('',*,*,#4382,.F.);
#2228=ORIENTED_EDGE('',*,*,#4383,.T.);
#2229=ORIENTED_EDGE('',*,*,#4384,.T.);
#2230=ORIENTED_EDGE('',*,*,#3518,.T.);
#2231=ORIENTED_EDGE('',*,*,#4385,.F.);
#2232=ORIENTED_EDGE('',*,*,#4386,.F.);
#2233=ORIENTED_EDGE('',*,*,#4382,.T.);
#2234=ORIENTED_EDGE('',*,*,#3521,.T.);
#2235=ORIENTED_EDGE('',*,*,#4387,.F.);
#2236=ORIENTED_EDGE('',*,*,#4388,.F.);
#2237=ORIENTED_EDGE('',*,*,#4385,.T.);
#2238=ORIENTED_EDGE('',*,*,#3520,.F.);
#2239=ORIENTED_EDGE('',*,*,#4384,.F.);
#2240=ORIENTED_EDGE('',*,*,#4389,.T.);
#2241=ORIENTED_EDGE('',*,*,#4387,.T.);
#2242=ORIENTED_EDGE('',*,*,#4383,.F.);
#2243=ORIENTED_EDGE('',*,*,#4386,.T.);
#2244=ORIENTED_EDGE('',*,*,#4388,.T.);
#2245=ORIENTED_EDGE('',*,*,#4389,.F.);
#2246=ORIENTED_EDGE('',*,*,#3523,.F.);
#2247=ORIENTED_EDGE('',*,*,#4390,.F.);
#2248=ORIENTED_EDGE('',*,*,#4391,.T.);
#2249=ORIENTED_EDGE('',*,*,#4392,.T.);
#2250=ORIENTED_EDGE('',*,*,#3522,.T.);
#2251=ORIENTED_EDGE('',*,*,#4393,.F.);
#2252=ORIENTED_EDGE('',*,*,#4394,.F.);
#2253=ORIENTED_EDGE('',*,*,#4390,.T.);
#2254=ORIENTED_EDGE('',*,*,#3525,.T.);
#2255=ORIENTED_EDGE('',*,*,#4395,.F.);
#2256=ORIENTED_EDGE('',*,*,#4396,.F.);
#2257=ORIENTED_EDGE('',*,*,#4393,.T.);
#2258=ORIENTED_EDGE('',*,*,#3524,.F.);
#2259=ORIENTED_EDGE('',*,*,#4392,.F.);
#2260=ORIENTED_EDGE('',*,*,#4397,.T.);
#2261=ORIENTED_EDGE('',*,*,#4395,.T.);
#2262=ORIENTED_EDGE('',*,*,#4391,.F.);
#2263=ORIENTED_EDGE('',*,*,#4394,.T.);
#2264=ORIENTED_EDGE('',*,*,#4396,.T.);
#2265=ORIENTED_EDGE('',*,*,#4397,.F.);
#2266=ORIENTED_EDGE('',*,*,#3527,.F.);
#2267=ORIENTED_EDGE('',*,*,#4398,.F.);
#2268=ORIENTED_EDGE('',*,*,#4399,.T.);
#2269=ORIENTED_EDGE('',*,*,#4400,.T.);
#2270=ORIENTED_EDGE('',*,*,#3526,.T.);
#2271=ORIENTED_EDGE('',*,*,#4401,.F.);
#2272=ORIENTED_EDGE('',*,*,#4402,.F.);
#2273=ORIENTED_EDGE('',*,*,#4398,.T.);
#2274=ORIENTED_EDGE('',*,*,#3529,.T.);
#2275=ORIENTED_EDGE('',*,*,#4403,.F.);
#2276=ORIENTED_EDGE('',*,*,#4404,.F.);
#2277=ORIENTED_EDGE('',*,*,#4401,.T.);
#2278=ORIENTED_EDGE('',*,*,#3528,.F.);
#2279=ORIENTED_EDGE('',*,*,#4400,.F.);
#2280=ORIENTED_EDGE('',*,*,#4405,.T.);
#2281=ORIENTED_EDGE('',*,*,#4403,.T.);
#2282=ORIENTED_EDGE('',*,*,#4399,.F.);
#2283=ORIENTED_EDGE('',*,*,#4402,.T.);
#2284=ORIENTED_EDGE('',*,*,#4404,.T.);
#2285=ORIENTED_EDGE('',*,*,#4405,.F.);
#2286=ORIENTED_EDGE('',*,*,#3531,.F.);
#2287=ORIENTED_EDGE('',*,*,#4406,.F.);
#2288=ORIENTED_EDGE('',*,*,#4407,.T.);
#2289=ORIENTED_EDGE('',*,*,#4408,.T.);
#2290=ORIENTED_EDGE('',*,*,#3530,.T.);
#2291=ORIENTED_EDGE('',*,*,#4409,.F.);
#2292=ORIENTED_EDGE('',*,*,#4410,.F.);
#2293=ORIENTED_EDGE('',*,*,#4406,.T.);
#2294=ORIENTED_EDGE('',*,*,#3533,.T.);
#2295=ORIENTED_EDGE('',*,*,#4411,.F.);
#2296=ORIENTED_EDGE('',*,*,#4412,.F.);
#2297=ORIENTED_EDGE('',*,*,#4409,.T.);
#2298=ORIENTED_EDGE('',*,*,#3532,.F.);
#2299=ORIENTED_EDGE('',*,*,#4408,.F.);
#2300=ORIENTED_EDGE('',*,*,#4413,.T.);
#2301=ORIENTED_EDGE('',*,*,#4411,.T.);
#2302=ORIENTED_EDGE('',*,*,#4407,.F.);
#2303=ORIENTED_EDGE('',*,*,#4410,.T.);
#2304=ORIENTED_EDGE('',*,*,#4412,.T.);
#2305=ORIENTED_EDGE('',*,*,#4413,.F.);
#2306=ORIENTED_EDGE('',*,*,#3535,.F.);
#2307=ORIENTED_EDGE('',*,*,#4414,.F.);
#2308=ORIENTED_EDGE('',*,*,#4415,.T.);
#2309=ORIENTED_EDGE('',*,*,#4416,.T.);
#2310=ORIENTED_EDGE('',*,*,#3534,.T.);
#2311=ORIENTED_EDGE('',*,*,#4417,.F.);
#2312=ORIENTED_EDGE('',*,*,#4418,.F.);
#2313=ORIENTED_EDGE('',*,*,#4414,.T.);
#2314=ORIENTED_EDGE('',*,*,#3537,.T.);
#2315=ORIENTED_EDGE('',*,*,#4419,.F.);
#2316=ORIENTED_EDGE('',*,*,#4420,.F.);
#2317=ORIENTED_EDGE('',*,*,#4417,.T.);
#2318=ORIENTED_EDGE('',*,*,#3536,.F.);
#2319=ORIENTED_EDGE('',*,*,#4416,.F.);
#2320=ORIENTED_EDGE('',*,*,#4421,.T.);
#2321=ORIENTED_EDGE('',*,*,#4419,.T.);
#2322=ORIENTED_EDGE('',*,*,#4415,.F.);
#2323=ORIENTED_EDGE('',*,*,#4418,.T.);
#2324=ORIENTED_EDGE('',*,*,#4420,.T.);
#2325=ORIENTED_EDGE('',*,*,#4421,.F.);
#2326=ORIENTED_EDGE('',*,*,#3539,.F.);
#2327=ORIENTED_EDGE('',*,*,#4422,.F.);
#2328=ORIENTED_EDGE('',*,*,#4423,.T.);
#2329=ORIENTED_EDGE('',*,*,#4424,.T.);
#2330=ORIENTED_EDGE('',*,*,#3538,.T.);
#2331=ORIENTED_EDGE('',*,*,#4425,.F.);
#2332=ORIENTED_EDGE('',*,*,#4426,.F.);
#2333=ORIENTED_EDGE('',*,*,#4422,.T.);
#2334=ORIENTED_EDGE('',*,*,#3541,.T.);
#2335=ORIENTED_EDGE('',*,*,#4427,.F.);
#2336=ORIENTED_EDGE('',*,*,#4428,.F.);
#2337=ORIENTED_EDGE('',*,*,#4425,.T.);
#2338=ORIENTED_EDGE('',*,*,#3540,.F.);
#2339=ORIENTED_EDGE('',*,*,#4424,.F.);
#2340=ORIENTED_EDGE('',*,*,#4429,.T.);
#2341=ORIENTED_EDGE('',*,*,#4427,.T.);
#2342=ORIENTED_EDGE('',*,*,#4423,.F.);
#2343=ORIENTED_EDGE('',*,*,#4426,.T.);
#2344=ORIENTED_EDGE('',*,*,#4428,.T.);
#2345=ORIENTED_EDGE('',*,*,#4429,.F.);
#2346=ORIENTED_EDGE('',*,*,#3543,.F.);
#2347=ORIENTED_EDGE('',*,*,#4430,.F.);
#2348=ORIENTED_EDGE('',*,*,#4431,.T.);
#2349=ORIENTED_EDGE('',*,*,#4432,.T.);
#2350=ORIENTED_EDGE('',*,*,#3542,.T.);
#2351=ORIENTED_EDGE('',*,*,#4433,.F.);
#2352=ORIENTED_EDGE('',*,*,#4434,.F.);
#2353=ORIENTED_EDGE('',*,*,#4430,.T.);
#2354=ORIENTED_EDGE('',*,*,#3545,.T.);
#2355=ORIENTED_EDGE('',*,*,#4435,.F.);
#2356=ORIENTED_EDGE('',*,*,#4436,.F.);
#2357=ORIENTED_EDGE('',*,*,#4433,.T.);
#2358=ORIENTED_EDGE('',*,*,#3544,.F.);
#2359=ORIENTED_EDGE('',*,*,#4432,.F.);
#2360=ORIENTED_EDGE('',*,*,#4437,.T.);
#2361=ORIENTED_EDGE('',*,*,#4435,.T.);
#2362=ORIENTED_EDGE('',*,*,#4431,.F.);
#2363=ORIENTED_EDGE('',*,*,#4434,.T.);
#2364=ORIENTED_EDGE('',*,*,#4436,.T.);
#2365=ORIENTED_EDGE('',*,*,#4437,.F.);
#2366=ORIENTED_EDGE('',*,*,#3547,.F.);
#2367=ORIENTED_EDGE('',*,*,#4438,.F.);
#2368=ORIENTED_EDGE('',*,*,#4439,.T.);
#2369=ORIENTED_EDGE('',*,*,#4440,.T.);
#2370=ORIENTED_EDGE('',*,*,#3546,.T.);
#2371=ORIENTED_EDGE('',*,*,#4441,.F.);
#2372=ORIENTED_EDGE('',*,*,#4442,.F.);
#2373=ORIENTED_EDGE('',*,*,#4438,.T.);
#2374=ORIENTED_EDGE('',*,*,#3549,.T.);
#2375=ORIENTED_EDGE('',*,*,#4443,.F.);
#2376=ORIENTED_EDGE('',*,*,#4444,.F.);
#2377=ORIENTED_EDGE('',*,*,#4441,.T.);
#2378=ORIENTED_EDGE('',*,*,#3548,.F.);
#2379=ORIENTED_EDGE('',*,*,#4440,.F.);
#2380=ORIENTED_EDGE('',*,*,#4445,.T.);
#2381=ORIENTED_EDGE('',*,*,#4443,.T.);
#2382=ORIENTED_EDGE('',*,*,#4439,.F.);
#2383=ORIENTED_EDGE('',*,*,#4442,.T.);
#2384=ORIENTED_EDGE('',*,*,#4444,.T.);
#2385=ORIENTED_EDGE('',*,*,#4445,.F.);
#2386=ORIENTED_EDGE('',*,*,#3551,.F.);
#2387=ORIENTED_EDGE('',*,*,#4446,.F.);
#2388=ORIENTED_EDGE('',*,*,#4447,.T.);
#2389=ORIENTED_EDGE('',*,*,#4448,.T.);
#2390=ORIENTED_EDGE('',*,*,#3550,.T.);
#2391=ORIENTED_EDGE('',*,*,#4449,.F.);
#2392=ORIENTED_EDGE('',*,*,#4450,.F.);
#2393=ORIENTED_EDGE('',*,*,#4446,.T.);
#2394=ORIENTED_EDGE('',*,*,#3553,.T.);
#2395=ORIENTED_EDGE('',*,*,#4451,.F.);
#2396=ORIENTED_EDGE('',*,*,#4452,.F.);
#2397=ORIENTED_EDGE('',*,*,#4449,.T.);
#2398=ORIENTED_EDGE('',*,*,#3552,.F.);
#2399=ORIENTED_EDGE('',*,*,#4448,.F.);
#2400=ORIENTED_EDGE('',*,*,#4453,.T.);
#2401=ORIENTED_EDGE('',*,*,#4451,.T.);
#2402=ORIENTED_EDGE('',*,*,#4447,.F.);
#2403=ORIENTED_EDGE('',*,*,#4450,.T.);
#2404=ORIENTED_EDGE('',*,*,#4452,.T.);
#2405=ORIENTED_EDGE('',*,*,#4453,.F.);
#2406=ORIENTED_EDGE('',*,*,#3555,.F.);
#2407=ORIENTED_EDGE('',*,*,#4454,.F.);
#2408=ORIENTED_EDGE('',*,*,#4455,.T.);
#2409=ORIENTED_EDGE('',*,*,#4456,.T.);
#2410=ORIENTED_EDGE('',*,*,#3554,.T.);
#2411=ORIENTED_EDGE('',*,*,#4457,.F.);
#2412=ORIENTED_EDGE('',*,*,#4458,.F.);
#2413=ORIENTED_EDGE('',*,*,#4454,.T.);
#2414=ORIENTED_EDGE('',*,*,#3557,.T.);
#2415=ORIENTED_EDGE('',*,*,#4459,.F.);
#2416=ORIENTED_EDGE('',*,*,#4460,.F.);
#2417=ORIENTED_EDGE('',*,*,#4457,.T.);
#2418=ORIENTED_EDGE('',*,*,#3556,.F.);
#2419=ORIENTED_EDGE('',*,*,#4456,.F.);
#2420=ORIENTED_EDGE('',*,*,#4461,.T.);
#2421=ORIENTED_EDGE('',*,*,#4459,.T.);
#2422=ORIENTED_EDGE('',*,*,#4455,.F.);
#2423=ORIENTED_EDGE('',*,*,#4458,.T.);
#2424=ORIENTED_EDGE('',*,*,#4460,.T.);
#2425=ORIENTED_EDGE('',*,*,#4461,.F.);
#2426=ORIENTED_EDGE('',*,*,#3559,.F.);
#2427=ORIENTED_EDGE('',*,*,#4462,.F.);
#2428=ORIENTED_EDGE('',*,*,#4463,.T.);
#2429=ORIENTED_EDGE('',*,*,#4464,.T.);
#2430=ORIENTED_EDGE('',*,*,#3558,.T.);
#2431=ORIENTED_EDGE('',*,*,#4465,.F.);
#2432=ORIENTED_EDGE('',*,*,#4466,.F.);
#2433=ORIENTED_EDGE('',*,*,#4462,.T.);
#2434=ORIENTED_EDGE('',*,*,#3561,.T.);
#2435=ORIENTED_EDGE('',*,*,#4467,.F.);
#2436=ORIENTED_EDGE('',*,*,#4468,.F.);
#2437=ORIENTED_EDGE('',*,*,#4465,.T.);
#2438=ORIENTED_EDGE('',*,*,#3560,.F.);
#2439=ORIENTED_EDGE('',*,*,#4464,.F.);
#2440=ORIENTED_EDGE('',*,*,#4469,.T.);
#2441=ORIENTED_EDGE('',*,*,#4467,.T.);
#2442=ORIENTED_EDGE('',*,*,#4463,.F.);
#2443=ORIENTED_EDGE('',*,*,#4466,.T.);
#2444=ORIENTED_EDGE('',*,*,#4468,.T.);
#2445=ORIENTED_EDGE('',*,*,#4469,.F.);
#2446=ORIENTED_EDGE('',*,*,#3563,.F.);
#2447=ORIENTED_EDGE('',*,*,#4470,.F.);
#2448=ORIENTED_EDGE('',*,*,#4471,.T.);
#2449=ORIENTED_EDGE('',*,*,#4472,.T.);
#2450=ORIENTED_EDGE('',*,*,#3562,.T.);
#2451=ORIENTED_EDGE('',*,*,#4473,.F.);
#2452=ORIENTED_EDGE('',*,*,#4474,.F.);
#2453=ORIENTED_EDGE('',*,*,#4470,.T.);
#2454=ORIENTED_EDGE('',*,*,#3565,.T.);
#2455=ORIENTED_EDGE('',*,*,#4475,.F.);
#2456=ORIENTED_EDGE('',*,*,#4476,.F.);
#2457=ORIENTED_EDGE('',*,*,#4473,.T.);
#2458=ORIENTED_EDGE('',*,*,#3564,.F.);
#2459=ORIENTED_EDGE('',*,*,#4472,.F.);
#2460=ORIENTED_EDGE('',*,*,#4477,.T.);
#2461=ORIENTED_EDGE('',*,*,#4475,.T.);
#2462=ORIENTED_EDGE('',*,*,#4471,.F.);
#2463=ORIENTED_EDGE('',*,*,#4474,.T.);
#2464=ORIENTED_EDGE('',*,*,#4476,.T.);
#2465=ORIENTED_EDGE('',*,*,#4477,.F.);
#2466=ORIENTED_EDGE('',*,*,#3567,.F.);
#2467=ORIENTED_EDGE('',*,*,#4478,.F.);
#2468=ORIENTED_EDGE('',*,*,#4479,.T.);
#2469=ORIENTED_EDGE('',*,*,#4480,.T.);
#2470=ORIENTED_EDGE('',*,*,#3566,.T.);
#2471=ORIENTED_EDGE('',*,*,#4481,.F.);
#2472=ORIENTED_EDGE('',*,*,#4482,.F.);
#2473=ORIENTED_EDGE('',*,*,#4478,.T.);
#2474=ORIENTED_EDGE('',*,*,#3569,.T.);
#2475=ORIENTED_EDGE('',*,*,#4483,.F.);
#2476=ORIENTED_EDGE('',*,*,#4484,.F.);
#2477=ORIENTED_EDGE('',*,*,#4481,.T.);
#2478=ORIENTED_EDGE('',*,*,#3568,.F.);
#2479=ORIENTED_EDGE('',*,*,#4480,.F.);
#2480=ORIENTED_EDGE('',*,*,#4485,.T.);
#2481=ORIENTED_EDGE('',*,*,#4483,.T.);
#2482=ORIENTED_EDGE('',*,*,#4479,.F.);
#2483=ORIENTED_EDGE('',*,*,#4482,.T.);
#2484=ORIENTED_EDGE('',*,*,#4484,.T.);
#2485=ORIENTED_EDGE('',*,*,#4485,.F.);
#2486=ORIENTED_EDGE('',*,*,#3571,.F.);
#2487=ORIENTED_EDGE('',*,*,#4486,.F.);
#2488=ORIENTED_EDGE('',*,*,#4487,.T.);
#2489=ORIENTED_EDGE('',*,*,#4488,.T.);
#2490=ORIENTED_EDGE('',*,*,#3570,.T.);
#2491=ORIENTED_EDGE('',*,*,#4489,.F.);
#2492=ORIENTED_EDGE('',*,*,#4490,.F.);
#2493=ORIENTED_EDGE('',*,*,#4486,.T.);
#2494=ORIENTED_EDGE('',*,*,#3573,.T.);
#2495=ORIENTED_EDGE('',*,*,#4491,.F.);
#2496=ORIENTED_EDGE('',*,*,#4492,.F.);
#2497=ORIENTED_EDGE('',*,*,#4489,.T.);
#2498=ORIENTED_EDGE('',*,*,#3572,.F.);
#2499=ORIENTED_EDGE('',*,*,#4488,.F.);
#2500=ORIENTED_EDGE('',*,*,#4493,.T.);
#2501=ORIENTED_EDGE('',*,*,#4491,.T.);
#2502=ORIENTED_EDGE('',*,*,#4487,.F.);
#2503=ORIENTED_EDGE('',*,*,#4490,.T.);
#2504=ORIENTED_EDGE('',*,*,#4492,.T.);
#2505=ORIENTED_EDGE('',*,*,#4493,.F.);
#2506=ORIENTED_EDGE('',*,*,#3575,.F.);
#2507=ORIENTED_EDGE('',*,*,#4494,.F.);
#2508=ORIENTED_EDGE('',*,*,#4495,.T.);
#2509=ORIENTED_EDGE('',*,*,#4496,.T.);
#2510=ORIENTED_EDGE('',*,*,#3574,.T.);
#2511=ORIENTED_EDGE('',*,*,#4497,.F.);
#2512=ORIENTED_EDGE('',*,*,#4498,.F.);
#2513=ORIENTED_EDGE('',*,*,#4494,.T.);
#2514=ORIENTED_EDGE('',*,*,#3577,.T.);
#2515=ORIENTED_EDGE('',*,*,#4499,.F.);
#2516=ORIENTED_EDGE('',*,*,#4500,.F.);
#2517=ORIENTED_EDGE('',*,*,#4497,.T.);
#2518=ORIENTED_EDGE('',*,*,#3576,.F.);
#2519=ORIENTED_EDGE('',*,*,#4496,.F.);
#2520=ORIENTED_EDGE('',*,*,#4501,.T.);
#2521=ORIENTED_EDGE('',*,*,#4499,.T.);
#2522=ORIENTED_EDGE('',*,*,#4495,.F.);
#2523=ORIENTED_EDGE('',*,*,#4498,.T.);
#2524=ORIENTED_EDGE('',*,*,#4500,.T.);
#2525=ORIENTED_EDGE('',*,*,#4501,.F.);
#2526=ORIENTED_EDGE('',*,*,#3579,.F.);
#2527=ORIENTED_EDGE('',*,*,#4502,.F.);
#2528=ORIENTED_EDGE('',*,*,#4503,.T.);
#2529=ORIENTED_EDGE('',*,*,#4504,.T.);
#2530=ORIENTED_EDGE('',*,*,#3578,.T.);
#2531=ORIENTED_EDGE('',*,*,#4505,.F.);
#2532=ORIENTED_EDGE('',*,*,#4506,.F.);
#2533=ORIENTED_EDGE('',*,*,#4502,.T.);
#2534=ORIENTED_EDGE('',*,*,#3581,.T.);
#2535=ORIENTED_EDGE('',*,*,#4507,.F.);
#2536=ORIENTED_EDGE('',*,*,#4508,.F.);
#2537=ORIENTED_EDGE('',*,*,#4505,.T.);
#2538=ORIENTED_EDGE('',*,*,#3580,.F.);
#2539=ORIENTED_EDGE('',*,*,#4504,.F.);
#2540=ORIENTED_EDGE('',*,*,#4509,.T.);
#2541=ORIENTED_EDGE('',*,*,#4507,.T.);
#2542=ORIENTED_EDGE('',*,*,#4503,.F.);
#2543=ORIENTED_EDGE('',*,*,#4506,.T.);
#2544=ORIENTED_EDGE('',*,*,#4508,.T.);
#2545=ORIENTED_EDGE('',*,*,#4509,.F.);
#2546=ORIENTED_EDGE('',*,*,#3583,.F.);
#2547=ORIENTED_EDGE('',*,*,#4510,.F.);
#2548=ORIENTED_EDGE('',*,*,#4511,.T.);
#2549=ORIENTED_EDGE('',*,*,#4512,.T.);
#2550=ORIENTED_EDGE('',*,*,#3582,.T.);
#2551=ORIENTED_EDGE('',*,*,#4513,.F.);
#2552=ORIENTED_EDGE('',*,*,#4514,.F.);
#2553=ORIENTED_EDGE('',*,*,#4510,.T.);
#2554=ORIENTED_EDGE('',*,*,#3585,.T.);
#2555=ORIENTED_EDGE('',*,*,#4515,.F.);
#2556=ORIENTED_EDGE('',*,*,#4516,.F.);
#2557=ORIENTED_EDGE('',*,*,#4513,.T.);
#2558=ORIENTED_EDGE('',*,*,#3584,.F.);
#2559=ORIENTED_EDGE('',*,*,#4512,.F.);
#2560=ORIENTED_EDGE('',*,*,#4517,.T.);
#2561=ORIENTED_EDGE('',*,*,#4515,.T.);
#2562=ORIENTED_EDGE('',*,*,#4511,.F.);
#2563=ORIENTED_EDGE('',*,*,#4514,.T.);
#2564=ORIENTED_EDGE('',*,*,#4516,.T.);
#2565=ORIENTED_EDGE('',*,*,#4517,.F.);
#2566=ORIENTED_EDGE('',*,*,#3587,.F.);
#2567=ORIENTED_EDGE('',*,*,#4518,.F.);
#2568=ORIENTED_EDGE('',*,*,#4519,.T.);
#2569=ORIENTED_EDGE('',*,*,#4520,.T.);
#2570=ORIENTED_EDGE('',*,*,#3586,.T.);
#2571=ORIENTED_EDGE('',*,*,#4521,.F.);
#2572=ORIENTED_EDGE('',*,*,#4522,.F.);
#2573=ORIENTED_EDGE('',*,*,#4518,.T.);
#2574=ORIENTED_EDGE('',*,*,#3589,.T.);
#2575=ORIENTED_EDGE('',*,*,#4523,.F.);
#2576=ORIENTED_EDGE('',*,*,#4524,.F.);
#2577=ORIENTED_EDGE('',*,*,#4521,.T.);
#2578=ORIENTED_EDGE('',*,*,#3588,.F.);
#2579=ORIENTED_EDGE('',*,*,#4520,.F.);
#2580=ORIENTED_EDGE('',*,*,#4525,.T.);
#2581=ORIENTED_EDGE('',*,*,#4523,.T.);
#2582=ORIENTED_EDGE('',*,*,#4519,.F.);
#2583=ORIENTED_EDGE('',*,*,#4522,.T.);
#2584=ORIENTED_EDGE('',*,*,#4524,.T.);
#2585=ORIENTED_EDGE('',*,*,#4525,.F.);
#2586=ORIENTED_EDGE('',*,*,#3591,.F.);
#2587=ORIENTED_EDGE('',*,*,#4526,.F.);
#2588=ORIENTED_EDGE('',*,*,#4527,.T.);
#2589=ORIENTED_EDGE('',*,*,#4528,.T.);
#2590=ORIENTED_EDGE('',*,*,#3590,.T.);
#2591=ORIENTED_EDGE('',*,*,#4529,.F.);
#2592=ORIENTED_EDGE('',*,*,#4530,.F.);
#2593=ORIENTED_EDGE('',*,*,#4526,.T.);
#2594=ORIENTED_EDGE('',*,*,#3593,.T.);
#2595=ORIENTED_EDGE('',*,*,#4531,.F.);
#2596=ORIENTED_EDGE('',*,*,#4532,.F.);
#2597=ORIENTED_EDGE('',*,*,#4529,.T.);
#2598=ORIENTED_EDGE('',*,*,#3592,.F.);
#2599=ORIENTED_EDGE('',*,*,#4528,.F.);
#2600=ORIENTED_EDGE('',*,*,#4533,.T.);
#2601=ORIENTED_EDGE('',*,*,#4531,.T.);
#2602=ORIENTED_EDGE('',*,*,#4527,.F.);
#2603=ORIENTED_EDGE('',*,*,#4530,.T.);
#2604=ORIENTED_EDGE('',*,*,#4532,.T.);
#2605=ORIENTED_EDGE('',*,*,#4533,.F.);
#2606=ORIENTED_EDGE('',*,*,#3595,.F.);
#2607=ORIENTED_EDGE('',*,*,#4534,.F.);
#2608=ORIENTED_EDGE('',*,*,#4535,.T.);
#2609=ORIENTED_EDGE('',*,*,#4536,.T.);
#2610=ORIENTED_EDGE('',*,*,#3594,.T.);
#2611=ORIENTED_EDGE('',*,*,#4537,.F.);
#2612=ORIENTED_EDGE('',*,*,#4538,.F.);
#2613=ORIENTED_EDGE('',*,*,#4534,.T.);
#2614=ORIENTED_EDGE('',*,*,#3597,.T.);
#2615=ORIENTED_EDGE('',*,*,#4539,.F.);
#2616=ORIENTED_EDGE('',*,*,#4540,.F.);
#2617=ORIENTED_EDGE('',*,*,#4537,.T.);
#2618=ORIENTED_EDGE('',*,*,#3596,.F.);
#2619=ORIENTED_EDGE('',*,*,#4536,.F.);
#2620=ORIENTED_EDGE('',*,*,#4541,.T.);
#2621=ORIENTED_EDGE('',*,*,#4539,.T.);
#2622=ORIENTED_EDGE('',*,*,#4535,.F.);
#2623=ORIENTED_EDGE('',*,*,#4538,.T.);
#2624=ORIENTED_EDGE('',*,*,#4540,.T.);
#2625=ORIENTED_EDGE('',*,*,#4541,.F.);
#2626=ORIENTED_EDGE('',*,*,#3599,.F.);
#2627=ORIENTED_EDGE('',*,*,#4542,.F.);
#2628=ORIENTED_EDGE('',*,*,#4543,.T.);
#2629=ORIENTED_EDGE('',*,*,#4544,.T.);
#2630=ORIENTED_EDGE('',*,*,#3598,.T.);
#2631=ORIENTED_EDGE('',*,*,#4545,.F.);
#2632=ORIENTED_EDGE('',*,*,#4546,.F.);
#2633=ORIENTED_EDGE('',*,*,#4542,.T.);
#2634=ORIENTED_EDGE('',*,*,#3601,.T.);
#2635=ORIENTED_EDGE('',*,*,#4547,.F.);
#2636=ORIENTED_EDGE('',*,*,#4548,.F.);
#2637=ORIENTED_EDGE('',*,*,#4545,.T.);
#2638=ORIENTED_EDGE('',*,*,#3600,.F.);
#2639=ORIENTED_EDGE('',*,*,#4544,.F.);
#2640=ORIENTED_EDGE('',*,*,#4549,.T.);
#2641=ORIENTED_EDGE('',*,*,#4547,.T.);
#2642=ORIENTED_EDGE('',*,*,#4543,.F.);
#2643=ORIENTED_EDGE('',*,*,#4546,.T.);
#2644=ORIENTED_EDGE('',*,*,#4548,.T.);
#2645=ORIENTED_EDGE('',*,*,#4549,.F.);
#2646=ORIENTED_EDGE('',*,*,#3603,.F.);
#2647=ORIENTED_EDGE('',*,*,#4550,.F.);
#2648=ORIENTED_EDGE('',*,*,#4551,.T.);
#2649=ORIENTED_EDGE('',*,*,#4552,.T.);
#2650=ORIENTED_EDGE('',*,*,#3602,.T.);
#2651=ORIENTED_EDGE('',*,*,#4553,.F.);
#2652=ORIENTED_EDGE('',*,*,#4554,.F.);
#2653=ORIENTED_EDGE('',*,*,#4550,.T.);
#2654=ORIENTED_EDGE('',*,*,#3605,.T.);
#2655=ORIENTED_EDGE('',*,*,#4555,.F.);
#2656=ORIENTED_EDGE('',*,*,#4556,.F.);
#2657=ORIENTED_EDGE('',*,*,#4553,.T.);
#2658=ORIENTED_EDGE('',*,*,#3604,.F.);
#2659=ORIENTED_EDGE('',*,*,#4552,.F.);
#2660=ORIENTED_EDGE('',*,*,#4557,.T.);
#2661=ORIENTED_EDGE('',*,*,#4555,.T.);
#2662=ORIENTED_EDGE('',*,*,#4551,.F.);
#2663=ORIENTED_EDGE('',*,*,#4554,.T.);
#2664=ORIENTED_EDGE('',*,*,#4556,.T.);
#2665=ORIENTED_EDGE('',*,*,#4557,.F.);
#2666=ORIENTED_EDGE('',*,*,#3607,.F.);
#2667=ORIENTED_EDGE('',*,*,#4558,.F.);
#2668=ORIENTED_EDGE('',*,*,#4559,.T.);
#2669=ORIENTED_EDGE('',*,*,#4560,.T.);
#2670=ORIENTED_EDGE('',*,*,#3606,.T.);
#2671=ORIENTED_EDGE('',*,*,#4561,.F.);
#2672=ORIENTED_EDGE('',*,*,#4562,.F.);
#2673=ORIENTED_EDGE('',*,*,#4558,.T.);
#2674=ORIENTED_EDGE('',*,*,#3609,.T.);
#2675=ORIENTED_EDGE('',*,*,#4563,.F.);
#2676=ORIENTED_EDGE('',*,*,#4564,.F.);
#2677=ORIENTED_EDGE('',*,*,#4561,.T.);
#2678=ORIENTED_EDGE('',*,*,#3608,.F.);
#2679=ORIENTED_EDGE('',*,*,#4560,.F.);
#2680=ORIENTED_EDGE('',*,*,#4565,.T.);
#2681=ORIENTED_EDGE('',*,*,#4563,.T.);
#2682=ORIENTED_EDGE('',*,*,#4559,.F.);
#2683=ORIENTED_EDGE('',*,*,#4562,.T.);
#2684=ORIENTED_EDGE('',*,*,#4564,.T.);
#2685=ORIENTED_EDGE('',*,*,#4565,.F.);
#2686=ORIENTED_EDGE('',*,*,#3611,.F.);
#2687=ORIENTED_EDGE('',*,*,#4566,.F.);
#2688=ORIENTED_EDGE('',*,*,#4567,.T.);
#2689=ORIENTED_EDGE('',*,*,#4568,.T.);
#2690=ORIENTED_EDGE('',*,*,#3610,.T.);
#2691=ORIENTED_EDGE('',*,*,#4569,.F.);
#2692=ORIENTED_EDGE('',*,*,#4570,.F.);
#2693=ORIENTED_EDGE('',*,*,#4566,.T.);
#2694=ORIENTED_EDGE('',*,*,#3613,.T.);
#2695=ORIENTED_EDGE('',*,*,#4571,.F.);
#2696=ORIENTED_EDGE('',*,*,#4572,.F.);
#2697=ORIENTED_EDGE('',*,*,#4569,.T.);
#2698=ORIENTED_EDGE('',*,*,#3612,.F.);
#2699=ORIENTED_EDGE('',*,*,#4568,.F.);
#2700=ORIENTED_EDGE('',*,*,#4573,.T.);
#2701=ORIENTED_EDGE('',*,*,#4571,.T.);
#2702=ORIENTED_EDGE('',*,*,#4567,.F.);
#2703=ORIENTED_EDGE('',*,*,#4570,.T.);
#2704=ORIENTED_EDGE('',*,*,#4572,.T.);
#2705=ORIENTED_EDGE('',*,*,#4573,.F.);
#2706=ORIENTED_EDGE('',*,*,#3615,.F.);
#2707=ORIENTED_EDGE('',*,*,#4574,.F.);
#2708=ORIENTED_EDGE('',*,*,#4575,.T.);
#2709=ORIENTED_EDGE('',*,*,#4576,.T.);
#2710=ORIENTED_EDGE('',*,*,#3614,.T.);
#2711=ORIENTED_EDGE('',*,*,#4577,.F.);
#2712=ORIENTED_EDGE('',*,*,#4578,.F.);
#2713=ORIENTED_EDGE('',*,*,#4574,.T.);
#2714=ORIENTED_EDGE('',*,*,#3617,.T.);
#2715=ORIENTED_EDGE('',*,*,#4579,.F.);
#2716=ORIENTED_EDGE('',*,*,#4580,.F.);
#2717=ORIENTED_EDGE('',*,*,#4577,.T.);
#2718=ORIENTED_EDGE('',*,*,#3616,.F.);
#2719=ORIENTED_EDGE('',*,*,#4576,.F.);
#2720=ORIENTED_EDGE('',*,*,#4581,.T.);
#2721=ORIENTED_EDGE('',*,*,#4579,.T.);
#2722=ORIENTED_EDGE('',*,*,#4575,.F.);
#2723=ORIENTED_EDGE('',*,*,#4578,.T.);
#2724=ORIENTED_EDGE('',*,*,#4580,.T.);
#2725=ORIENTED_EDGE('',*,*,#4581,.F.);
#2726=ORIENTED_EDGE('',*,*,#3619,.F.);
#2727=ORIENTED_EDGE('',*,*,#4582,.F.);
#2728=ORIENTED_EDGE('',*,*,#4583,.T.);
#2729=ORIENTED_EDGE('',*,*,#4584,.T.);
#2730=ORIENTED_EDGE('',*,*,#3618,.T.);
#2731=ORIENTED_EDGE('',*,*,#4585,.F.);
#2732=ORIENTED_EDGE('',*,*,#4586,.F.);
#2733=ORIENTED_EDGE('',*,*,#4582,.T.);
#2734=ORIENTED_EDGE('',*,*,#3621,.T.);
#2735=ORIENTED_EDGE('',*,*,#4587,.F.);
#2736=ORIENTED_EDGE('',*,*,#4588,.F.);
#2737=ORIENTED_EDGE('',*,*,#4585,.T.);
#2738=ORIENTED_EDGE('',*,*,#3620,.F.);
#2739=ORIENTED_EDGE('',*,*,#4584,.F.);
#2740=ORIENTED_EDGE('',*,*,#4589,.T.);
#2741=ORIENTED_EDGE('',*,*,#4587,.T.);
#2742=ORIENTED_EDGE('',*,*,#4583,.F.);
#2743=ORIENTED_EDGE('',*,*,#4586,.T.);
#2744=ORIENTED_EDGE('',*,*,#4588,.T.);
#2745=ORIENTED_EDGE('',*,*,#4589,.F.);
#2746=ORIENTED_EDGE('',*,*,#3623,.F.);
#2747=ORIENTED_EDGE('',*,*,#4590,.F.);
#2748=ORIENTED_EDGE('',*,*,#4591,.T.);
#2749=ORIENTED_EDGE('',*,*,#4592,.T.);
#2750=ORIENTED_EDGE('',*,*,#3622,.T.);
#2751=ORIENTED_EDGE('',*,*,#4593,.F.);
#2752=ORIENTED_EDGE('',*,*,#4594,.F.);
#2753=ORIENTED_EDGE('',*,*,#4590,.T.);
#2754=ORIENTED_EDGE('',*,*,#3625,.T.);
#2755=ORIENTED_EDGE('',*,*,#4595,.F.);
#2756=ORIENTED_EDGE('',*,*,#4596,.F.);
#2757=ORIENTED_EDGE('',*,*,#4593,.T.);
#2758=ORIENTED_EDGE('',*,*,#3624,.F.);
#2759=ORIENTED_EDGE('',*,*,#4592,.F.);
#2760=ORIENTED_EDGE('',*,*,#4597,.T.);
#2761=ORIENTED_EDGE('',*,*,#4595,.T.);
#2762=ORIENTED_EDGE('',*,*,#4591,.F.);
#2763=ORIENTED_EDGE('',*,*,#4594,.T.);
#2764=ORIENTED_EDGE('',*,*,#4596,.T.);
#2765=ORIENTED_EDGE('',*,*,#4597,.F.);
#2766=ORIENTED_EDGE('',*,*,#3627,.F.);
#2767=ORIENTED_EDGE('',*,*,#4598,.F.);
#2768=ORIENTED_EDGE('',*,*,#4599,.T.);
#2769=ORIENTED_EDGE('',*,*,#4600,.T.);
#2770=ORIENTED_EDGE('',*,*,#3626,.T.);
#2771=ORIENTED_EDGE('',*,*,#4601,.F.);
#2772=ORIENTED_EDGE('',*,*,#4602,.F.);
#2773=ORIENTED_EDGE('',*,*,#4598,.T.);
#2774=ORIENTED_EDGE('',*,*,#3629,.T.);
#2775=ORIENTED_EDGE('',*,*,#4603,.F.);
#2776=ORIENTED_EDGE('',*,*,#4604,.F.);
#2777=ORIENTED_EDGE('',*,*,#4601,.T.);
#2778=ORIENTED_EDGE('',*,*,#3628,.F.);
#2779=ORIENTED_EDGE('',*,*,#4600,.F.);
#2780=ORIENTED_EDGE('',*,*,#4605,.T.);
#2781=ORIENTED_EDGE('',*,*,#4603,.T.);
#2782=ORIENTED_EDGE('',*,*,#4599,.F.);
#2783=ORIENTED_EDGE('',*,*,#4602,.T.);
#2784=ORIENTED_EDGE('',*,*,#4604,.T.);
#2785=ORIENTED_EDGE('',*,*,#4605,.F.);
#2786=ORIENTED_EDGE('',*,*,#3631,.F.);
#2787=ORIENTED_EDGE('',*,*,#4606,.F.);
#2788=ORIENTED_EDGE('',*,*,#4607,.T.);
#2789=ORIENTED_EDGE('',*,*,#4608,.T.);
#2790=ORIENTED_EDGE('',*,*,#3630,.T.);
#2791=ORIENTED_EDGE('',*,*,#4609,.F.);
#2792=ORIENTED_EDGE('',*,*,#4610,.F.);
#2793=ORIENTED_EDGE('',*,*,#4606,.T.);
#2794=ORIENTED_EDGE('',*,*,#3633,.T.);
#2795=ORIENTED_EDGE('',*,*,#4611,.F.);
#2796=ORIENTED_EDGE('',*,*,#4612,.F.);
#2797=ORIENTED_EDGE('',*,*,#4609,.T.);
#2798=ORIENTED_EDGE('',*,*,#3632,.F.);
#2799=ORIENTED_EDGE('',*,*,#4608,.F.);
#2800=ORIENTED_EDGE('',*,*,#4613,.T.);
#2801=ORIENTED_EDGE('',*,*,#4611,.T.);
#2802=ORIENTED_EDGE('',*,*,#4607,.F.);
#2803=ORIENTED_EDGE('',*,*,#4610,.T.);
#2804=ORIENTED_EDGE('',*,*,#4612,.T.);
#2805=ORIENTED_EDGE('',*,*,#4613,.F.);
#2806=ORIENTED_EDGE('',*,*,#3635,.F.);
#2807=ORIENTED_EDGE('',*,*,#4614,.F.);
#2808=ORIENTED_EDGE('',*,*,#4615,.T.);
#2809=ORIENTED_EDGE('',*,*,#4616,.T.);
#2810=ORIENTED_EDGE('',*,*,#3634,.T.);
#2811=ORIENTED_EDGE('',*,*,#4617,.F.);
#2812=ORIENTED_EDGE('',*,*,#4618,.F.);
#2813=ORIENTED_EDGE('',*,*,#4614,.T.);
#2814=ORIENTED_EDGE('',*,*,#3637,.T.);
#2815=ORIENTED_EDGE('',*,*,#4619,.F.);
#2816=ORIENTED_EDGE('',*,*,#4620,.F.);
#2817=ORIENTED_EDGE('',*,*,#4617,.T.);
#2818=ORIENTED_EDGE('',*,*,#3636,.F.);
#2819=ORIENTED_EDGE('',*,*,#4616,.F.);
#2820=ORIENTED_EDGE('',*,*,#4621,.T.);
#2821=ORIENTED_EDGE('',*,*,#4619,.T.);
#2822=ORIENTED_EDGE('',*,*,#4615,.F.);
#2823=ORIENTED_EDGE('',*,*,#4618,.T.);
#2824=ORIENTED_EDGE('',*,*,#4620,.T.);
#2825=ORIENTED_EDGE('',*,*,#4621,.F.);
#2826=ORIENTED_EDGE('',*,*,#3639,.F.);
#2827=ORIENTED_EDGE('',*,*,#4622,.F.);
#2828=ORIENTED_EDGE('',*,*,#4623,.T.);
#2829=ORIENTED_EDGE('',*,*,#4624,.T.);
#2830=ORIENTED_EDGE('',*,*,#3638,.T.);
#2831=ORIENTED_EDGE('',*,*,#4625,.F.);
#2832=ORIENTED_EDGE('',*,*,#4626,.F.);
#2833=ORIENTED_EDGE('',*,*,#4622,.T.);
#2834=ORIENTED_EDGE('',*,*,#3641,.T.);
#2835=ORIENTED_EDGE('',*,*,#4627,.F.);
#2836=ORIENTED_EDGE('',*,*,#4628,.F.);
#2837=ORIENTED_EDGE('',*,*,#4625,.T.);
#2838=ORIENTED_EDGE('',*,*,#3640,.F.);
#2839=ORIENTED_EDGE('',*,*,#4624,.F.);
#2840=ORIENTED_EDGE('',*,*,#4629,.T.);
#2841=ORIENTED_EDGE('',*,*,#4627,.T.);
#2842=ORIENTED_EDGE('',*,*,#4623,.F.);
#2843=ORIENTED_EDGE('',*,*,#4626,.T.);
#2844=ORIENTED_EDGE('',*,*,#4628,.T.);
#2845=ORIENTED_EDGE('',*,*,#4629,.F.);
#2846=ORIENTED_EDGE('',*,*,#3643,.F.);
#2847=ORIENTED_EDGE('',*,*,#4630,.F.);
#2848=ORIENTED_EDGE('',*,*,#4631,.T.);
#2849=ORIENTED_EDGE('',*,*,#4632,.T.);
#2850=ORIENTED_EDGE('',*,*,#3642,.T.);
#2851=ORIENTED_EDGE('',*,*,#4633,.F.);
#2852=ORIENTED_EDGE('',*,*,#4634,.F.);
#2853=ORIENTED_EDGE('',*,*,#4630,.T.);
#2854=ORIENTED_EDGE('',*,*,#3645,.T.);
#2855=ORIENTED_EDGE('',*,*,#4635,.F.);
#2856=ORIENTED_EDGE('',*,*,#4636,.F.);
#2857=ORIENTED_EDGE('',*,*,#4633,.T.);
#2858=ORIENTED_EDGE('',*,*,#3644,.F.);
#2859=ORIENTED_EDGE('',*,*,#4632,.F.);
#2860=ORIENTED_EDGE('',*,*,#4637,.T.);
#2861=ORIENTED_EDGE('',*,*,#4635,.T.);
#2862=ORIENTED_EDGE('',*,*,#4631,.F.);
#2863=ORIENTED_EDGE('',*,*,#4634,.T.);
#2864=ORIENTED_EDGE('',*,*,#4636,.T.);
#2865=ORIENTED_EDGE('',*,*,#4637,.F.);
#2866=ORIENTED_EDGE('',*,*,#3647,.F.);
#2867=ORIENTED_EDGE('',*,*,#4638,.F.);
#2868=ORIENTED_EDGE('',*,*,#4639,.T.);
#2869=ORIENTED_EDGE('',*,*,#4640,.T.);
#2870=ORIENTED_EDGE('',*,*,#3646,.T.);
#2871=ORIENTED_EDGE('',*,*,#4641,.F.);
#2872=ORIENTED_EDGE('',*,*,#4642,.F.);
#2873=ORIENTED_EDGE('',*,*,#4638,.T.);
#2874=ORIENTED_EDGE('',*,*,#3649,.T.);
#2875=ORIENTED_EDGE('',*,*,#4643,.F.);
#2876=ORIENTED_EDGE('',*,*,#4644,.F.);
#2877=ORIENTED_EDGE('',*,*,#4641,.T.);
#2878=ORIENTED_EDGE('',*,*,#3648,.F.);
#2879=ORIENTED_EDGE('',*,*,#4640,.F.);
#2880=ORIENTED_EDGE('',*,*,#4645,.T.);
#2881=ORIENTED_EDGE('',*,*,#4643,.T.);
#2882=ORIENTED_EDGE('',*,*,#4639,.F.);
#2883=ORIENTED_EDGE('',*,*,#4642,.T.);
#2884=ORIENTED_EDGE('',*,*,#4644,.T.);
#2885=ORIENTED_EDGE('',*,*,#4645,.F.);
#2886=ORIENTED_EDGE('',*,*,#3651,.F.);
#2887=ORIENTED_EDGE('',*,*,#4646,.F.);
#2888=ORIENTED_EDGE('',*,*,#4647,.T.);
#2889=ORIENTED_EDGE('',*,*,#4648,.T.);
#2890=ORIENTED_EDGE('',*,*,#3650,.T.);
#2891=ORIENTED_EDGE('',*,*,#4649,.F.);
#2892=ORIENTED_EDGE('',*,*,#4650,.F.);
#2893=ORIENTED_EDGE('',*,*,#4646,.T.);
#2894=ORIENTED_EDGE('',*,*,#3653,.T.);
#2895=ORIENTED_EDGE('',*,*,#4651,.F.);
#2896=ORIENTED_EDGE('',*,*,#4652,.F.);
#2897=ORIENTED_EDGE('',*,*,#4649,.T.);
#2898=ORIENTED_EDGE('',*,*,#3652,.F.);
#2899=ORIENTED_EDGE('',*,*,#4648,.F.);
#2900=ORIENTED_EDGE('',*,*,#4653,.T.);
#2901=ORIENTED_EDGE('',*,*,#4651,.T.);
#2902=ORIENTED_EDGE('',*,*,#4647,.F.);
#2903=ORIENTED_EDGE('',*,*,#4650,.T.);
#2904=ORIENTED_EDGE('',*,*,#4652,.T.);
#2905=ORIENTED_EDGE('',*,*,#4653,.F.);
#2906=ORIENTED_EDGE('',*,*,#3655,.F.);
#2907=ORIENTED_EDGE('',*,*,#4654,.F.);
#2908=ORIENTED_EDGE('',*,*,#4655,.T.);
#2909=ORIENTED_EDGE('',*,*,#4656,.T.);
#2910=ORIENTED_EDGE('',*,*,#3654,.T.);
#2911=ORIENTED_EDGE('',*,*,#4657,.F.);
#2912=ORIENTED_EDGE('',*,*,#4658,.F.);
#2913=ORIENTED_EDGE('',*,*,#4654,.T.);
#2914=ORIENTED_EDGE('',*,*,#3657,.T.);
#2915=ORIENTED_EDGE('',*,*,#4659,.F.);
#2916=ORIENTED_EDGE('',*,*,#4660,.F.);
#2917=ORIENTED_EDGE('',*,*,#4657,.T.);
#2918=ORIENTED_EDGE('',*,*,#3656,.F.);
#2919=ORIENTED_EDGE('',*,*,#4656,.F.);
#2920=ORIENTED_EDGE('',*,*,#4661,.T.);
#2921=ORIENTED_EDGE('',*,*,#4659,.T.);
#2922=ORIENTED_EDGE('',*,*,#4655,.F.);
#2923=ORIENTED_EDGE('',*,*,#4658,.T.);
#2924=ORIENTED_EDGE('',*,*,#4660,.T.);
#2925=ORIENTED_EDGE('',*,*,#4661,.F.);
#2926=ORIENTED_EDGE('',*,*,#3659,.F.);
#2927=ORIENTED_EDGE('',*,*,#4662,.F.);
#2928=ORIENTED_EDGE('',*,*,#4663,.T.);
#2929=ORIENTED_EDGE('',*,*,#4664,.T.);
#2930=ORIENTED_EDGE('',*,*,#3658,.T.);
#2931=ORIENTED_EDGE('',*,*,#4665,.F.);
#2932=ORIENTED_EDGE('',*,*,#4666,.F.);
#2933=ORIENTED_EDGE('',*,*,#4662,.T.);
#2934=ORIENTED_EDGE('',*,*,#3661,.T.);
#2935=ORIENTED_EDGE('',*,*,#4667,.F.);
#2936=ORIENTED_EDGE('',*,*,#4668,.F.);
#2937=ORIENTED_EDGE('',*,*,#4665,.T.);
#2938=ORIENTED_EDGE('',*,*,#3660,.F.);
#2939=ORIENTED_EDGE('',*,*,#4664,.F.);
#2940=ORIENTED_EDGE('',*,*,#4669,.T.);
#2941=ORIENTED_EDGE('',*,*,#4667,.T.);
#2942=ORIENTED_EDGE('',*,*,#4663,.F.);
#2943=ORIENTED_EDGE('',*,*,#4666,.T.);
#2944=ORIENTED_EDGE('',*,*,#4668,.T.);
#2945=ORIENTED_EDGE('',*,*,#4669,.F.);
#2946=ORIENTED_EDGE('',*,*,#3663,.F.);
#2947=ORIENTED_EDGE('',*,*,#4670,.F.);
#2948=ORIENTED_EDGE('',*,*,#4671,.T.);
#2949=ORIENTED_EDGE('',*,*,#4672,.T.);
#2950=ORIENTED_EDGE('',*,*,#3662,.T.);
#2951=ORIENTED_EDGE('',*,*,#4673,.F.);
#2952=ORIENTED_EDGE('',*,*,#4674,.F.);
#2953=ORIENTED_EDGE('',*,*,#4670,.T.);
#2954=ORIENTED_EDGE('',*,*,#3665,.T.);
#2955=ORIENTED_EDGE('',*,*,#4675,.F.);
#2956=ORIENTED_EDGE('',*,*,#4676,.F.);
#2957=ORIENTED_EDGE('',*,*,#4673,.T.);
#2958=ORIENTED_EDGE('',*,*,#3664,.F.);
#2959=ORIENTED_EDGE('',*,*,#4672,.F.);
#2960=ORIENTED_EDGE('',*,*,#4677,.T.);
#2961=ORIENTED_EDGE('',*,*,#4675,.T.);
#2962=ORIENTED_EDGE('',*,*,#4671,.F.);
#2963=ORIENTED_EDGE('',*,*,#4674,.T.);
#2964=ORIENTED_EDGE('',*,*,#4676,.T.);
#2965=ORIENTED_EDGE('',*,*,#4677,.F.);
#2966=ORIENTED_EDGE('',*,*,#3667,.F.);
#2967=ORIENTED_EDGE('',*,*,#4678,.F.);
#2968=ORIENTED_EDGE('',*,*,#4679,.T.);
#2969=ORIENTED_EDGE('',*,*,#4680,.T.);
#2970=ORIENTED_EDGE('',*,*,#3666,.T.);
#2971=ORIENTED_EDGE('',*,*,#4681,.F.);
#2972=ORIENTED_EDGE('',*,*,#4682,.F.);
#2973=ORIENTED_EDGE('',*,*,#4678,.T.);
#2974=ORIENTED_EDGE('',*,*,#3669,.T.);
#2975=ORIENTED_EDGE('',*,*,#4683,.F.);
#2976=ORIENTED_EDGE('',*,*,#4684,.F.);
#2977=ORIENTED_EDGE('',*,*,#4681,.T.);
#2978=ORIENTED_EDGE('',*,*,#3668,.F.);
#2979=ORIENTED_EDGE('',*,*,#4680,.F.);
#2980=ORIENTED_EDGE('',*,*,#4685,.T.);
#2981=ORIENTED_EDGE('',*,*,#4683,.T.);
#2982=ORIENTED_EDGE('',*,*,#4679,.F.);
#2983=ORIENTED_EDGE('',*,*,#4682,.T.);
#2984=ORIENTED_EDGE('',*,*,#4684,.T.);
#2985=ORIENTED_EDGE('',*,*,#4685,.F.);
#2986=ORIENTED_EDGE('',*,*,#3671,.F.);
#2987=ORIENTED_EDGE('',*,*,#4686,.F.);
#2988=ORIENTED_EDGE('',*,*,#4687,.T.);
#2989=ORIENTED_EDGE('',*,*,#4688,.T.);
#2990=ORIENTED_EDGE('',*,*,#3670,.T.);
#2991=ORIENTED_EDGE('',*,*,#4689,.F.);
#2992=ORIENTED_EDGE('',*,*,#4690,.F.);
#2993=ORIENTED_EDGE('',*,*,#4686,.T.);
#2994=ORIENTED_EDGE('',*,*,#3673,.T.);
#2995=ORIENTED_EDGE('',*,*,#4691,.F.);
#2996=ORIENTED_EDGE('',*,*,#4692,.F.);
#2997=ORIENTED_EDGE('',*,*,#4689,.T.);
#2998=ORIENTED_EDGE('',*,*,#3672,.F.);
#2999=ORIENTED_EDGE('',*,*,#4688,.F.);
#3000=ORIENTED_EDGE('',*,*,#4693,.T.);
#3001=ORIENTED_EDGE('',*,*,#4691,.T.);
#3002=ORIENTED_EDGE('',*,*,#4687,.F.);
#3003=ORIENTED_EDGE('',*,*,#4690,.T.);
#3004=ORIENTED_EDGE('',*,*,#4692,.T.);
#3005=ORIENTED_EDGE('',*,*,#4693,.F.);
#3006=ORIENTED_EDGE('',*,*,#3675,.F.);
#3007=ORIENTED_EDGE('',*,*,#4694,.F.);
#3008=ORIENTED_EDGE('',*,*,#4695,.T.);
#3009=ORIENTED_EDGE('',*,*,#4696,.T.);
#3010=ORIENTED_EDGE('',*,*,#3674,.T.);
#3011=ORIENTED_EDGE('',*,*,#4697,.F.);
#3012=ORIENTED_EDGE('',*,*,#4698,.F.);
#3013=ORIENTED_EDGE('',*,*,#4694,.T.);
#3014=ORIENTED_EDGE('',*,*,#3677,.T.);
#3015=ORIENTED_EDGE('',*,*,#4699,.F.);
#3016=ORIENTED_EDGE('',*,*,#4700,.F.);
#3017=ORIENTED_EDGE('',*,*,#4697,.T.);
#3018=ORIENTED_EDGE('',*,*,#3676,.F.);
#3019=ORIENTED_EDGE('',*,*,#4696,.F.);
#3020=ORIENTED_EDGE('',*,*,#4701,.T.);
#3021=ORIENTED_EDGE('',*,*,#4699,.T.);
#3022=ORIENTED_EDGE('',*,*,#4695,.F.);
#3023=ORIENTED_EDGE('',*,*,#4698,.T.);
#3024=ORIENTED_EDGE('',*,*,#4700,.T.);
#3025=ORIENTED_EDGE('',*,*,#4701,.F.);
#3026=ORIENTED_EDGE('',*,*,#3679,.F.);
#3027=ORIENTED_EDGE('',*,*,#4702,.F.);
#3028=ORIENTED_EDGE('',*,*,#4703,.T.);
#3029=ORIENTED_EDGE('',*,*,#4704,.T.);
#3030=ORIENTED_EDGE('',*,*,#3678,.T.);
#3031=ORIENTED_EDGE('',*,*,#4705,.F.);
#3032=ORIENTED_EDGE('',*,*,#4706,.F.);
#3033=ORIENTED_EDGE('',*,*,#4702,.T.);
#3034=ORIENTED_EDGE('',*,*,#3681,.T.);
#3035=ORIENTED_EDGE('',*,*,#4707,.F.);
#3036=ORIENTED_EDGE('',*,*,#4708,.F.);
#3037=ORIENTED_EDGE('',*,*,#4705,.T.);
#3038=ORIENTED_EDGE('',*,*,#3680,.F.);
#3039=ORIENTED_EDGE('',*,*,#4704,.F.);
#3040=ORIENTED_EDGE('',*,*,#4709,.T.);
#3041=ORIENTED_EDGE('',*,*,#4707,.T.);
#3042=ORIENTED_EDGE('',*,*,#4703,.F.);
#3043=ORIENTED_EDGE('',*,*,#4706,.T.);
#3044=ORIENTED_EDGE('',*,*,#4708,.T.);
#3045=ORIENTED_EDGE('',*,*,#4709,.F.);
#3046=ORIENTED_EDGE('',*,*,#3683,.F.);
#3047=ORIENTED_EDGE('',*,*,#4710,.F.);
#3048=ORIENTED_EDGE('',*,*,#4711,.T.);
#3049=ORIENTED_EDGE('',*,*,#4712,.T.);
#3050=ORIENTED_EDGE('',*,*,#3682,.T.);
#3051=ORIENTED_EDGE('',*,*,#4713,.F.);
#3052=ORIENTED_EDGE('',*,*,#4714,.F.);
#3053=ORIENTED_EDGE('',*,*,#4710,.T.);
#3054=ORIENTED_EDGE('',*,*,#3685,.T.);
#3055=ORIENTED_EDGE('',*,*,#4715,.F.);
#3056=ORIENTED_EDGE('',*,*,#4716,.F.);
#3057=ORIENTED_EDGE('',*,*,#4713,.T.);
#3058=ORIENTED_EDGE('',*,*,#3684,.F.);
#3059=ORIENTED_EDGE('',*,*,#4712,.F.);
#3060=ORIENTED_EDGE('',*,*,#4717,.T.);
#3061=ORIENTED_EDGE('',*,*,#4715,.T.);
#3062=ORIENTED_EDGE('',*,*,#4711,.F.);
#3063=ORIENTED_EDGE('',*,*,#4714,.T.);
#3064=ORIENTED_EDGE('',*,*,#4716,.T.);
#3065=ORIENTED_EDGE('',*,*,#4717,.F.);
#3066=ORIENTED_EDGE('',*,*,#3687,.F.);
#3067=ORIENTED_EDGE('',*,*,#4718,.F.);
#3068=ORIENTED_EDGE('',*,*,#4719,.T.);
#3069=ORIENTED_EDGE('',*,*,#4720,.T.);
#3070=ORIENTED_EDGE('',*,*,#3686,.T.);
#3071=ORIENTED_EDGE('',*,*,#4721,.F.);
#3072=ORIENTED_EDGE('',*,*,#4722,.F.);
#3073=ORIENTED_EDGE('',*,*,#4718,.T.);
#3074=ORIENTED_EDGE('',*,*,#3689,.T.);
#3075=ORIENTED_EDGE('',*,*,#4723,.F.);
#3076=ORIENTED_EDGE('',*,*,#4724,.F.);
#3077=ORIENTED_EDGE('',*,*,#4721,.T.);
#3078=ORIENTED_EDGE('',*,*,#3688,.F.);
#3079=ORIENTED_EDGE('',*,*,#4720,.F.);
#3080=ORIENTED_EDGE('',*,*,#4725,.T.);
#3081=ORIENTED_EDGE('',*,*,#4723,.T.);
#3082=ORIENTED_EDGE('',*,*,#4719,.F.);
#3083=ORIENTED_EDGE('',*,*,#4722,.T.);
#3084=ORIENTED_EDGE('',*,*,#4724,.T.);
#3085=ORIENTED_EDGE('',*,*,#4725,.F.);
#3086=ORIENTED_EDGE('',*,*,#3691,.F.);
#3087=ORIENTED_EDGE('',*,*,#4726,.F.);
#3088=ORIENTED_EDGE('',*,*,#4727,.T.);
#3089=ORIENTED_EDGE('',*,*,#4728,.T.);
#3090=ORIENTED_EDGE('',*,*,#3690,.T.);
#3091=ORIENTED_EDGE('',*,*,#4729,.F.);
#3092=ORIENTED_EDGE('',*,*,#4730,.F.);
#3093=ORIENTED_EDGE('',*,*,#4726,.T.);
#3094=ORIENTED_EDGE('',*,*,#3693,.T.);
#3095=ORIENTED_EDGE('',*,*,#4731,.F.);
#3096=ORIENTED_EDGE('',*,*,#4732,.F.);
#3097=ORIENTED_EDGE('',*,*,#4729,.T.);
#3098=ORIENTED_EDGE('',*,*,#3692,.F.);
#3099=ORIENTED_EDGE('',*,*,#4728,.F.);
#3100=ORIENTED_EDGE('',*,*,#4733,.T.);
#3101=ORIENTED_EDGE('',*,*,#4731,.T.);
#3102=ORIENTED_EDGE('',*,*,#4727,.F.);
#3103=ORIENTED_EDGE('',*,*,#4730,.T.);
#3104=ORIENTED_EDGE('',*,*,#4732,.T.);
#3105=ORIENTED_EDGE('',*,*,#4733,.F.);
#3106=ORIENTED_EDGE('',*,*,#3695,.F.);
#3107=ORIENTED_EDGE('',*,*,#4734,.F.);
#3108=ORIENTED_EDGE('',*,*,#4735,.T.);
#3109=ORIENTED_EDGE('',*,*,#4736,.T.);
#3110=ORIENTED_EDGE('',*,*,#3694,.T.);
#3111=ORIENTED_EDGE('',*,*,#4737,.F.);
#3112=ORIENTED_EDGE('',*,*,#4738,.F.);
#3113=ORIENTED_EDGE('',*,*,#4734,.T.);
#3114=ORIENTED_EDGE('',*,*,#3697,.T.);
#3115=ORIENTED_EDGE('',*,*,#4739,.F.);
#3116=ORIENTED_EDGE('',*,*,#4740,.F.);
#3117=ORIENTED_EDGE('',*,*,#4737,.T.);
#3118=ORIENTED_EDGE('',*,*,#3696,.F.);
#3119=ORIENTED_EDGE('',*,*,#4736,.F.);
#3120=ORIENTED_EDGE('',*,*,#4741,.T.);
#3121=ORIENTED_EDGE('',*,*,#4739,.T.);
#3122=ORIENTED_EDGE('',*,*,#4735,.F.);
#3123=ORIENTED_EDGE('',*,*,#4738,.T.);
#3124=ORIENTED_EDGE('',*,*,#4740,.T.);
#3125=ORIENTED_EDGE('',*,*,#4741,.F.);
#3126=ORIENTED_EDGE('',*,*,#3699,.F.);
#3127=ORIENTED_EDGE('',*,*,#4742,.F.);
#3128=ORIENTED_EDGE('',*,*,#4743,.T.);
#3129=ORIENTED_EDGE('',*,*,#4744,.T.);
#3130=ORIENTED_EDGE('',*,*,#3698,.T.);
#3131=ORIENTED_EDGE('',*,*,#4745,.F.);
#3132=ORIENTED_EDGE('',*,*,#4746,.F.);
#3133=ORIENTED_EDGE('',*,*,#4742,.T.);
#3134=ORIENTED_EDGE('',*,*,#3701,.T.);
#3135=ORIENTED_EDGE('',*,*,#4747,.F.);
#3136=ORIENTED_EDGE('',*,*,#4748,.F.);
#3137=ORIENTED_EDGE('',*,*,#4745,.T.);
#3138=ORIENTED_EDGE('',*,*,#3700,.F.);
#3139=ORIENTED_EDGE('',*,*,#4744,.F.);
#3140=ORIENTED_EDGE('',*,*,#4749,.T.);
#3141=ORIENTED_EDGE('',*,*,#4747,.T.);
#3142=ORIENTED_EDGE('',*,*,#4743,.F.);
#3143=ORIENTED_EDGE('',*,*,#4746,.T.);
#3144=ORIENTED_EDGE('',*,*,#4748,.T.);
#3145=ORIENTED_EDGE('',*,*,#4749,.F.);
#3146=ORIENTED_EDGE('',*,*,#4750,.T.);
#3147=ORIENTED_EDGE('',*,*,#4751,.T.);
#3148=ORIENTED_EDGE('',*,*,#3702,.T.);
#3149=ORIENTED_EDGE('',*,*,#3187,.F.);
#3150=ORIENTED_EDGE('',*,*,#3186,.F.);
#3151=ORIENTED_EDGE('',*,*,#3725,.T.);
#3152=ORIENTED_EDGE('',*,*,#3703,.F.);
#3153=ORIENTED_EDGE('',*,*,#4751,.F.);
#3154=ORIENTED_EDGE('',*,*,#4750,.F.);
#3155=ORIENTED_EDGE('',*,*,#3724,.F.);
#3156=ORIENTED_EDGE('',*,*,#3720,.F.);
#3157=ORIENTED_EDGE('',*,*,#4752,.T.);
#3158=ORIENTED_EDGE('',*,*,#4753,.T.);
#3159=ORIENTED_EDGE('',*,*,#3721,.T.);
#3160=ORIENTED_EDGE('',*,*,#3184,.F.);
#3161=ORIENTED_EDGE('',*,*,#3183,.F.);
#3162=ORIENTED_EDGE('',*,*,#4752,.F.);
#3163=ORIENTED_EDGE('',*,*,#3719,.T.);
#3164=ORIENTED_EDGE('',*,*,#3722,.F.);
#3165=ORIENTED_EDGE('',*,*,#4753,.F.);
#3166=ORIENTED_EDGE('',*,*,#3710,.F.);
#3167=ORIENTED_EDGE('',*,*,#4754,.T.);
#3168=ORIENTED_EDGE('',*,*,#3715,.F.);
#3169=ORIENTED_EDGE('',*,*,#3181,.F.);
#3170=ORIENTED_EDGE('',*,*,#4754,.F.);
#3171=ORIENTED_EDGE('',*,*,#3709,.T.);
#3172=ORIENTED_EDGE('',*,*,#3716,.T.);
#3173=ORIENTED_EDGE('',*,*,#3189,.F.);
#3174=ORIENTED_EDGE('',*,*,#3708,.T.);
#3175=ORIENTED_EDGE('',*,*,#4755,.T.);
#3176=ORIENTED_EDGE('',*,*,#3711,.F.);
#3177=ORIENTED_EDGE('',*,*,#3707,.F.);
#3178=ORIENTED_EDGE('',*,*,#3712,.T.);
#3179=ORIENTED_EDGE('',*,*,#4755,.F.);
#3180=EDGE_CURVE('',#4756,#4757,#5808,.T.);
#3181=EDGE_CURVE('',#4757,#4758,#16,.T.);
#3182=EDGE_CURVE('',#4758,#4759,#5809,.T.);
#3183=EDGE_CURVE('',#4759,#4760,#17,.T.);
#3184=EDGE_CURVE('',#4760,#4761,#18,.T.);
#3185=EDGE_CURVE('',#4762,#4761,#5810,.T.);
#3186=EDGE_CURVE('',#4762,#4763,#19,.T.);
#3187=EDGE_CURVE('',#4763,#4764,#20,.T.);
#3188=EDGE_CURVE('',#4765,#4764,#5811,.T.);
#3189=EDGE_CURVE('',#4765,#4756,#21,.T.);
#3190=EDGE_CURVE('',#4766,#4767,#5812,.T.);
#3191=EDGE_CURVE('',#4766,#4768,#5813,.T.);
#3192=EDGE_CURVE('',#4768,#4769,#5814,.T.);
#3193=EDGE_CURVE('',#4767,#4769,#5815,.T.);
#3194=EDGE_CURVE('',#4770,#4771,#5816,.T.);
#3195=EDGE_CURVE('',#4770,#4772,#5817,.T.);
#3196=EDGE_CURVE('',#4772,#4773,#5818,.T.);
#3197=EDGE_CURVE('',#4771,#4773,#5819,.T.);
#3198=EDGE_CURVE('',#4774,#4775,#5820,.T.);
#3199=EDGE_CURVE('',#4774,#4776,#5821,.T.);
#3200=EDGE_CURVE('',#4776,#4777,#5822,.T.);
#3201=EDGE_CURVE('',#4775,#4777,#5823,.T.);
#3202=EDGE_CURVE('',#4778,#4779,#5824,.T.);
#3203=EDGE_CURVE('',#4778,#4780,#5825,.T.);
#3204=EDGE_CURVE('',#4780,#4781,#5826,.T.);
#3205=EDGE_CURVE('',#4779,#4781,#5827,.T.);
#3206=EDGE_CURVE('',#4782,#4783,#5828,.T.);
#3207=EDGE_CURVE('',#4782,#4784,#5829,.T.);
#3208=EDGE_CURVE('',#4784,#4785,#5830,.T.);
#3209=EDGE_CURVE('',#4783,#4785,#5831,.T.);
#3210=EDGE_CURVE('',#4786,#4787,#5832,.T.);
#3211=EDGE_CURVE('',#4786,#4788,#5833,.T.);
#3212=EDGE_CURVE('',#4788,#4789,#5834,.T.);
#3213=EDGE_CURVE('',#4787,#4789,#5835,.T.);
#3214=EDGE_CURVE('',#4790,#4791,#5836,.T.);
#3215=EDGE_CURVE('',#4790,#4792,#5837,.T.);
#3216=EDGE_CURVE('',#4792,#4793,#5838,.T.);
#3217=EDGE_CURVE('',#4791,#4793,#5839,.T.);
#3218=EDGE_CURVE('',#4794,#4795,#5840,.T.);
#3219=EDGE_CURVE('',#4794,#4796,#5841,.T.);
#3220=EDGE_CURVE('',#4796,#4797,#5842,.T.);
#3221=EDGE_CURVE('',#4795,#4797,#5843,.T.);
#3222=EDGE_CURVE('',#4798,#4799,#5844,.T.);
#3223=EDGE_CURVE('',#4798,#4800,#5845,.T.);
#3224=EDGE_CURVE('',#4800,#4801,#5846,.T.);
#3225=EDGE_CURVE('',#4799,#4801,#5847,.T.);
#3226=EDGE_CURVE('',#4802,#4803,#5848,.T.);
#3227=EDGE_CURVE('',#4802,#4804,#5849,.T.);
#3228=EDGE_CURVE('',#4804,#4805,#5850,.T.);
#3229=EDGE_CURVE('',#4803,#4805,#5851,.T.);
#3230=EDGE_CURVE('',#4806,#4807,#5852,.T.);
#3231=EDGE_CURVE('',#4806,#4808,#5853,.T.);
#3232=EDGE_CURVE('',#4808,#4809,#5854,.T.);
#3233=EDGE_CURVE('',#4807,#4809,#5855,.T.);
#3234=EDGE_CURVE('',#4810,#4811,#5856,.T.);
#3235=EDGE_CURVE('',#4810,#4812,#5857,.T.);
#3236=EDGE_CURVE('',#4812,#4813,#5858,.T.);
#3237=EDGE_CURVE('',#4811,#4813,#5859,.T.);
#3238=EDGE_CURVE('',#4814,#4815,#5860,.T.);
#3239=EDGE_CURVE('',#4814,#4816,#5861,.T.);
#3240=EDGE_CURVE('',#4816,#4817,#5862,.T.);
#3241=EDGE_CURVE('',#4815,#4817,#5863,.T.);
#3242=EDGE_CURVE('',#4818,#4819,#5864,.T.);
#3243=EDGE_CURVE('',#4818,#4820,#5865,.T.);
#3244=EDGE_CURVE('',#4820,#4821,#5866,.T.);
#3245=EDGE_CURVE('',#4819,#4821,#5867,.T.);
#3246=EDGE_CURVE('',#4822,#4823,#5868,.T.);
#3247=EDGE_CURVE('',#4822,#4824,#5869,.T.);
#3248=EDGE_CURVE('',#4824,#4825,#5870,.T.);
#3249=EDGE_CURVE('',#4823,#4825,#5871,.T.);
#3250=EDGE_CURVE('',#4826,#4827,#5872,.T.);
#3251=EDGE_CURVE('',#4826,#4828,#5873,.T.);
#3252=EDGE_CURVE('',#4828,#4829,#5874,.T.);
#3253=EDGE_CURVE('',#4827,#4829,#5875,.T.);
#3254=EDGE_CURVE('',#4830,#4831,#5876,.T.);
#3255=EDGE_CURVE('',#4830,#4832,#5877,.T.);
#3256=EDGE_CURVE('',#4832,#4833,#5878,.T.);
#3257=EDGE_CURVE('',#4831,#4833,#5879,.T.);
#3258=EDGE_CURVE('',#4834,#4835,#5880,.T.);
#3259=EDGE_CURVE('',#4834,#4836,#5881,.T.);
#3260=EDGE_CURVE('',#4836,#4837,#5882,.T.);
#3261=EDGE_CURVE('',#4835,#4837,#5883,.T.);
#3262=EDGE_CURVE('',#4838,#4839,#5884,.T.);
#3263=EDGE_CURVE('',#4838,#4840,#5885,.T.);
#3264=EDGE_CURVE('',#4840,#4841,#5886,.T.);
#3265=EDGE_CURVE('',#4839,#4841,#5887,.T.);
#3266=EDGE_CURVE('',#4842,#4843,#5888,.T.);
#3267=EDGE_CURVE('',#4842,#4844,#5889,.T.);
#3268=EDGE_CURVE('',#4844,#4845,#5890,.T.);
#3269=EDGE_CURVE('',#4843,#4845,#5891,.T.);
#3270=EDGE_CURVE('',#4846,#4847,#5892,.T.);
#3271=EDGE_CURVE('',#4846,#4848,#5893,.T.);
#3272=EDGE_CURVE('',#4848,#4849,#5894,.T.);
#3273=EDGE_CURVE('',#4847,#4849,#5895,.T.);
#3274=EDGE_CURVE('',#4850,#4851,#5896,.T.);
#3275=EDGE_CURVE('',#4850,#4852,#5897,.T.);
#3276=EDGE_CURVE('',#4852,#4853,#5898,.T.);
#3277=EDGE_CURVE('',#4851,#4853,#5899,.T.);
#3278=EDGE_CURVE('',#4854,#4855,#5900,.T.);
#3279=EDGE_CURVE('',#4854,#4856,#5901,.T.);
#3280=EDGE_CURVE('',#4856,#4857,#5902,.T.);
#3281=EDGE_CURVE('',#4855,#4857,#5903,.T.);
#3282=EDGE_CURVE('',#4858,#4859,#5904,.T.);
#3283=EDGE_CURVE('',#4858,#4860,#5905,.T.);
#3284=EDGE_CURVE('',#4860,#4861,#5906,.T.);
#3285=EDGE_CURVE('',#4859,#4861,#5907,.T.);
#3286=EDGE_CURVE('',#4862,#4863,#5908,.T.);
#3287=EDGE_CURVE('',#4862,#4864,#5909,.T.);
#3288=EDGE_CURVE('',#4864,#4865,#5910,.T.);
#3289=EDGE_CURVE('',#4863,#4865,#5911,.T.);
#3290=EDGE_CURVE('',#4866,#4867,#5912,.T.);
#3291=EDGE_CURVE('',#4866,#4868,#5913,.T.);
#3292=EDGE_CURVE('',#4868,#4869,#5914,.T.);
#3293=EDGE_CURVE('',#4867,#4869,#5915,.T.);
#3294=EDGE_CURVE('',#4870,#4871,#5916,.T.);
#3295=EDGE_CURVE('',#4870,#4872,#5917,.T.);
#3296=EDGE_CURVE('',#4872,#4873,#5918,.T.);
#3297=EDGE_CURVE('',#4871,#4873,#5919,.T.);
#3298=EDGE_CURVE('',#4874,#4875,#5920,.T.);
#3299=EDGE_CURVE('',#4874,#4876,#5921,.T.);
#3300=EDGE_CURVE('',#4876,#4877,#5922,.T.);
#3301=EDGE_CURVE('',#4875,#4877,#5923,.T.);
#3302=EDGE_CURVE('',#4878,#4879,#5924,.T.);
#3303=EDGE_CURVE('',#4878,#4880,#5925,.T.);
#3304=EDGE_CURVE('',#4880,#4881,#5926,.T.);
#3305=EDGE_CURVE('',#4879,#4881,#5927,.T.);
#3306=EDGE_CURVE('',#4882,#4883,#5928,.T.);
#3307=EDGE_CURVE('',#4882,#4884,#5929,.T.);
#3308=EDGE_CURVE('',#4884,#4885,#5930,.T.);
#3309=EDGE_CURVE('',#4883,#4885,#5931,.T.);
#3310=EDGE_CURVE('',#4886,#4887,#5932,.T.);
#3311=EDGE_CURVE('',#4886,#4888,#5933,.T.);
#3312=EDGE_CURVE('',#4888,#4889,#5934,.T.);
#3313=EDGE_CURVE('',#4887,#4889,#5935,.T.);
#3314=EDGE_CURVE('',#4890,#4891,#5936,.T.);
#3315=EDGE_CURVE('',#4890,#4892,#5937,.T.);
#3316=EDGE_CURVE('',#4892,#4893,#5938,.T.);
#3317=EDGE_CURVE('',#4891,#4893,#5939,.T.);
#3318=EDGE_CURVE('',#4894,#4895,#5940,.T.);
#3319=EDGE_CURVE('',#4894,#4896,#5941,.T.);
#3320=EDGE_CURVE('',#4896,#4897,#5942,.T.);
#3321=EDGE_CURVE('',#4895,#4897,#5943,.T.);
#3322=EDGE_CURVE('',#4898,#4899,#5944,.T.);
#3323=EDGE_CURVE('',#4898,#4900,#5945,.T.);
#3324=EDGE_CURVE('',#4900,#4901,#5946,.T.);
#3325=EDGE_CURVE('',#4899,#4901,#5947,.T.);
#3326=EDGE_CURVE('',#4902,#4903,#5948,.T.);
#3327=EDGE_CURVE('',#4902,#4904,#5949,.T.);
#3328=EDGE_CURVE('',#4904,#4905,#5950,.T.);
#3329=EDGE_CURVE('',#4903,#4905,#5951,.T.);
#3330=EDGE_CURVE('',#4906,#4907,#5952,.T.);
#3331=EDGE_CURVE('',#4906,#4908,#5953,.T.);
#3332=EDGE_CURVE('',#4908,#4909,#5954,.T.);
#3333=EDGE_CURVE('',#4907,#4909,#5955,.T.);
#3334=EDGE_CURVE('',#4910,#4911,#5956,.T.);
#3335=EDGE_CURVE('',#4910,#4912,#5957,.T.);
#3336=EDGE_CURVE('',#4912,#4913,#5958,.T.);
#3337=EDGE_CURVE('',#4911,#4913,#5959,.T.);
#3338=EDGE_CURVE('',#4914,#4915,#5960,.T.);
#3339=EDGE_CURVE('',#4914,#4916,#5961,.T.);
#3340=EDGE_CURVE('',#4916,#4917,#5962,.T.);
#3341=EDGE_CURVE('',#4915,#4917,#5963,.T.);
#3342=EDGE_CURVE('',#4918,#4919,#5964,.T.);
#3343=EDGE_CURVE('',#4918,#4920,#5965,.T.);
#3344=EDGE_CURVE('',#4920,#4921,#5966,.T.);
#3345=EDGE_CURVE('',#4919,#4921,#5967,.T.);
#3346=EDGE_CURVE('',#4922,#4923,#5968,.T.);
#3347=EDGE_CURVE('',#4922,#4924,#5969,.T.);
#3348=EDGE_CURVE('',#4924,#4925,#5970,.T.);
#3349=EDGE_CURVE('',#4923,#4925,#5971,.T.);
#3350=EDGE_CURVE('',#4926,#4927,#5972,.T.);
#3351=EDGE_CURVE('',#4926,#4928,#5973,.T.);
#3352=EDGE_CURVE('',#4928,#4929,#5974,.T.);
#3353=EDGE_CURVE('',#4927,#4929,#5975,.T.);
#3354=EDGE_CURVE('',#4930,#4931,#5976,.T.);
#3355=EDGE_CURVE('',#4930,#4932,#5977,.T.);
#3356=EDGE_CURVE('',#4932,#4933,#5978,.T.);
#3357=EDGE_CURVE('',#4931,#4933,#5979,.T.);
#3358=EDGE_CURVE('',#4934,#4935,#5980,.T.);
#3359=EDGE_CURVE('',#4934,#4936,#5981,.T.);
#3360=EDGE_CURVE('',#4936,#4937,#5982,.T.);
#3361=EDGE_CURVE('',#4935,#4937,#5983,.T.);
#3362=EDGE_CURVE('',#4938,#4939,#5984,.T.);
#3363=EDGE_CURVE('',#4938,#4940,#5985,.T.);
#3364=EDGE_CURVE('',#4940,#4941,#5986,.T.);
#3365=EDGE_CURVE('',#4939,#4941,#5987,.T.);
#3366=EDGE_CURVE('',#4942,#4943,#5988,.T.);
#3367=EDGE_CURVE('',#4942,#4944,#5989,.T.);
#3368=EDGE_CURVE('',#4944,#4945,#5990,.T.);
#3369=EDGE_CURVE('',#4943,#4945,#5991,.T.);
#3370=EDGE_CURVE('',#4946,#4947,#5992,.T.);
#3371=EDGE_CURVE('',#4946,#4948,#5993,.T.);
#3372=EDGE_CURVE('',#4948,#4949,#5994,.T.);
#3373=EDGE_CURVE('',#4947,#4949,#5995,.T.);
#3374=EDGE_CURVE('',#4950,#4951,#5996,.T.);
#3375=EDGE_CURVE('',#4950,#4952,#5997,.T.);
#3376=EDGE_CURVE('',#4952,#4953,#5998,.T.);
#3377=EDGE_CURVE('',#4951,#4953,#5999,.T.);
#3378=EDGE_CURVE('',#4954,#4955,#6000,.T.);
#3379=EDGE_CURVE('',#4954,#4956,#6001,.T.);
#3380=EDGE_CURVE('',#4956,#4957,#6002,.T.);
#3381=EDGE_CURVE('',#4955,#4957,#6003,.T.);
#3382=EDGE_CURVE('',#4958,#4959,#6004,.T.);
#3383=EDGE_CURVE('',#4958,#4960,#6005,.T.);
#3384=EDGE_CURVE('',#4960,#4961,#6006,.T.);
#3385=EDGE_CURVE('',#4959,#4961,#6007,.T.);
#3386=EDGE_CURVE('',#4962,#4963,#6008,.T.);
#3387=EDGE_CURVE('',#4962,#4964,#6009,.T.);
#3388=EDGE_CURVE('',#4964,#4965,#6010,.T.);
#3389=EDGE_CURVE('',#4963,#4965,#6011,.T.);
#3390=EDGE_CURVE('',#4966,#4967,#6012,.T.);
#3391=EDGE_CURVE('',#4966,#4968,#6013,.T.);
#3392=EDGE_CURVE('',#4968,#4969,#6014,.T.);
#3393=EDGE_CURVE('',#4967,#4969,#6015,.T.);
#3394=EDGE_CURVE('',#4970,#4971,#6016,.T.);
#3395=EDGE_CURVE('',#4970,#4972,#6017,.T.);
#3396=EDGE_CURVE('',#4972,#4973,#6018,.T.);
#3397=EDGE_CURVE('',#4971,#4973,#6019,.T.);
#3398=EDGE_CURVE('',#4974,#4975,#6020,.T.);
#3399=EDGE_CURVE('',#4974,#4976,#6021,.T.);
#3400=EDGE_CURVE('',#4976,#4977,#6022,.T.);
#3401=EDGE_CURVE('',#4975,#4977,#6023,.T.);
#3402=EDGE_CURVE('',#4978,#4979,#6024,.T.);
#3403=EDGE_CURVE('',#4978,#4980,#6025,.T.);
#3404=EDGE_CURVE('',#4980,#4981,#6026,.T.);
#3405=EDGE_CURVE('',#4979,#4981,#6027,.T.);
#3406=EDGE_CURVE('',#4982,#4983,#6028,.T.);
#3407=EDGE_CURVE('',#4982,#4984,#6029,.T.);
#3408=EDGE_CURVE('',#4984,#4985,#6030,.T.);
#3409=EDGE_CURVE('',#4983,#4985,#6031,.T.);
#3410=EDGE_CURVE('',#4986,#4987,#6032,.T.);
#3411=EDGE_CURVE('',#4986,#4988,#6033,.T.);
#3412=EDGE_CURVE('',#4988,#4989,#6034,.T.);
#3413=EDGE_CURVE('',#4987,#4989,#6035,.T.);
#3414=EDGE_CURVE('',#4990,#4991,#6036,.T.);
#3415=EDGE_CURVE('',#4990,#4992,#6037,.T.);
#3416=EDGE_CURVE('',#4992,#4993,#6038,.T.);
#3417=EDGE_CURVE('',#4991,#4993,#6039,.T.);
#3418=EDGE_CURVE('',#4994,#4995,#6040,.T.);
#3419=EDGE_CURVE('',#4994,#4996,#6041,.T.);
#3420=EDGE_CURVE('',#4996,#4997,#6042,.T.);
#3421=EDGE_CURVE('',#4995,#4997,#6043,.T.);
#3422=EDGE_CURVE('',#4998,#4999,#6044,.T.);
#3423=EDGE_CURVE('',#4998,#5000,#6045,.T.);
#3424=EDGE_CURVE('',#5000,#5001,#6046,.T.);
#3425=EDGE_CURVE('',#4999,#5001,#6047,.T.);
#3426=EDGE_CURVE('',#5002,#5003,#6048,.T.);
#3427=EDGE_CURVE('',#5002,#5004,#6049,.T.);
#3428=EDGE_CURVE('',#5004,#5005,#6050,.T.);
#3429=EDGE_CURVE('',#5003,#5005,#6051,.T.);
#3430=EDGE_CURVE('',#5006,#5007,#6052,.T.);
#3431=EDGE_CURVE('',#5006,#5008,#6053,.T.);
#3432=EDGE_CURVE('',#5008,#5009,#6054,.T.);
#3433=EDGE_CURVE('',#5007,#5009,#6055,.T.);
#3434=EDGE_CURVE('',#5010,#5011,#6056,.T.);
#3435=EDGE_CURVE('',#5010,#5012,#6057,.T.);
#3436=EDGE_CURVE('',#5012,#5013,#6058,.T.);
#3437=EDGE_CURVE('',#5011,#5013,#6059,.T.);
#3438=EDGE_CURVE('',#5014,#5015,#6060,.T.);
#3439=EDGE_CURVE('',#5014,#5016,#6061,.T.);
#3440=EDGE_CURVE('',#5016,#5017,#6062,.T.);
#3441=EDGE_CURVE('',#5015,#5017,#6063,.T.);
#3442=EDGE_CURVE('',#5018,#5019,#6064,.T.);
#3443=EDGE_CURVE('',#5018,#5020,#6065,.T.);
#3444=EDGE_CURVE('',#5020,#5021,#6066,.T.);
#3445=EDGE_CURVE('',#5019,#5021,#6067,.T.);
#3446=EDGE_CURVE('',#5022,#5023,#6068,.T.);
#3447=EDGE_CURVE('',#5022,#5024,#6069,.T.);
#3448=EDGE_CURVE('',#5024,#5025,#6070,.T.);
#3449=EDGE_CURVE('',#5023,#5025,#6071,.T.);
#3450=EDGE_CURVE('',#5026,#5027,#6072,.T.);
#3451=EDGE_CURVE('',#5026,#5028,#6073,.T.);
#3452=EDGE_CURVE('',#5028,#5029,#6074,.T.);
#3453=EDGE_CURVE('',#5027,#5029,#6075,.T.);
#3454=EDGE_CURVE('',#5030,#5031,#6076,.T.);
#3455=EDGE_CURVE('',#5030,#5032,#6077,.T.);
#3456=EDGE_CURVE('',#5032,#5033,#6078,.T.);
#3457=EDGE_CURVE('',#5031,#5033,#6079,.T.);
#3458=EDGE_CURVE('',#5034,#5035,#6080,.T.);
#3459=EDGE_CURVE('',#5034,#5036,#6081,.T.);
#3460=EDGE_CURVE('',#5036,#5037,#6082,.T.);
#3461=EDGE_CURVE('',#5035,#5037,#6083,.T.);
#3462=EDGE_CURVE('',#5038,#5039,#6084,.T.);
#3463=EDGE_CURVE('',#5038,#5040,#6085,.T.);
#3464=EDGE_CURVE('',#5040,#5041,#6086,.T.);
#3465=EDGE_CURVE('',#5039,#5041,#6087,.T.);
#3466=EDGE_CURVE('',#5042,#5043,#6088,.T.);
#3467=EDGE_CURVE('',#5042,#5044,#6089,.T.);
#3468=EDGE_CURVE('',#5044,#5045,#6090,.T.);
#3469=EDGE_CURVE('',#5043,#5045,#6091,.T.);
#3470=EDGE_CURVE('',#5046,#5047,#6092,.T.);
#3471=EDGE_CURVE('',#5046,#5048,#6093,.T.);
#3472=EDGE_CURVE('',#5048,#5049,#6094,.T.);
#3473=EDGE_CURVE('',#5047,#5049,#6095,.T.);
#3474=EDGE_CURVE('',#5050,#5051,#6096,.T.);
#3475=EDGE_CURVE('',#5050,#5052,#6097,.T.);
#3476=EDGE_CURVE('',#5052,#5053,#6098,.T.);
#3477=EDGE_CURVE('',#5051,#5053,#6099,.T.);
#3478=EDGE_CURVE('',#5054,#5055,#6100,.T.);
#3479=EDGE_CURVE('',#5054,#5056,#6101,.T.);
#3480=EDGE_CURVE('',#5056,#5057,#6102,.T.);
#3481=EDGE_CURVE('',#5055,#5057,#6103,.T.);
#3482=EDGE_CURVE('',#5058,#5059,#6104,.T.);
#3483=EDGE_CURVE('',#5058,#5060,#6105,.T.);
#3484=EDGE_CURVE('',#5060,#5061,#6106,.T.);
#3485=EDGE_CURVE('',#5059,#5061,#6107,.T.);
#3486=EDGE_CURVE('',#5062,#5063,#6108,.T.);
#3487=EDGE_CURVE('',#5062,#5064,#6109,.T.);
#3488=EDGE_CURVE('',#5064,#5065,#6110,.T.);
#3489=EDGE_CURVE('',#5063,#5065,#6111,.T.);
#3490=EDGE_CURVE('',#5066,#5067,#6112,.T.);
#3491=EDGE_CURVE('',#5066,#5068,#6113,.T.);
#3492=EDGE_CURVE('',#5068,#5069,#6114,.T.);
#3493=EDGE_CURVE('',#5067,#5069,#6115,.T.);
#3494=EDGE_CURVE('',#5070,#5071,#6116,.T.);
#3495=EDGE_CURVE('',#5070,#5072,#6117,.T.);
#3496=EDGE_CURVE('',#5072,#5073,#6118,.T.);
#3497=EDGE_CURVE('',#5071,#5073,#6119,.T.);
#3498=EDGE_CURVE('',#5074,#5075,#6120,.T.);
#3499=EDGE_CURVE('',#5074,#5076,#6121,.T.);
#3500=EDGE_CURVE('',#5076,#5077,#6122,.T.);
#3501=EDGE_CURVE('',#5075,#5077,#6123,.T.);
#3502=EDGE_CURVE('',#5078,#5079,#6124,.T.);
#3503=EDGE_CURVE('',#5078,#5080,#6125,.T.);
#3504=EDGE_CURVE('',#5080,#5081,#6126,.T.);
#3505=EDGE_CURVE('',#5079,#5081,#6127,.T.);
#3506=EDGE_CURVE('',#5082,#5083,#6128,.T.);
#3507=EDGE_CURVE('',#5082,#5084,#6129,.T.);
#3508=EDGE_CURVE('',#5084,#5085,#6130,.T.);
#3509=EDGE_CURVE('',#5083,#5085,#6131,.T.);
#3510=EDGE_CURVE('',#5086,#5087,#6132,.T.);
#3511=EDGE_CURVE('',#5086,#5088,#6133,.T.);
#3512=EDGE_CURVE('',#5088,#5089,#6134,.T.);
#3513=EDGE_CURVE('',#5087,#5089,#6135,.T.);
#3514=EDGE_CURVE('',#5090,#5091,#6136,.T.);
#3515=EDGE_CURVE('',#5090,#5092,#6137,.T.);
#3516=EDGE_CURVE('',#5092,#5093,#6138,.T.);
#3517=EDGE_CURVE('',#5091,#5093,#6139,.T.);
#3518=EDGE_CURVE('',#5094,#5095,#6140,.T.);
#3519=EDGE_CURVE('',#5094,#5096,#6141,.T.);
#3520=EDGE_CURVE('',#5096,#5097,#6142,.T.);
#3521=EDGE_CURVE('',#5095,#5097,#6143,.T.);
#3522=EDGE_CURVE('',#5098,#5099,#6144,.T.);
#3523=EDGE_CURVE('',#5098,#5100,#6145,.T.);
#3524=EDGE_CURVE('',#5100,#5101,#6146,.T.);
#3525=EDGE_CURVE('',#5099,#5101,#6147,.T.);
#3526=EDGE_CURVE('',#5102,#5103,#6148,.T.);
#3527=EDGE_CURVE('',#5102,#5104,#6149,.T.);
#3528=EDGE_CURVE('',#5104,#5105,#6150,.T.);
#3529=EDGE_CURVE('',#5103,#5105,#6151,.T.);
#3530=EDGE_CURVE('',#5106,#5107,#6152,.T.);
#3531=EDGE_CURVE('',#5106,#5108,#6153,.T.);
#3532=EDGE_CURVE('',#5108,#5109,#6154,.T.);
#3533=EDGE_CURVE('',#5107,#5109,#6155,.T.);
#3534=EDGE_CURVE('',#5110,#5111,#6156,.T.);
#3535=EDGE_CURVE('',#5110,#5112,#6157,.T.);
#3536=EDGE_CURVE('',#5112,#5113,#6158,.T.);
#3537=EDGE_CURVE('',#5111,#5113,#6159,.T.);
#3538=EDGE_CURVE('',#5114,#5115,#6160,.T.);
#3539=EDGE_CURVE('',#5114,#5116,#6161,.T.);
#3540=EDGE_CURVE('',#5116,#5117,#6162,.T.);
#3541=EDGE_CURVE('',#5115,#5117,#6163,.T.);
#3542=EDGE_CURVE('',#5118,#5119,#6164,.T.);
#3543=EDGE_CURVE('',#5118,#5120,#6165,.T.);
#3544=EDGE_CURVE('',#5120,#5121,#6166,.T.);
#3545=EDGE_CURVE('',#5119,#5121,#6167,.T.);
#3546=EDGE_CURVE('',#5122,#5123,#6168,.T.);
#3547=EDGE_CURVE('',#5122,#5124,#6169,.T.);
#3548=EDGE_CURVE('',#5124,#5125,#6170,.T.);
#3549=EDGE_CURVE('',#5123,#5125,#6171,.T.);
#3550=EDGE_CURVE('',#5126,#5127,#6172,.T.);
#3551=EDGE_CURVE('',#5126,#5128,#6173,.T.);
#3552=EDGE_CURVE('',#5128,#5129,#6174,.T.);
#3553=EDGE_CURVE('',#5127,#5129,#6175,.T.);
#3554=EDGE_CURVE('',#5130,#5131,#6176,.T.);
#3555=EDGE_CURVE('',#5130,#5132,#6177,.T.);
#3556=EDGE_CURVE('',#5132,#5133,#6178,.T.);
#3557=EDGE_CURVE('',#5131,#5133,#6179,.T.);
#3558=EDGE_CURVE('',#5134,#5135,#6180,.T.);
#3559=EDGE_CURVE('',#5134,#5136,#6181,.T.);
#3560=EDGE_CURVE('',#5136,#5137,#6182,.T.);
#3561=EDGE_CURVE('',#5135,#5137,#6183,.T.);
#3562=EDGE_CURVE('',#5138,#5139,#6184,.T.);
#3563=EDGE_CURVE('',#5138,#5140,#6185,.T.);
#3564=EDGE_CURVE('',#5140,#5141,#6186,.T.);
#3565=EDGE_CURVE('',#5139,#5141,#6187,.T.);
#3566=EDGE_CURVE('',#5142,#5143,#6188,.T.);
#3567=EDGE_CURVE('',#5142,#5144,#6189,.T.);
#3568=EDGE_CURVE('',#5144,#5145,#6190,.T.);
#3569=EDGE_CURVE('',#5143,#5145,#6191,.T.);
#3570=EDGE_CURVE('',#5146,#5147,#6192,.T.);
#3571=EDGE_CURVE('',#5146,#5148,#6193,.T.);
#3572=EDGE_CURVE('',#5148,#5149,#6194,.T.);
#3573=EDGE_CURVE('',#5147,#5149,#6195,.T.);
#3574=EDGE_CURVE('',#5150,#5151,#6196,.T.);
#3575=EDGE_CURVE('',#5150,#5152,#6197,.T.);
#3576=EDGE_CURVE('',#5152,#5153,#6198,.T.);
#3577=EDGE_CURVE('',#5151,#5153,#6199,.T.);
#3578=EDGE_CURVE('',#5154,#5155,#6200,.T.);
#3579=EDGE_CURVE('',#5154,#5156,#6201,.T.);
#3580=EDGE_CURVE('',#5156,#5157,#6202,.T.);
#3581=EDGE_CURVE('',#5155,#5157,#6203,.T.);
#3582=EDGE_CURVE('',#5158,#5159,#6204,.T.);
#3583=EDGE_CURVE('',#5158,#5160,#6205,.T.);
#3584=EDGE_CURVE('',#5160,#5161,#6206,.T.);
#3585=EDGE_CURVE('',#5159,#5161,#6207,.T.);
#3586=EDGE_CURVE('',#5162,#5163,#6208,.T.);
#3587=EDGE_CURVE('',#5162,#5164,#6209,.T.);
#3588=EDGE_CURVE('',#5164,#5165,#6210,.T.);
#3589=EDGE_CURVE('',#5163,#5165,#6211,.T.);
#3590=EDGE_CURVE('',#5166,#5167,#6212,.T.);
#3591=EDGE_CURVE('',#5166,#5168,#6213,.T.);
#3592=EDGE_CURVE('',#5168,#5169,#6214,.T.);
#3593=EDGE_CURVE('',#5167,#5169,#6215,.T.);
#3594=EDGE_CURVE('',#5170,#5171,#6216,.T.);
#3595=EDGE_CURVE('',#5170,#5172,#6217,.T.);
#3596=EDGE_CURVE('',#5172,#5173,#6218,.T.);
#3597=EDGE_CURVE('',#5171,#5173,#6219,.T.);
#3598=EDGE_CURVE('',#5174,#5175,#6220,.T.);
#3599=EDGE_CURVE('',#5174,#5176,#6221,.T.);
#3600=EDGE_CURVE('',#5176,#5177,#6222,.T.);
#3601=EDGE_CURVE('',#5175,#5177,#6223,.T.);
#3602=EDGE_CURVE('',#5178,#5179,#6224,.T.);
#3603=EDGE_CURVE('',#5178,#5180,#6225,.T.);
#3604=EDGE_CURVE('',#5180,#5181,#6226,.T.);
#3605=EDGE_CURVE('',#5179,#5181,#6227,.T.);
#3606=EDGE_CURVE('',#5182,#5183,#6228,.T.);
#3607=EDGE_CURVE('',#5182,#5184,#6229,.T.);
#3608=EDGE_CURVE('',#5184,#5185,#6230,.T.);
#3609=EDGE_CURVE('',#5183,#5185,#6231,.T.);
#3610=EDGE_CURVE('',#5186,#5187,#6232,.T.);
#3611=EDGE_CURVE('',#5186,#5188,#6233,.T.);
#3612=EDGE_CURVE('',#5188,#5189,#6234,.T.);
#3613=EDGE_CURVE('',#5187,#5189,#6235,.T.);
#3614=EDGE_CURVE('',#5190,#5191,#6236,.T.);
#3615=EDGE_CURVE('',#5190,#5192,#6237,.T.);
#3616=EDGE_CURVE('',#5192,#5193,#6238,.T.);
#3617=EDGE_CURVE('',#5191,#5193,#6239,.T.);
#3618=EDGE_CURVE('',#5194,#5195,#6240,.T.);
#3619=EDGE_CURVE('',#5194,#5196,#6241,.T.);
#3620=EDGE_CURVE('',#5196,#5197,#6242,.T.);
#3621=EDGE_CURVE('',#5195,#5197,#6243,.T.);
#3622=EDGE_CURVE('',#5198,#5199,#6244,.T.);
#3623=EDGE_CURVE('',#5198,#5200,#6245,.T.);
#3624=EDGE_CURVE('',#5200,#5201,#6246,.T.);
#3625=EDGE_CURVE('',#5199,#5201,#6247,.T.);
#3626=EDGE_CURVE('',#5202,#5203,#6248,.T.);
#3627=EDGE_CURVE('',#5202,#5204,#6249,.T.);
#3628=EDGE_CURVE('',#5204,#5205,#6250,.T.);
#3629=EDGE_CURVE('',#5203,#5205,#6251,.T.);
#3630=EDGE_CURVE('',#5206,#5207,#6252,.T.);
#3631=EDGE_CURVE('',#5206,#5208,#6253,.T.);
#3632=EDGE_CURVE('',#5208,#5209,#6254,.T.);
#3633=EDGE_CURVE('',#5207,#5209,#6255,.T.);
#3634=EDGE_CURVE('',#5210,#5211,#6256,.T.);
#3635=EDGE_CURVE('',#5210,#5212,#6257,.T.);
#3636=EDGE_CURVE('',#5212,#5213,#6258,.T.);
#3637=EDGE_CURVE('',#5211,#5213,#6259,.T.);
#3638=EDGE_CURVE('',#5214,#5215,#6260,.T.);
#3639=EDGE_CURVE('',#5214,#5216,#6261,.T.);
#3640=EDGE_CURVE('',#5216,#5217,#6262,.T.);
#3641=EDGE_CURVE('',#5215,#5217,#6263,.T.);
#3642=EDGE_CURVE('',#5218,#5219,#6264,.T.);
#3643=EDGE_CURVE('',#5218,#5220,#6265,.T.);
#3644=EDGE_CURVE('',#5220,#5221,#6266,.T.);
#3645=EDGE_CURVE('',#5219,#5221,#6267,.T.);
#3646=EDGE_CURVE('',#5222,#5223,#6268,.T.);
#3647=EDGE_CURVE('',#5222,#5224,#6269,.T.);
#3648=EDGE_CURVE('',#5224,#5225,#6270,.T.);
#3649=EDGE_CURVE('',#5223,#5225,#6271,.T.);
#3650=EDGE_CURVE('',#5226,#5227,#6272,.T.);
#3651=EDGE_CURVE('',#5226,#5228,#6273,.T.);
#3652=EDGE_CURVE('',#5228,#5229,#6274,.T.);
#3653=EDGE_CURVE('',#5227,#5229,#6275,.T.);
#3654=EDGE_CURVE('',#5230,#5231,#6276,.T.);
#3655=EDGE_CURVE('',#5230,#5232,#6277,.T.);
#3656=EDGE_CURVE('',#5232,#5233,#6278,.T.);
#3657=EDGE_CURVE('',#5231,#5233,#6279,.T.);
#3658=EDGE_CURVE('',#5234,#5235,#6280,.T.);
#3659=EDGE_CURVE('',#5234,#5236,#6281,.T.);
#3660=EDGE_CURVE('',#5236,#5237,#6282,.T.);
#3661=EDGE_CURVE('',#5235,#5237,#6283,.T.);
#3662=EDGE_CURVE('',#5238,#5239,#6284,.T.);
#3663=EDGE_CURVE('',#5238,#5240,#6285,.T.);
#3664=EDGE_CURVE('',#5240,#5241,#6286,.T.);
#3665=EDGE_CURVE('',#5239,#5241,#6287,.T.);
#3666=EDGE_CURVE('',#5242,#5243,#6288,.T.);
#3667=EDGE_CURVE('',#5242,#5244,#6289,.T.);
#3668=EDGE_CURVE('',#5244,#5245,#6290,.T.);
#3669=EDGE_CURVE('',#5243,#5245,#6291,.T.);
#3670=EDGE_CURVE('',#5246,#5247,#6292,.T.);
#3671=EDGE_CURVE('',#5246,#5248,#6293,.T.);
#3672=EDGE_CURVE('',#5248,#5249,#6294,.T.);
#3673=EDGE_CURVE('',#5247,#5249,#6295,.T.);
#3674=EDGE_CURVE('',#5250,#5251,#6296,.T.);
#3675=EDGE_CURVE('',#5250,#5252,#6297,.T.);
#3676=EDGE_CURVE('',#5252,#5253,#6298,.T.);
#3677=EDGE_CURVE('',#5251,#5253,#6299,.T.);
#3678=EDGE_CURVE('',#5254,#5255,#6300,.T.);
#3679=EDGE_CURVE('',#5254,#5256,#6301,.T.);
#3680=EDGE_CURVE('',#5256,#5257,#6302,.T.);
#3681=EDGE_CURVE('',#5255,#5257,#6303,.T.);
#3682=EDGE_CURVE('',#5258,#5259,#6304,.T.);
#3683=EDGE_CURVE('',#5258,#5260,#6305,.T.);
#3684=EDGE_CURVE('',#5260,#5261,#6306,.T.);
#3685=EDGE_CURVE('',#5259,#5261,#6307,.T.);
#3686=EDGE_CURVE('',#5262,#5263,#6308,.T.);
#3687=EDGE_CURVE('',#5262,#5264,#6309,.T.);
#3688=EDGE_CURVE('',#5264,#5265,#6310,.T.);
#3689=EDGE_CURVE('',#5263,#5265,#6311,.T.);
#3690=EDGE_CURVE('',#5266,#5267,#6312,.T.);
#3691=EDGE_CURVE('',#5266,#5268,#6313,.T.);
#3692=EDGE_CURVE('',#5268,#5269,#6314,.T.);
#3693=EDGE_CURVE('',#5267,#5269,#6315,.T.);
#3694=EDGE_CURVE('',#5270,#5271,#6316,.T.);
#3695=EDGE_CURVE('',#5270,#5272,#6317,.T.);
#3696=EDGE_CURVE('',#5272,#5273,#6318,.T.);
#3697=EDGE_CURVE('',#5271,#5273,#6319,.T.);
#3698=EDGE_CURVE('',#5274,#5275,#6320,.T.);
#3699=EDGE_CURVE('',#5274,#5276,#6321,.T.);
#3700=EDGE_CURVE('',#5276,#5277,#6322,.T.);
#3701=EDGE_CURVE('',#5275,#5277,#6323,.T.);
#3702=EDGE_CURVE('',#5278,#4764,#6324,.T.);
#3703=EDGE_CURVE('',#5278,#5279,#6325,.T.);
#3704=EDGE_CURVE('',#5279,#5280,#6326,.T.);
#3705=EDGE_CURVE('',#5281,#5280,#6327,.T.);
#3706=EDGE_CURVE('',#5282,#5281,#6328,.T.);
#3707=EDGE_CURVE('',#5282,#5283,#6329,.T.);
#3708=EDGE_CURVE('',#4765,#5283,#6330,.F.);
#3709=EDGE_CURVE('',#5284,#5285,#6331,.T.);
#3710=EDGE_CURVE('',#5284,#4757,#6332,.T.);
#3711=EDGE_CURVE('',#4756,#5286,#6333,.F.);
#3712=EDGE_CURVE('',#5282,#5286,#6334,.T.);
#3713=EDGE_CURVE('',#5281,#5287,#6335,.T.);
#3714=EDGE_CURVE('',#5285,#5287,#6336,.T.);
#3715=EDGE_CURVE('',#4758,#5288,#6337,.F.);
#3716=EDGE_CURVE('',#5285,#5288,#6338,.T.);
#3717=EDGE_CURVE('',#5287,#5289,#6339,.T.);
#3718=EDGE_CURVE('',#5290,#5289,#6340,.T.);
#3719=EDGE_CURVE('',#5291,#5290,#6341,.T.);
#3720=EDGE_CURVE('',#5291,#4759,#6342,.T.);
#3721=EDGE_CURVE('',#5292,#4761,#6343,.T.);
#3722=EDGE_CURVE('',#5292,#5290,#6344,.T.);
#3723=EDGE_CURVE('',#5280,#5289,#6345,.T.);
#3724=EDGE_CURVE('',#5279,#5293,#6346,.T.);
#3725=EDGE_CURVE('',#4762,#5293,#6347,.F.);
#3726=EDGE_CURVE('',#5294,#4766,#6348,.T.);
#3727=EDGE_CURVE('',#5294,#5295,#6349,.T.);
#3728=EDGE_CURVE('',#5295,#4768,#6350,.T.);
#3729=EDGE_CURVE('',#5296,#4767,#6351,.T.);
#3730=EDGE_CURVE('',#5294,#5296,#6352,.T.);
#3731=EDGE_CURVE('',#5297,#4769,#6353,.T.);
#3732=EDGE_CURVE('',#5296,#5297,#6354,.T.);
#3733=EDGE_CURVE('',#5295,#5297,#6355,.T.);
#3734=EDGE_CURVE('',#5298,#4770,#6356,.T.);
#3735=EDGE_CURVE('',#5298,#5299,#6357,.T.);
#3736=EDGE_CURVE('',#5299,#4772,#6358,.T.);
#3737=EDGE_CURVE('',#5300,#4771,#6359,.T.);
#3738=EDGE_CURVE('',#5298,#5300,#6360,.T.);
#3739=EDGE_CURVE('',#5301,#4773,#6361,.T.);
#3740=EDGE_CURVE('',#5300,#5301,#6362,.T.);
#3741=EDGE_CURVE('',#5299,#5301,#6363,.T.);
#3742=EDGE_CURVE('',#5302,#4774,#6364,.T.);
#3743=EDGE_CURVE('',#5302,#5303,#6365,.T.);
#3744=EDGE_CURVE('',#5303,#4776,#6366,.T.);
#3745=EDGE_CURVE('',#5304,#4775,#6367,.T.);
#3746=EDGE_CURVE('',#5302,#5304,#6368,.T.);
#3747=EDGE_CURVE('',#5305,#4777,#6369,.T.);
#3748=EDGE_CURVE('',#5304,#5305,#6370,.T.);
#3749=EDGE_CURVE('',#5303,#5305,#6371,.T.);
#3750=EDGE_CURVE('',#5306,#4778,#6372,.T.);
#3751=EDGE_CURVE('',#5306,#5307,#6373,.T.);
#3752=EDGE_CURVE('',#5307,#4780,#6374,.T.);
#3753=EDGE_CURVE('',#5308,#4779,#6375,.T.);
#3754=EDGE_CURVE('',#5306,#5308,#6376,.T.);
#3755=EDGE_CURVE('',#5309,#4781,#6377,.T.);
#3756=EDGE_CURVE('',#5308,#5309,#6378,.T.);
#3757=EDGE_CURVE('',#5307,#5309,#6379,.T.);
#3758=EDGE_CURVE('',#5310,#4782,#6380,.T.);
#3759=EDGE_CURVE('',#5310,#5311,#6381,.T.);
#3760=EDGE_CURVE('',#5311,#4784,#6382,.T.);
#3761=EDGE_CURVE('',#5312,#4783,#6383,.T.);
#3762=EDGE_CURVE('',#5310,#5312,#6384,.T.);
#3763=EDGE_CURVE('',#5313,#4785,#6385,.T.);
#3764=EDGE_CURVE('',#5312,#5313,#6386,.T.);
#3765=EDGE_CURVE('',#5311,#5313,#6387,.T.);
#3766=EDGE_CURVE('',#5314,#4786,#6388,.T.);
#3767=EDGE_CURVE('',#5314,#5315,#6389,.T.);
#3768=EDGE_CURVE('',#5315,#4788,#6390,.T.);
#3769=EDGE_CURVE('',#5316,#4787,#6391,.T.);
#3770=EDGE_CURVE('',#5314,#5316,#6392,.T.);
#3771=EDGE_CURVE('',#5317,#4789,#6393,.T.);
#3772=EDGE_CURVE('',#5316,#5317,#6394,.T.);
#3773=EDGE_CURVE('',#5315,#5317,#6395,.T.);
#3774=EDGE_CURVE('',#5318,#4790,#6396,.T.);
#3775=EDGE_CURVE('',#5318,#5319,#6397,.T.);
#3776=EDGE_CURVE('',#5319,#4792,#6398,.T.);
#3777=EDGE_CURVE('',#5320,#4791,#6399,.T.);
#3778=EDGE_CURVE('',#5318,#5320,#6400,.T.);
#3779=EDGE_CURVE('',#5321,#4793,#6401,.T.);
#3780=EDGE_CURVE('',#5320,#5321,#6402,.T.);
#3781=EDGE_CURVE('',#5319,#5321,#6403,.T.);
#3782=EDGE_CURVE('',#5322,#4794,#6404,.T.);
#3783=EDGE_CURVE('',#5322,#5323,#6405,.T.);
#3784=EDGE_CURVE('',#5323,#4796,#6406,.T.);
#3785=EDGE_CURVE('',#5324,#4795,#6407,.T.);
#3786=EDGE_CURVE('',#5322,#5324,#6408,.T.);
#3787=EDGE_CURVE('',#5325,#4797,#6409,.T.);
#3788=EDGE_CURVE('',#5324,#5325,#6410,.T.);
#3789=EDGE_CURVE('',#5323,#5325,#6411,.T.);
#3790=EDGE_CURVE('',#5326,#4798,#6412,.T.);
#3791=EDGE_CURVE('',#5326,#5327,#6413,.T.);
#3792=EDGE_CURVE('',#5327,#4800,#6414,.T.);
#3793=EDGE_CURVE('',#5328,#4799,#6415,.T.);
#3794=EDGE_CURVE('',#5326,#5328,#6416,.T.);
#3795=EDGE_CURVE('',#5329,#4801,#6417,.T.);
#3796=EDGE_CURVE('',#5328,#5329,#6418,.T.);
#3797=EDGE_CURVE('',#5327,#5329,#6419,.T.);
#3798=EDGE_CURVE('',#5330,#4802,#6420,.T.);
#3799=EDGE_CURVE('',#5330,#5331,#6421,.T.);
#3800=EDGE_CURVE('',#5331,#4804,#6422,.T.);
#3801=EDGE_CURVE('',#5332,#4803,#6423,.T.);
#3802=EDGE_CURVE('',#5330,#5332,#6424,.T.);
#3803=EDGE_CURVE('',#5333,#4805,#6425,.T.);
#3804=EDGE_CURVE('',#5332,#5333,#6426,.T.);
#3805=EDGE_CURVE('',#5331,#5333,#6427,.T.);
#3806=EDGE_CURVE('',#5334,#4806,#6428,.T.);
#3807=EDGE_CURVE('',#5334,#5335,#6429,.T.);
#3808=EDGE_CURVE('',#5335,#4808,#6430,.T.);
#3809=EDGE_CURVE('',#5336,#4807,#6431,.T.);
#3810=EDGE_CURVE('',#5334,#5336,#6432,.T.);
#3811=EDGE_CURVE('',#5337,#4809,#6433,.T.);
#3812=EDGE_CURVE('',#5336,#5337,#6434,.T.);
#3813=EDGE_CURVE('',#5335,#5337,#6435,.T.);
#3814=EDGE_CURVE('',#5338,#4810,#6436,.T.);
#3815=EDGE_CURVE('',#5338,#5339,#6437,.T.);
#3816=EDGE_CURVE('',#5339,#4812,#6438,.T.);
#3817=EDGE_CURVE('',#5340,#4811,#6439,.T.);
#3818=EDGE_CURVE('',#5338,#5340,#6440,.T.);
#3819=EDGE_CURVE('',#5341,#4813,#6441,.T.);
#3820=EDGE_CURVE('',#5340,#5341,#6442,.T.);
#3821=EDGE_CURVE('',#5339,#5341,#6443,.T.);
#3822=EDGE_CURVE('',#5342,#4814,#6444,.T.);
#3823=EDGE_CURVE('',#5342,#5343,#6445,.T.);
#3824=EDGE_CURVE('',#5343,#4816,#6446,.T.);
#3825=EDGE_CURVE('',#5344,#4815,#6447,.T.);
#3826=EDGE_CURVE('',#5342,#5344,#6448,.T.);
#3827=EDGE_CURVE('',#5345,#4817,#6449,.T.);
#3828=EDGE_CURVE('',#5344,#5345,#6450,.T.);
#3829=EDGE_CURVE('',#5343,#5345,#6451,.T.);
#3830=EDGE_CURVE('',#5346,#4818,#6452,.T.);
#3831=EDGE_CURVE('',#5346,#5347,#6453,.T.);
#3832=EDGE_CURVE('',#5347,#4820,#6454,.T.);
#3833=EDGE_CURVE('',#5348,#4819,#6455,.T.);
#3834=EDGE_CURVE('',#5346,#5348,#6456,.T.);
#3835=EDGE_CURVE('',#5349,#4821,#6457,.T.);
#3836=EDGE_CURVE('',#5348,#5349,#6458,.T.);
#3837=EDGE_CURVE('',#5347,#5349,#6459,.T.);
#3838=EDGE_CURVE('',#5350,#4822,#6460,.T.);
#3839=EDGE_CURVE('',#5350,#5351,#6461,.T.);
#3840=EDGE_CURVE('',#5351,#4824,#6462,.T.);
#3841=EDGE_CURVE('',#5352,#4823,#6463,.T.);
#3842=EDGE_CURVE('',#5350,#5352,#6464,.T.);
#3843=EDGE_CURVE('',#5353,#4825,#6465,.T.);
#3844=EDGE_CURVE('',#5352,#5353,#6466,.T.);
#3845=EDGE_CURVE('',#5351,#5353,#6467,.T.);
#3846=EDGE_CURVE('',#5354,#4826,#6468,.T.);
#3847=EDGE_CURVE('',#5354,#5355,#6469,.T.);
#3848=EDGE_CURVE('',#5355,#4828,#6470,.T.);
#3849=EDGE_CURVE('',#5356,#4827,#6471,.T.);
#3850=EDGE_CURVE('',#5354,#5356,#6472,.T.);
#3851=EDGE_CURVE('',#5357,#4829,#6473,.T.);
#3852=EDGE_CURVE('',#5356,#5357,#6474,.T.);
#3853=EDGE_CURVE('',#5355,#5357,#6475,.T.);
#3854=EDGE_CURVE('',#5358,#4830,#6476,.T.);
#3855=EDGE_CURVE('',#5358,#5359,#6477,.T.);
#3856=EDGE_CURVE('',#5359,#4832,#6478,.T.);
#3857=EDGE_CURVE('',#5360,#4831,#6479,.T.);
#3858=EDGE_CURVE('',#5358,#5360,#6480,.T.);
#3859=EDGE_CURVE('',#5361,#4833,#6481,.T.);
#3860=EDGE_CURVE('',#5360,#5361,#6482,.T.);
#3861=EDGE_CURVE('',#5359,#5361,#6483,.T.);
#3862=EDGE_CURVE('',#5362,#4834,#6484,.T.);
#3863=EDGE_CURVE('',#5362,#5363,#6485,.T.);
#3864=EDGE_CURVE('',#5363,#4836,#6486,.T.);
#3865=EDGE_CURVE('',#5364,#4835,#6487,.T.);
#3866=EDGE_CURVE('',#5362,#5364,#6488,.T.);
#3867=EDGE_CURVE('',#5365,#4837,#6489,.T.);
#3868=EDGE_CURVE('',#5364,#5365,#6490,.T.);
#3869=EDGE_CURVE('',#5363,#5365,#6491,.T.);
#3870=EDGE_CURVE('',#5366,#4838,#6492,.T.);
#3871=EDGE_CURVE('',#5366,#5367,#6493,.T.);
#3872=EDGE_CURVE('',#5367,#4840,#6494,.T.);
#3873=EDGE_CURVE('',#5368,#4839,#6495,.T.);
#3874=EDGE_CURVE('',#5366,#5368,#6496,.T.);
#3875=EDGE_CURVE('',#5369,#4841,#6497,.T.);
#3876=EDGE_CURVE('',#5368,#5369,#6498,.T.);
#3877=EDGE_CURVE('',#5367,#5369,#6499,.T.);
#3878=EDGE_CURVE('',#5370,#4842,#6500,.T.);
#3879=EDGE_CURVE('',#5370,#5371,#6501,.T.);
#3880=EDGE_CURVE('',#5371,#4844,#6502,.T.);
#3881=EDGE_CURVE('',#5372,#4843,#6503,.T.);
#3882=EDGE_CURVE('',#5370,#5372,#6504,.T.);
#3883=EDGE_CURVE('',#5373,#4845,#6505,.T.);
#3884=EDGE_CURVE('',#5372,#5373,#6506,.T.);
#3885=EDGE_CURVE('',#5371,#5373,#6507,.T.);
#3886=EDGE_CURVE('',#5374,#4846,#6508,.T.);
#3887=EDGE_CURVE('',#5374,#5375,#6509,.T.);
#3888=EDGE_CURVE('',#5375,#4848,#6510,.T.);
#3889=EDGE_CURVE('',#5376,#4847,#6511,.T.);
#3890=EDGE_CURVE('',#5374,#5376,#6512,.T.);
#3891=EDGE_CURVE('',#5377,#4849,#6513,.T.);
#3892=EDGE_CURVE('',#5376,#5377,#6514,.T.);
#3893=EDGE_CURVE('',#5375,#5377,#6515,.T.);
#3894=EDGE_CURVE('',#5378,#4850,#6516,.T.);
#3895=EDGE_CURVE('',#5378,#5379,#6517,.T.);
#3896=EDGE_CURVE('',#5379,#4852,#6518,.T.);
#3897=EDGE_CURVE('',#5380,#4851,#6519,.T.);
#3898=EDGE_CURVE('',#5378,#5380,#6520,.T.);
#3899=EDGE_CURVE('',#5381,#4853,#6521,.T.);
#3900=EDGE_CURVE('',#5380,#5381,#6522,.T.);
#3901=EDGE_CURVE('',#5379,#5381,#6523,.T.);
#3902=EDGE_CURVE('',#5382,#4854,#6524,.T.);
#3903=EDGE_CURVE('',#5382,#5383,#6525,.T.);
#3904=EDGE_CURVE('',#5383,#4856,#6526,.T.);
#3905=EDGE_CURVE('',#5384,#4855,#6527,.T.);
#3906=EDGE_CURVE('',#5382,#5384,#6528,.T.);
#3907=EDGE_CURVE('',#5385,#4857,#6529,.T.);
#3908=EDGE_CURVE('',#5384,#5385,#6530,.T.);
#3909=EDGE_CURVE('',#5383,#5385,#6531,.T.);
#3910=EDGE_CURVE('',#5386,#4858,#6532,.T.);
#3911=EDGE_CURVE('',#5386,#5387,#6533,.T.);
#3912=EDGE_CURVE('',#5387,#4860,#6534,.T.);
#3913=EDGE_CURVE('',#5388,#4859,#6535,.T.);
#3914=EDGE_CURVE('',#5386,#5388,#6536,.T.);
#3915=EDGE_CURVE('',#5389,#4861,#6537,.T.);
#3916=EDGE_CURVE('',#5388,#5389,#6538,.T.);
#3917=EDGE_CURVE('',#5387,#5389,#6539,.T.);
#3918=EDGE_CURVE('',#5390,#4862,#6540,.T.);
#3919=EDGE_CURVE('',#5390,#5391,#6541,.T.);
#3920=EDGE_CURVE('',#5391,#4864,#6542,.T.);
#3921=EDGE_CURVE('',#5392,#4863,#6543,.T.);
#3922=EDGE_CURVE('',#5390,#5392,#6544,.T.);
#3923=EDGE_CURVE('',#5393,#4865,#6545,.T.);
#3924=EDGE_CURVE('',#5392,#5393,#6546,.T.);
#3925=EDGE_CURVE('',#5391,#5393,#6547,.T.);
#3926=EDGE_CURVE('',#5394,#4866,#6548,.T.);
#3927=EDGE_CURVE('',#5394,#5395,#6549,.T.);
#3928=EDGE_CURVE('',#5395,#4868,#6550,.T.);
#3929=EDGE_CURVE('',#5396,#4867,#6551,.T.);
#3930=EDGE_CURVE('',#5394,#5396,#6552,.T.);
#3931=EDGE_CURVE('',#5397,#4869,#6553,.T.);
#3932=EDGE_CURVE('',#5396,#5397,#6554,.T.);
#3933=EDGE_CURVE('',#5395,#5397,#6555,.T.);
#3934=EDGE_CURVE('',#5398,#4870,#6556,.T.);
#3935=EDGE_CURVE('',#5398,#5399,#6557,.T.);
#3936=EDGE_CURVE('',#5399,#4872,#6558,.T.);
#3937=EDGE_CURVE('',#5400,#4871,#6559,.T.);
#3938=EDGE_CURVE('',#5398,#5400,#6560,.T.);
#3939=EDGE_CURVE('',#5401,#4873,#6561,.T.);
#3940=EDGE_CURVE('',#5400,#5401,#6562,.T.);
#3941=EDGE_CURVE('',#5399,#5401,#6563,.T.);
#3942=EDGE_CURVE('',#5402,#4874,#6564,.T.);
#3943=EDGE_CURVE('',#5402,#5403,#6565,.T.);
#3944=EDGE_CURVE('',#5403,#4876,#6566,.T.);
#3945=EDGE_CURVE('',#5404,#4875,#6567,.T.);
#3946=EDGE_CURVE('',#5402,#5404,#6568,.T.);
#3947=EDGE_CURVE('',#5405,#4877,#6569,.T.);
#3948=EDGE_CURVE('',#5404,#5405,#6570,.T.);
#3949=EDGE_CURVE('',#5403,#5405,#6571,.T.);
#3950=EDGE_CURVE('',#5406,#4878,#6572,.T.);
#3951=EDGE_CURVE('',#5406,#5407,#6573,.T.);
#3952=EDGE_CURVE('',#5407,#4880,#6574,.T.);
#3953=EDGE_CURVE('',#5408,#4879,#6575,.T.);
#3954=EDGE_CURVE('',#5406,#5408,#6576,.T.);
#3955=EDGE_CURVE('',#5409,#4881,#6577,.T.);
#3956=EDGE_CURVE('',#5408,#5409,#6578,.T.);
#3957=EDGE_CURVE('',#5407,#5409,#6579,.T.);
#3958=EDGE_CURVE('',#5410,#4882,#6580,.T.);
#3959=EDGE_CURVE('',#5410,#5411,#6581,.T.);
#3960=EDGE_CURVE('',#5411,#4884,#6582,.T.);
#3961=EDGE_CURVE('',#5412,#4883,#6583,.T.);
#3962=EDGE_CURVE('',#5410,#5412,#6584,.T.);
#3963=EDGE_CURVE('',#5413,#4885,#6585,.T.);
#3964=EDGE_CURVE('',#5412,#5413,#6586,.T.);
#3965=EDGE_CURVE('',#5411,#5413,#6587,.T.);
#3966=EDGE_CURVE('',#5414,#4886,#6588,.T.);
#3967=EDGE_CURVE('',#5414,#5415,#6589,.T.);
#3968=EDGE_CURVE('',#5415,#4888,#6590,.T.);
#3969=EDGE_CURVE('',#5416,#4887,#6591,.T.);
#3970=EDGE_CURVE('',#5414,#5416,#6592,.T.);
#3971=EDGE_CURVE('',#5417,#4889,#6593,.T.);
#3972=EDGE_CURVE('',#5416,#5417,#6594,.T.);
#3973=EDGE_CURVE('',#5415,#5417,#6595,.T.);
#3974=EDGE_CURVE('',#5418,#4890,#6596,.T.);
#3975=EDGE_CURVE('',#5418,#5419,#6597,.T.);
#3976=EDGE_CURVE('',#5419,#4892,#6598,.T.);
#3977=EDGE_CURVE('',#5420,#4891,#6599,.T.);
#3978=EDGE_CURVE('',#5418,#5420,#6600,.T.);
#3979=EDGE_CURVE('',#5421,#4893,#6601,.T.);
#3980=EDGE_CURVE('',#5420,#5421,#6602,.T.);
#3981=EDGE_CURVE('',#5419,#5421,#6603,.T.);
#3982=EDGE_CURVE('',#5422,#4894,#6604,.T.);
#3983=EDGE_CURVE('',#5422,#5423,#6605,.T.);
#3984=EDGE_CURVE('',#5423,#4896,#6606,.T.);
#3985=EDGE_CURVE('',#5424,#4895,#6607,.T.);
#3986=EDGE_CURVE('',#5422,#5424,#6608,.T.);
#3987=EDGE_CURVE('',#5425,#4897,#6609,.T.);
#3988=EDGE_CURVE('',#5424,#5425,#6610,.T.);
#3989=EDGE_CURVE('',#5423,#5425,#6611,.T.);
#3990=EDGE_CURVE('',#5426,#4898,#6612,.T.);
#3991=EDGE_CURVE('',#5426,#5427,#6613,.T.);
#3992=EDGE_CURVE('',#5427,#4900,#6614,.T.);
#3993=EDGE_CURVE('',#5428,#4899,#6615,.T.);
#3994=EDGE_CURVE('',#5426,#5428,#6616,.T.);
#3995=EDGE_CURVE('',#5429,#4901,#6617,.T.);
#3996=EDGE_CURVE('',#5428,#5429,#6618,.T.);
#3997=EDGE_CURVE('',#5427,#5429,#6619,.T.);
#3998=EDGE_CURVE('',#5430,#4902,#6620,.T.);
#3999=EDGE_CURVE('',#5430,#5431,#6621,.T.);
#4000=EDGE_CURVE('',#5431,#4904,#6622,.T.);
#4001=EDGE_CURVE('',#5432,#4903,#6623,.T.);
#4002=EDGE_CURVE('',#5430,#5432,#6624,.T.);
#4003=EDGE_CURVE('',#5433,#4905,#6625,.T.);
#4004=EDGE_CURVE('',#5432,#5433,#6626,.T.);
#4005=EDGE_CURVE('',#5431,#5433,#6627,.T.);
#4006=EDGE_CURVE('',#5434,#4906,#6628,.T.);
#4007=EDGE_CURVE('',#5434,#5435,#6629,.T.);
#4008=EDGE_CURVE('',#5435,#4908,#6630,.T.);
#4009=EDGE_CURVE('',#5436,#4907,#6631,.T.);
#4010=EDGE_CURVE('',#5434,#5436,#6632,.T.);
#4011=EDGE_CURVE('',#5437,#4909,#6633,.T.);
#4012=EDGE_CURVE('',#5436,#5437,#6634,.T.);
#4013=EDGE_CURVE('',#5435,#5437,#6635,.T.);
#4014=EDGE_CURVE('',#5438,#4910,#6636,.T.);
#4015=EDGE_CURVE('',#5438,#5439,#6637,.T.);
#4016=EDGE_CURVE('',#5439,#4912,#6638,.T.);
#4017=EDGE_CURVE('',#5440,#4911,#6639,.T.);
#4018=EDGE_CURVE('',#5438,#5440,#6640,.T.);
#4019=EDGE_CURVE('',#5441,#4913,#6641,.T.);
#4020=EDGE_CURVE('',#5440,#5441,#6642,.T.);
#4021=EDGE_CURVE('',#5439,#5441,#6643,.T.);
#4022=EDGE_CURVE('',#5442,#4914,#6644,.T.);
#4023=EDGE_CURVE('',#5442,#5443,#6645,.T.);
#4024=EDGE_CURVE('',#5443,#4916,#6646,.T.);
#4025=EDGE_CURVE('',#5444,#4915,#6647,.T.);
#4026=EDGE_CURVE('',#5442,#5444,#6648,.T.);
#4027=EDGE_CURVE('',#5445,#4917,#6649,.T.);
#4028=EDGE_CURVE('',#5444,#5445,#6650,.T.);
#4029=EDGE_CURVE('',#5443,#5445,#6651,.T.);
#4030=EDGE_CURVE('',#5446,#4918,#6652,.T.);
#4031=EDGE_CURVE('',#5446,#5447,#6653,.T.);
#4032=EDGE_CURVE('',#5447,#4920,#6654,.T.);
#4033=EDGE_CURVE('',#5448,#4919,#6655,.T.);
#4034=EDGE_CURVE('',#5446,#5448,#6656,.T.);
#4035=EDGE_CURVE('',#5449,#4921,#6657,.T.);
#4036=EDGE_CURVE('',#5448,#5449,#6658,.T.);
#4037=EDGE_CURVE('',#5447,#5449,#6659,.T.);
#4038=EDGE_CURVE('',#5450,#4922,#6660,.T.);
#4039=EDGE_CURVE('',#5450,#5451,#6661,.T.);
#4040=EDGE_CURVE('',#5451,#4924,#6662,.T.);
#4041=EDGE_CURVE('',#5452,#4923,#6663,.T.);
#4042=EDGE_CURVE('',#5450,#5452,#6664,.T.);
#4043=EDGE_CURVE('',#5453,#4925,#6665,.T.);
#4044=EDGE_CURVE('',#5452,#5453,#6666,.T.);
#4045=EDGE_CURVE('',#5451,#5453,#6667,.T.);
#4046=EDGE_CURVE('',#5454,#4926,#6668,.T.);
#4047=EDGE_CURVE('',#5454,#5455,#6669,.T.);
#4048=EDGE_CURVE('',#5455,#4928,#6670,.T.);
#4049=EDGE_CURVE('',#5456,#4927,#6671,.T.);
#4050=EDGE_CURVE('',#5454,#5456,#6672,.T.);
#4051=EDGE_CURVE('',#5457,#4929,#6673,.T.);
#4052=EDGE_CURVE('',#5456,#5457,#6674,.T.);
#4053=EDGE_CURVE('',#5455,#5457,#6675,.T.);
#4054=EDGE_CURVE('',#5458,#4930,#6676,.T.);
#4055=EDGE_CURVE('',#5458,#5459,#6677,.T.);
#4056=EDGE_CURVE('',#5459,#4932,#6678,.T.);
#4057=EDGE_CURVE('',#5460,#4931,#6679,.T.);
#4058=EDGE_CURVE('',#5458,#5460,#6680,.T.);
#4059=EDGE_CURVE('',#5461,#4933,#6681,.T.);
#4060=EDGE_CURVE('',#5460,#5461,#6682,.T.);
#4061=EDGE_CURVE('',#5459,#5461,#6683,.T.);
#4062=EDGE_CURVE('',#5462,#4934,#6684,.T.);
#4063=EDGE_CURVE('',#5462,#5463,#6685,.T.);
#4064=EDGE_CURVE('',#5463,#4936,#6686,.T.);
#4065=EDGE_CURVE('',#5464,#4935,#6687,.T.);
#4066=EDGE_CURVE('',#5462,#5464,#6688,.T.);
#4067=EDGE_CURVE('',#5465,#4937,#6689,.T.);
#4068=EDGE_CURVE('',#5464,#5465,#6690,.T.);
#4069=EDGE_CURVE('',#5463,#5465,#6691,.T.);
#4070=EDGE_CURVE('',#5466,#4938,#6692,.T.);
#4071=EDGE_CURVE('',#5466,#5467,#6693,.T.);
#4072=EDGE_CURVE('',#5467,#4940,#6694,.T.);
#4073=EDGE_CURVE('',#5468,#4939,#6695,.T.);
#4074=EDGE_CURVE('',#5466,#5468,#6696,.T.);
#4075=EDGE_CURVE('',#5469,#4941,#6697,.T.);
#4076=EDGE_CURVE('',#5468,#5469,#6698,.T.);
#4077=EDGE_CURVE('',#5467,#5469,#6699,.T.);
#4078=EDGE_CURVE('',#5470,#4942,#6700,.T.);
#4079=EDGE_CURVE('',#5470,#5471,#6701,.T.);
#4080=EDGE_CURVE('',#5471,#4944,#6702,.T.);
#4081=EDGE_CURVE('',#5472,#4943,#6703,.T.);
#4082=EDGE_CURVE('',#5470,#5472,#6704,.T.);
#4083=EDGE_CURVE('',#5473,#4945,#6705,.T.);
#4084=EDGE_CURVE('',#5472,#5473,#6706,.T.);
#4085=EDGE_CURVE('',#5471,#5473,#6707,.T.);
#4086=EDGE_CURVE('',#5474,#4946,#6708,.T.);
#4087=EDGE_CURVE('',#5474,#5475,#6709,.T.);
#4088=EDGE_CURVE('',#5475,#4948,#6710,.T.);
#4089=EDGE_CURVE('',#5476,#4947,#6711,.T.);
#4090=EDGE_CURVE('',#5474,#5476,#6712,.T.);
#4091=EDGE_CURVE('',#5477,#4949,#6713,.T.);
#4092=EDGE_CURVE('',#5476,#5477,#6714,.T.);
#4093=EDGE_CURVE('',#5475,#5477,#6715,.T.);
#4094=EDGE_CURVE('',#5478,#4950,#6716,.T.);
#4095=EDGE_CURVE('',#5478,#5479,#6717,.T.);
#4096=EDGE_CURVE('',#5479,#4952,#6718,.T.);
#4097=EDGE_CURVE('',#5480,#4951,#6719,.T.);
#4098=EDGE_CURVE('',#5478,#5480,#6720,.T.);
#4099=EDGE_CURVE('',#5481,#4953,#6721,.T.);
#4100=EDGE_CURVE('',#5480,#5481,#6722,.T.);
#4101=EDGE_CURVE('',#5479,#5481,#6723,.T.);
#4102=EDGE_CURVE('',#5482,#4954,#6724,.T.);
#4103=EDGE_CURVE('',#5482,#5483,#6725,.T.);
#4104=EDGE_CURVE('',#5483,#4956,#6726,.T.);
#4105=EDGE_CURVE('',#5484,#4955,#6727,.T.);
#4106=EDGE_CURVE('',#5482,#5484,#6728,.T.);
#4107=EDGE_CURVE('',#5485,#4957,#6729,.T.);
#4108=EDGE_CURVE('',#5484,#5485,#6730,.T.);
#4109=EDGE_CURVE('',#5483,#5485,#6731,.T.);
#4110=EDGE_CURVE('',#5486,#4958,#6732,.T.);
#4111=EDGE_CURVE('',#5486,#5487,#6733,.T.);
#4112=EDGE_CURVE('',#5487,#4960,#6734,.T.);
#4113=EDGE_CURVE('',#5488,#4959,#6735,.T.);
#4114=EDGE_CURVE('',#5486,#5488,#6736,.T.);
#4115=EDGE_CURVE('',#5489,#4961,#6737,.T.);
#4116=EDGE_CURVE('',#5488,#5489,#6738,.T.);
#4117=EDGE_CURVE('',#5487,#5489,#6739,.T.);
#4118=EDGE_CURVE('',#5490,#4962,#6740,.T.);
#4119=EDGE_CURVE('',#5490,#5491,#6741,.T.);
#4120=EDGE_CURVE('',#5491,#4964,#6742,.T.);
#4121=EDGE_CURVE('',#5492,#4963,#6743,.T.);
#4122=EDGE_CURVE('',#5490,#5492,#6744,.T.);
#4123=EDGE_CURVE('',#5493,#4965,#6745,.T.);
#4124=EDGE_CURVE('',#5492,#5493,#6746,.T.);
#4125=EDGE_CURVE('',#5491,#5493,#6747,.T.);
#4126=EDGE_CURVE('',#5494,#4966,#6748,.T.);
#4127=EDGE_CURVE('',#5494,#5495,#6749,.T.);
#4128=EDGE_CURVE('',#5495,#4968,#6750,.T.);
#4129=EDGE_CURVE('',#5496,#4967,#6751,.T.);
#4130=EDGE_CURVE('',#5494,#5496,#6752,.T.);
#4131=EDGE_CURVE('',#5497,#4969,#6753,.T.);
#4132=EDGE_CURVE('',#5496,#5497,#6754,.T.);
#4133=EDGE_CURVE('',#5495,#5497,#6755,.T.);
#4134=EDGE_CURVE('',#5498,#4970,#6756,.T.);
#4135=EDGE_CURVE('',#5498,#5499,#6757,.T.);
#4136=EDGE_CURVE('',#5499,#4972,#6758,.T.);
#4137=EDGE_CURVE('',#5500,#4971,#6759,.T.);
#4138=EDGE_CURVE('',#5498,#5500,#6760,.T.);
#4139=EDGE_CURVE('',#5501,#4973,#6761,.T.);
#4140=EDGE_CURVE('',#5500,#5501,#6762,.T.);
#4141=EDGE_CURVE('',#5499,#5501,#6763,.T.);
#4142=EDGE_CURVE('',#5502,#4974,#6764,.T.);
#4143=EDGE_CURVE('',#5502,#5503,#6765,.T.);
#4144=EDGE_CURVE('',#5503,#4976,#6766,.T.);
#4145=EDGE_CURVE('',#5504,#4975,#6767,.T.);
#4146=EDGE_CURVE('',#5502,#5504,#6768,.T.);
#4147=EDGE_CURVE('',#5505,#4977,#6769,.T.);
#4148=EDGE_CURVE('',#5504,#5505,#6770,.T.);
#4149=EDGE_CURVE('',#5503,#5505,#6771,.T.);
#4150=EDGE_CURVE('',#5506,#4978,#6772,.T.);
#4151=EDGE_CURVE('',#5506,#5507,#6773,.T.);
#4152=EDGE_CURVE('',#5507,#4980,#6774,.T.);
#4153=EDGE_CURVE('',#5508,#4979,#6775,.T.);
#4154=EDGE_CURVE('',#5506,#5508,#6776,.T.);
#4155=EDGE_CURVE('',#5509,#4981,#6777,.T.);
#4156=EDGE_CURVE('',#5508,#5509,#6778,.T.);
#4157=EDGE_CURVE('',#5507,#5509,#6779,.T.);
#4158=EDGE_CURVE('',#5510,#4982,#6780,.T.);
#4159=EDGE_CURVE('',#5510,#5511,#6781,.T.);
#4160=EDGE_CURVE('',#5511,#4984,#6782,.T.);
#4161=EDGE_CURVE('',#5512,#4983,#6783,.T.);
#4162=EDGE_CURVE('',#5510,#5512,#6784,.T.);
#4163=EDGE_CURVE('',#5513,#4985,#6785,.T.);
#4164=EDGE_CURVE('',#5512,#5513,#6786,.T.);
#4165=EDGE_CURVE('',#5511,#5513,#6787,.T.);
#4166=EDGE_CURVE('',#5514,#4986,#6788,.T.);
#4167=EDGE_CURVE('',#5514,#5515,#6789,.T.);
#4168=EDGE_CURVE('',#5515,#4988,#6790,.T.);
#4169=EDGE_CURVE('',#5516,#4987,#6791,.T.);
#4170=EDGE_CURVE('',#5514,#5516,#6792,.T.);
#4171=EDGE_CURVE('',#5517,#4989,#6793,.T.);
#4172=EDGE_CURVE('',#5516,#5517,#6794,.T.);
#4173=EDGE_CURVE('',#5515,#5517,#6795,.T.);
#4174=EDGE_CURVE('',#5518,#4990,#6796,.T.);
#4175=EDGE_CURVE('',#5518,#5519,#6797,.T.);
#4176=EDGE_CURVE('',#5519,#4992,#6798,.T.);
#4177=EDGE_CURVE('',#5520,#4991,#6799,.T.);
#4178=EDGE_CURVE('',#5518,#5520,#6800,.T.);
#4179=EDGE_CURVE('',#5521,#4993,#6801,.T.);
#4180=EDGE_CURVE('',#5520,#5521,#6802,.T.);
#4181=EDGE_CURVE('',#5519,#5521,#6803,.T.);
#4182=EDGE_CURVE('',#5522,#4994,#6804,.T.);
#4183=EDGE_CURVE('',#5522,#5523,#6805,.T.);
#4184=EDGE_CURVE('',#5523,#4996,#6806,.T.);
#4185=EDGE_CURVE('',#5524,#4995,#6807,.T.);
#4186=EDGE_CURVE('',#5522,#5524,#6808,.T.);
#4187=EDGE_CURVE('',#5525,#4997,#6809,.T.);
#4188=EDGE_CURVE('',#5524,#5525,#6810,.T.);
#4189=EDGE_CURVE('',#5523,#5525,#6811,.T.);
#4190=EDGE_CURVE('',#5526,#4998,#6812,.T.);
#4191=EDGE_CURVE('',#5526,#5527,#6813,.T.);
#4192=EDGE_CURVE('',#5527,#5000,#6814,.T.);
#4193=EDGE_CURVE('',#5528,#4999,#6815,.T.);
#4194=EDGE_CURVE('',#5526,#5528,#6816,.T.);
#4195=EDGE_CURVE('',#5529,#5001,#6817,.T.);
#4196=EDGE_CURVE('',#5528,#5529,#6818,.T.);
#4197=EDGE_CURVE('',#5527,#5529,#6819,.T.);
#4198=EDGE_CURVE('',#5530,#5002,#6820,.T.);
#4199=EDGE_CURVE('',#5530,#5531,#6821,.T.);
#4200=EDGE_CURVE('',#5531,#5004,#6822,.T.);
#4201=EDGE_CURVE('',#5532,#5003,#6823,.T.);
#4202=EDGE_CURVE('',#5530,#5532,#6824,.T.);
#4203=EDGE_CURVE('',#5533,#5005,#6825,.T.);
#4204=EDGE_CURVE('',#5532,#5533,#6826,.T.);
#4205=EDGE_CURVE('',#5531,#5533,#6827,.T.);
#4206=EDGE_CURVE('',#5534,#5006,#6828,.T.);
#4207=EDGE_CURVE('',#5534,#5535,#6829,.T.);
#4208=EDGE_CURVE('',#5535,#5008,#6830,.T.);
#4209=EDGE_CURVE('',#5536,#5007,#6831,.T.);
#4210=EDGE_CURVE('',#5534,#5536,#6832,.T.);
#4211=EDGE_CURVE('',#5537,#5009,#6833,.T.);
#4212=EDGE_CURVE('',#5536,#5537,#6834,.T.);
#4213=EDGE_CURVE('',#5535,#5537,#6835,.T.);
#4214=EDGE_CURVE('',#5538,#5010,#6836,.T.);
#4215=EDGE_CURVE('',#5538,#5539,#6837,.T.);
#4216=EDGE_CURVE('',#5539,#5012,#6838,.T.);
#4217=EDGE_CURVE('',#5540,#5011,#6839,.T.);
#4218=EDGE_CURVE('',#5538,#5540,#6840,.T.);
#4219=EDGE_CURVE('',#5541,#5013,#6841,.T.);
#4220=EDGE_CURVE('',#5540,#5541,#6842,.T.);
#4221=EDGE_CURVE('',#5539,#5541,#6843,.T.);
#4222=EDGE_CURVE('',#5542,#5014,#6844,.T.);
#4223=EDGE_CURVE('',#5542,#5543,#6845,.T.);
#4224=EDGE_CURVE('',#5543,#5016,#6846,.T.);
#4225=EDGE_CURVE('',#5544,#5015,#6847,.T.);
#4226=EDGE_CURVE('',#5542,#5544,#6848,.T.);
#4227=EDGE_CURVE('',#5545,#5017,#6849,.T.);
#4228=EDGE_CURVE('',#5544,#5545,#6850,.T.);
#4229=EDGE_CURVE('',#5543,#5545,#6851,.T.);
#4230=EDGE_CURVE('',#5546,#5018,#6852,.T.);
#4231=EDGE_CURVE('',#5546,#5547,#6853,.T.);
#4232=EDGE_CURVE('',#5547,#5020,#6854,.T.);
#4233=EDGE_CURVE('',#5548,#5019,#6855,.T.);
#4234=EDGE_CURVE('',#5546,#5548,#6856,.T.);
#4235=EDGE_CURVE('',#5549,#5021,#6857,.T.);
#4236=EDGE_CURVE('',#5548,#5549,#6858,.T.);
#4237=EDGE_CURVE('',#5547,#5549,#6859,.T.);
#4238=EDGE_CURVE('',#5550,#5022,#6860,.T.);
#4239=EDGE_CURVE('',#5550,#5551,#6861,.T.);
#4240=EDGE_CURVE('',#5551,#5024,#6862,.T.);
#4241=EDGE_CURVE('',#5552,#5023,#6863,.T.);
#4242=EDGE_CURVE('',#5550,#5552,#6864,.T.);
#4243=EDGE_CURVE('',#5553,#5025,#6865,.T.);
#4244=EDGE_CURVE('',#5552,#5553,#6866,.T.);
#4245=EDGE_CURVE('',#5551,#5553,#6867,.T.);
#4246=EDGE_CURVE('',#5554,#5026,#6868,.T.);
#4247=EDGE_CURVE('',#5554,#5555,#6869,.T.);
#4248=EDGE_CURVE('',#5555,#5028,#6870,.T.);
#4249=EDGE_CURVE('',#5556,#5027,#6871,.T.);
#4250=EDGE_CURVE('',#5554,#5556,#6872,.T.);
#4251=EDGE_CURVE('',#5557,#5029,#6873,.T.);
#4252=EDGE_CURVE('',#5556,#5557,#6874,.T.);
#4253=EDGE_CURVE('',#5555,#5557,#6875,.T.);
#4254=EDGE_CURVE('',#5558,#5030,#6876,.T.);
#4255=EDGE_CURVE('',#5558,#5559,#6877,.T.);
#4256=EDGE_CURVE('',#5559,#5032,#6878,.T.);
#4257=EDGE_CURVE('',#5560,#5031,#6879,.T.);
#4258=EDGE_CURVE('',#5558,#5560,#6880,.T.);
#4259=EDGE_CURVE('',#5561,#5033,#6881,.T.);
#4260=EDGE_CURVE('',#5560,#5561,#6882,.T.);
#4261=EDGE_CURVE('',#5559,#5561,#6883,.T.);
#4262=EDGE_CURVE('',#5562,#5034,#6884,.T.);
#4263=EDGE_CURVE('',#5562,#5563,#6885,.T.);
#4264=EDGE_CURVE('',#5563,#5036,#6886,.T.);
#4265=EDGE_CURVE('',#5564,#5035,#6887,.T.);
#4266=EDGE_CURVE('',#5562,#5564,#6888,.T.);
#4267=EDGE_CURVE('',#5565,#5037,#6889,.T.);
#4268=EDGE_CURVE('',#5564,#5565,#6890,.T.);
#4269=EDGE_CURVE('',#5563,#5565,#6891,.T.);
#4270=EDGE_CURVE('',#5566,#5038,#6892,.T.);
#4271=EDGE_CURVE('',#5566,#5567,#6893,.T.);
#4272=EDGE_CURVE('',#5567,#5040,#6894,.T.);
#4273=EDGE_CURVE('',#5568,#5039,#6895,.T.);
#4274=EDGE_CURVE('',#5566,#5568,#6896,.T.);
#4275=EDGE_CURVE('',#5569,#5041,#6897,.T.);
#4276=EDGE_CURVE('',#5568,#5569,#6898,.T.);
#4277=EDGE_CURVE('',#5567,#5569,#6899,.T.);
#4278=EDGE_CURVE('',#5570,#5042,#6900,.T.);
#4279=EDGE_CURVE('',#5570,#5571,#6901,.T.);
#4280=EDGE_CURVE('',#5571,#5044,#6902,.T.);
#4281=EDGE_CURVE('',#5572,#5043,#6903,.T.);
#4282=EDGE_CURVE('',#5570,#5572,#6904,.T.);
#4283=EDGE_CURVE('',#5573,#5045,#6905,.T.);
#4284=EDGE_CURVE('',#5572,#5573,#6906,.T.);
#4285=EDGE_CURVE('',#5571,#5573,#6907,.T.);
#4286=EDGE_CURVE('',#5574,#5046,#6908,.T.);
#4287=EDGE_CURVE('',#5574,#5575,#6909,.T.);
#4288=EDGE_CURVE('',#5575,#5048,#6910,.T.);
#4289=EDGE_CURVE('',#5576,#5047,#6911,.T.);
#4290=EDGE_CURVE('',#5574,#5576,#6912,.T.);
#4291=EDGE_CURVE('',#5577,#5049,#6913,.T.);
#4292=EDGE_CURVE('',#5576,#5577,#6914,.T.);
#4293=EDGE_CURVE('',#5575,#5577,#6915,.T.);
#4294=EDGE_CURVE('',#5578,#5050,#6916,.T.);
#4295=EDGE_CURVE('',#5578,#5579,#6917,.T.);
#4296=EDGE_CURVE('',#5579,#5052,#6918,.T.);
#4297=EDGE_CURVE('',#5580,#5051,#6919,.T.);
#4298=EDGE_CURVE('',#5578,#5580,#6920,.T.);
#4299=EDGE_CURVE('',#5581,#5053,#6921,.T.);
#4300=EDGE_CURVE('',#5580,#5581,#6922,.T.);
#4301=EDGE_CURVE('',#5579,#5581,#6923,.T.);
#4302=EDGE_CURVE('',#5582,#5054,#6924,.T.);
#4303=EDGE_CURVE('',#5582,#5583,#6925,.T.);
#4304=EDGE_CURVE('',#5583,#5056,#6926,.T.);
#4305=EDGE_CURVE('',#5584,#5055,#6927,.T.);
#4306=EDGE_CURVE('',#5582,#5584,#6928,.T.);
#4307=EDGE_CURVE('',#5585,#5057,#6929,.T.);
#4308=EDGE_CURVE('',#5584,#5585,#6930,.T.);
#4309=EDGE_CURVE('',#5583,#5585,#6931,.T.);
#4310=EDGE_CURVE('',#5586,#5058,#6932,.T.);
#4311=EDGE_CURVE('',#5586,#5587,#6933,.T.);
#4312=EDGE_CURVE('',#5587,#5060,#6934,.T.);
#4313=EDGE_CURVE('',#5588,#5059,#6935,.T.);
#4314=EDGE_CURVE('',#5586,#5588,#6936,.T.);
#4315=EDGE_CURVE('',#5589,#5061,#6937,.T.);
#4316=EDGE_CURVE('',#5588,#5589,#6938,.T.);
#4317=EDGE_CURVE('',#5587,#5589,#6939,.T.);
#4318=EDGE_CURVE('',#5590,#5062,#6940,.T.);
#4319=EDGE_CURVE('',#5590,#5591,#6941,.T.);
#4320=EDGE_CURVE('',#5591,#5064,#6942,.T.);
#4321=EDGE_CURVE('',#5592,#5063,#6943,.T.);
#4322=EDGE_CURVE('',#5590,#5592,#6944,.T.);
#4323=EDGE_CURVE('',#5593,#5065,#6945,.T.);
#4324=EDGE_CURVE('',#5592,#5593,#6946,.T.);
#4325=EDGE_CURVE('',#5591,#5593,#6947,.T.);
#4326=EDGE_CURVE('',#5594,#5066,#6948,.T.);
#4327=EDGE_CURVE('',#5594,#5595,#6949,.T.);
#4328=EDGE_CURVE('',#5595,#5068,#6950,.T.);
#4329=EDGE_CURVE('',#5596,#5067,#6951,.T.);
#4330=EDGE_CURVE('',#5594,#5596,#6952,.T.);
#4331=EDGE_CURVE('',#5597,#5069,#6953,.T.);
#4332=EDGE_CURVE('',#5596,#5597,#6954,.T.);
#4333=EDGE_CURVE('',#5595,#5597,#6955,.T.);
#4334=EDGE_CURVE('',#5598,#5070,#6956,.T.);
#4335=EDGE_CURVE('',#5598,#5599,#6957,.T.);
#4336=EDGE_CURVE('',#5599,#5072,#6958,.T.);
#4337=EDGE_CURVE('',#5600,#5071,#6959,.T.);
#4338=EDGE_CURVE('',#5598,#5600,#6960,.T.);
#4339=EDGE_CURVE('',#5601,#5073,#6961,.T.);
#4340=EDGE_CURVE('',#5600,#5601,#6962,.T.);
#4341=EDGE_CURVE('',#5599,#5601,#6963,.T.);
#4342=EDGE_CURVE('',#5602,#5074,#6964,.T.);
#4343=EDGE_CURVE('',#5602,#5603,#6965,.T.);
#4344=EDGE_CURVE('',#5603,#5076,#6966,.T.);
#4345=EDGE_CURVE('',#5604,#5075,#6967,.T.);
#4346=EDGE_CURVE('',#5602,#5604,#6968,.T.);
#4347=EDGE_CURVE('',#5605,#5077,#6969,.T.);
#4348=EDGE_CURVE('',#5604,#5605,#6970,.T.);
#4349=EDGE_CURVE('',#5603,#5605,#6971,.T.);
#4350=EDGE_CURVE('',#5606,#5078,#6972,.T.);
#4351=EDGE_CURVE('',#5606,#5607,#6973,.T.);
#4352=EDGE_CURVE('',#5607,#5080,#6974,.T.);
#4353=EDGE_CURVE('',#5608,#5079,#6975,.T.);
#4354=EDGE_CURVE('',#5606,#5608,#6976,.T.);
#4355=EDGE_CURVE('',#5609,#5081,#6977,.T.);
#4356=EDGE_CURVE('',#5608,#5609,#6978,.T.);
#4357=EDGE_CURVE('',#5607,#5609,#6979,.T.);
#4358=EDGE_CURVE('',#5610,#5082,#6980,.T.);
#4359=EDGE_CURVE('',#5610,#5611,#6981,.T.);
#4360=EDGE_CURVE('',#5611,#5084,#6982,.T.);
#4361=EDGE_CURVE('',#5612,#5083,#6983,.T.);
#4362=EDGE_CURVE('',#5610,#5612,#6984,.T.);
#4363=EDGE_CURVE('',#5613,#5085,#6985,.T.);
#4364=EDGE_CURVE('',#5612,#5613,#6986,.T.);
#4365=EDGE_CURVE('',#5611,#5613,#6987,.T.);
#4366=EDGE_CURVE('',#5614,#5086,#6988,.T.);
#4367=EDGE_CURVE('',#5614,#5615,#6989,.T.);
#4368=EDGE_CURVE('',#5615,#5088,#6990,.T.);
#4369=EDGE_CURVE('',#5616,#5087,#6991,.T.);
#4370=EDGE_CURVE('',#5614,#5616,#6992,.T.);
#4371=EDGE_CURVE('',#5617,#5089,#6993,.T.);
#4372=EDGE_CURVE('',#5616,#5617,#6994,.T.);
#4373=EDGE_CURVE('',#5615,#5617,#6995,.T.);
#4374=EDGE_CURVE('',#5618,#5090,#6996,.T.);
#4375=EDGE_CURVE('',#5618,#5619,#6997,.T.);
#4376=EDGE_CURVE('',#5619,#5092,#6998,.T.);
#4377=EDGE_CURVE('',#5620,#5091,#6999,.T.);
#4378=EDGE_CURVE('',#5618,#5620,#7000,.T.);
#4379=EDGE_CURVE('',#5621,#5093,#7001,.T.);
#4380=EDGE_CURVE('',#5620,#5621,#7002,.T.);
#4381=EDGE_CURVE('',#5619,#5621,#7003,.T.);
#4382=EDGE_CURVE('',#5622,#5094,#7004,.T.);
#4383=EDGE_CURVE('',#5622,#5623,#7005,.T.);
#4384=EDGE_CURVE('',#5623,#5096,#7006,.T.);
#4385=EDGE_CURVE('',#5624,#5095,#7007,.T.);
#4386=EDGE_CURVE('',#5622,#5624,#7008,.T.);
#4387=EDGE_CURVE('',#5625,#5097,#7009,.T.);
#4388=EDGE_CURVE('',#5624,#5625,#7010,.T.);
#4389=EDGE_CURVE('',#5623,#5625,#7011,.T.);
#4390=EDGE_CURVE('',#5626,#5098,#7012,.T.);
#4391=EDGE_CURVE('',#5626,#5627,#7013,.T.);
#4392=EDGE_CURVE('',#5627,#5100,#7014,.T.);
#4393=EDGE_CURVE('',#5628,#5099,#7015,.T.);
#4394=EDGE_CURVE('',#5626,#5628,#7016,.T.);
#4395=EDGE_CURVE('',#5629,#5101,#7017,.T.);
#4396=EDGE_CURVE('',#5628,#5629,#7018,.T.);
#4397=EDGE_CURVE('',#5627,#5629,#7019,.T.);
#4398=EDGE_CURVE('',#5630,#5102,#7020,.T.);
#4399=EDGE_CURVE('',#5630,#5631,#7021,.T.);
#4400=EDGE_CURVE('',#5631,#5104,#7022,.T.);
#4401=EDGE_CURVE('',#5632,#5103,#7023,.T.);
#4402=EDGE_CURVE('',#5630,#5632,#7024,.T.);
#4403=EDGE_CURVE('',#5633,#5105,#7025,.T.);
#4404=EDGE_CURVE('',#5632,#5633,#7026,.T.);
#4405=EDGE_CURVE('',#5631,#5633,#7027,.T.);
#4406=EDGE_CURVE('',#5634,#5106,#7028,.T.);
#4407=EDGE_CURVE('',#5634,#5635,#7029,.T.);
#4408=EDGE_CURVE('',#5635,#5108,#7030,.T.);
#4409=EDGE_CURVE('',#5636,#5107,#7031,.T.);
#4410=EDGE_CURVE('',#5634,#5636,#7032,.T.);
#4411=EDGE_CURVE('',#5637,#5109,#7033,.T.);
#4412=EDGE_CURVE('',#5636,#5637,#7034,.T.);
#4413=EDGE_CURVE('',#5635,#5637,#7035,.T.);
#4414=EDGE_CURVE('',#5638,#5110,#7036,.T.);
#4415=EDGE_CURVE('',#5638,#5639,#7037,.T.);
#4416=EDGE_CURVE('',#5639,#5112,#7038,.T.);
#4417=EDGE_CURVE('',#5640,#5111,#7039,.T.);
#4418=EDGE_CURVE('',#5638,#5640,#7040,.T.);
#4419=EDGE_CURVE('',#5641,#5113,#7041,.T.);
#4420=EDGE_CURVE('',#5640,#5641,#7042,.T.);
#4421=EDGE_CURVE('',#5639,#5641,#7043,.T.);
#4422=EDGE_CURVE('',#5642,#5114,#7044,.T.);
#4423=EDGE_CURVE('',#5642,#5643,#7045,.T.);
#4424=EDGE_CURVE('',#5643,#5116,#7046,.T.);
#4425=EDGE_CURVE('',#5644,#5115,#7047,.T.);
#4426=EDGE_CURVE('',#5642,#5644,#7048,.T.);
#4427=EDGE_CURVE('',#5645,#5117,#7049,.T.);
#4428=EDGE_CURVE('',#5644,#5645,#7050,.T.);
#4429=EDGE_CURVE('',#5643,#5645,#7051,.T.);
#4430=EDGE_CURVE('',#5646,#5118,#7052,.T.);
#4431=EDGE_CURVE('',#5646,#5647,#7053,.T.);
#4432=EDGE_CURVE('',#5647,#5120,#7054,.T.);
#4433=EDGE_CURVE('',#5648,#5119,#7055,.T.);
#4434=EDGE_CURVE('',#5646,#5648,#7056,.T.);
#4435=EDGE_CURVE('',#5649,#5121,#7057,.T.);
#4436=EDGE_CURVE('',#5648,#5649,#7058,.T.);
#4437=EDGE_CURVE('',#5647,#5649,#7059,.T.);
#4438=EDGE_CURVE('',#5650,#5122,#7060,.T.);
#4439=EDGE_CURVE('',#5650,#5651,#7061,.T.);
#4440=EDGE_CURVE('',#5651,#5124,#7062,.T.);
#4441=EDGE_CURVE('',#5652,#5123,#7063,.T.);
#4442=EDGE_CURVE('',#5650,#5652,#7064,.T.);
#4443=EDGE_CURVE('',#5653,#5125,#7065,.T.);
#4444=EDGE_CURVE('',#5652,#5653,#7066,.T.);
#4445=EDGE_CURVE('',#5651,#5653,#7067,.T.);
#4446=EDGE_CURVE('',#5654,#5126,#7068,.T.);
#4447=EDGE_CURVE('',#5654,#5655,#7069,.T.);
#4448=EDGE_CURVE('',#5655,#5128,#7070,.T.);
#4449=EDGE_CURVE('',#5656,#5127,#7071,.T.);
#4450=EDGE_CURVE('',#5654,#5656,#7072,.T.);
#4451=EDGE_CURVE('',#5657,#5129,#7073,.T.);
#4452=EDGE_CURVE('',#5656,#5657,#7074,.T.);
#4453=EDGE_CURVE('',#5655,#5657,#7075,.T.);
#4454=EDGE_CURVE('',#5658,#5130,#7076,.T.);
#4455=EDGE_CURVE('',#5658,#5659,#7077,.T.);
#4456=EDGE_CURVE('',#5659,#5132,#7078,.T.);
#4457=EDGE_CURVE('',#5660,#5131,#7079,.T.);
#4458=EDGE_CURVE('',#5658,#5660,#7080,.T.);
#4459=EDGE_CURVE('',#5661,#5133,#7081,.T.);
#4460=EDGE_CURVE('',#5660,#5661,#7082,.T.);
#4461=EDGE_CURVE('',#5659,#5661,#7083,.T.);
#4462=EDGE_CURVE('',#5662,#5134,#7084,.T.);
#4463=EDGE_CURVE('',#5662,#5663,#7085,.T.);
#4464=EDGE_CURVE('',#5663,#5136,#7086,.T.);
#4465=EDGE_CURVE('',#5664,#5135,#7087,.T.);
#4466=EDGE_CURVE('',#5662,#5664,#7088,.T.);
#4467=EDGE_CURVE('',#5665,#5137,#7089,.T.);
#4468=EDGE_CURVE('',#5664,#5665,#7090,.T.);
#4469=EDGE_CURVE('',#5663,#5665,#7091,.T.);
#4470=EDGE_CURVE('',#5666,#5138,#7092,.T.);
#4471=EDGE_CURVE('',#5666,#5667,#7093,.T.);
#4472=EDGE_CURVE('',#5667,#5140,#7094,.T.);
#4473=EDGE_CURVE('',#5668,#5139,#7095,.T.);
#4474=EDGE_CURVE('',#5666,#5668,#7096,.T.);
#4475=EDGE_CURVE('',#5669,#5141,#7097,.T.);
#4476=EDGE_CURVE('',#5668,#5669,#7098,.T.);
#4477=EDGE_CURVE('',#5667,#5669,#7099,.T.);
#4478=EDGE_CURVE('',#5670,#5142,#7100,.T.);
#4479=EDGE_CURVE('',#5670,#5671,#7101,.T.);
#4480=EDGE_CURVE('',#5671,#5144,#7102,.T.);
#4481=EDGE_CURVE('',#5672,#5143,#7103,.T.);
#4482=EDGE_CURVE('',#5670,#5672,#7104,.T.);
#4483=EDGE_CURVE('',#5673,#5145,#7105,.T.);
#4484=EDGE_CURVE('',#5672,#5673,#7106,.T.);
#4485=EDGE_CURVE('',#5671,#5673,#7107,.T.);
#4486=EDGE_CURVE('',#5674,#5146,#7108,.T.);
#4487=EDGE_CURVE('',#5674,#5675,#7109,.T.);
#4488=EDGE_CURVE('',#5675,#5148,#7110,.T.);
#4489=EDGE_CURVE('',#5676,#5147,#7111,.T.);
#4490=EDGE_CURVE('',#5674,#5676,#7112,.T.);
#4491=EDGE_CURVE('',#5677,#5149,#7113,.T.);
#4492=EDGE_CURVE('',#5676,#5677,#7114,.T.);
#4493=EDGE_CURVE('',#5675,#5677,#7115,.T.);
#4494=EDGE_CURVE('',#5678,#5150,#7116,.T.);
#4495=EDGE_CURVE('',#5678,#5679,#7117,.T.);
#4496=EDGE_CURVE('',#5679,#5152,#7118,.T.);
#4497=EDGE_CURVE('',#5680,#5151,#7119,.T.);
#4498=EDGE_CURVE('',#5678,#5680,#7120,.T.);
#4499=EDGE_CURVE('',#5681,#5153,#7121,.T.);
#4500=EDGE_CURVE('',#5680,#5681,#7122,.T.);
#4501=EDGE_CURVE('',#5679,#5681,#7123,.T.);
#4502=EDGE_CURVE('',#5682,#5154,#7124,.T.);
#4503=EDGE_CURVE('',#5682,#5683,#7125,.T.);
#4504=EDGE_CURVE('',#5683,#5156,#7126,.T.);
#4505=EDGE_CURVE('',#5684,#5155,#7127,.T.);
#4506=EDGE_CURVE('',#5682,#5684,#7128,.T.);
#4507=EDGE_CURVE('',#5685,#5157,#7129,.T.);
#4508=EDGE_CURVE('',#5684,#5685,#7130,.T.);
#4509=EDGE_CURVE('',#5683,#5685,#7131,.T.);
#4510=EDGE_CURVE('',#5686,#5158,#7132,.T.);
#4511=EDGE_CURVE('',#5686,#5687,#7133,.T.);
#4512=EDGE_CURVE('',#5687,#5160,#7134,.T.);
#4513=EDGE_CURVE('',#5688,#5159,#7135,.T.);
#4514=EDGE_CURVE('',#5686,#5688,#7136,.T.);
#4515=EDGE_CURVE('',#5689,#5161,#7137,.T.);
#4516=EDGE_CURVE('',#5688,#5689,#7138,.T.);
#4517=EDGE_CURVE('',#5687,#5689,#7139,.T.);
#4518=EDGE_CURVE('',#5690,#5162,#7140,.T.);
#4519=EDGE_CURVE('',#5690,#5691,#7141,.T.);
#4520=EDGE_CURVE('',#5691,#5164,#7142,.T.);
#4521=EDGE_CURVE('',#5692,#5163,#7143,.T.);
#4522=EDGE_CURVE('',#5690,#5692,#7144,.T.);
#4523=EDGE_CURVE('',#5693,#5165,#7145,.T.);
#4524=EDGE_CURVE('',#5692,#5693,#7146,.T.);
#4525=EDGE_CURVE('',#5691,#5693,#7147,.T.);
#4526=EDGE_CURVE('',#5694,#5166,#7148,.T.);
#4527=EDGE_CURVE('',#5694,#5695,#7149,.T.);
#4528=EDGE_CURVE('',#5695,#5168,#7150,.T.);
#4529=EDGE_CURVE('',#5696,#5167,#7151,.T.);
#4530=EDGE_CURVE('',#5694,#5696,#7152,.T.);
#4531=EDGE_CURVE('',#5697,#5169,#7153,.T.);
#4532=EDGE_CURVE('',#5696,#5697,#7154,.T.);
#4533=EDGE_CURVE('',#5695,#5697,#7155,.T.);
#4534=EDGE_CURVE('',#5698,#5170,#7156,.T.);
#4535=EDGE_CURVE('',#5698,#5699,#7157,.T.);
#4536=EDGE_CURVE('',#5699,#5172,#7158,.T.);
#4537=EDGE_CURVE('',#5700,#5171,#7159,.T.);
#4538=EDGE_CURVE('',#5698,#5700,#7160,.T.);
#4539=EDGE_CURVE('',#5701,#5173,#7161,.T.);
#4540=EDGE_CURVE('',#5700,#5701,#7162,.T.);
#4541=EDGE_CURVE('',#5699,#5701,#7163,.T.);
#4542=EDGE_CURVE('',#5702,#5174,#7164,.T.);
#4543=EDGE_CURVE('',#5702,#5703,#7165,.T.);
#4544=EDGE_CURVE('',#5703,#5176,#7166,.T.);
#4545=EDGE_CURVE('',#5704,#5175,#7167,.T.);
#4546=EDGE_CURVE('',#5702,#5704,#7168,.T.);
#4547=EDGE_CURVE('',#5705,#5177,#7169,.T.);
#4548=EDGE_CURVE('',#5704,#5705,#7170,.T.);
#4549=EDGE_CURVE('',#5703,#5705,#7171,.T.);
#4550=EDGE_CURVE('',#5706,#5178,#7172,.T.);
#4551=EDGE_CURVE('',#5706,#5707,#7173,.T.);
#4552=EDGE_CURVE('',#5707,#5180,#7174,.T.);
#4553=EDGE_CURVE('',#5708,#5179,#7175,.T.);
#4554=EDGE_CURVE('',#5706,#5708,#7176,.T.);
#4555=EDGE_CURVE('',#5709,#5181,#7177,.T.);
#4556=EDGE_CURVE('',#5708,#5709,#7178,.T.);
#4557=EDGE_CURVE('',#5707,#5709,#7179,.T.);
#4558=EDGE_CURVE('',#5710,#5182,#7180,.T.);
#4559=EDGE_CURVE('',#5710,#5711,#7181,.T.);
#4560=EDGE_CURVE('',#5711,#5184,#7182,.T.);
#4561=EDGE_CURVE('',#5712,#5183,#7183,.T.);
#4562=EDGE_CURVE('',#5710,#5712,#7184,.T.);
#4563=EDGE_CURVE('',#5713,#5185,#7185,.T.);
#4564=EDGE_CURVE('',#5712,#5713,#7186,.T.);
#4565=EDGE_CURVE('',#5711,#5713,#7187,.T.);
#4566=EDGE_CURVE('',#5714,#5186,#7188,.T.);
#4567=EDGE_CURVE('',#5714,#5715,#7189,.T.);
#4568=EDGE_CURVE('',#5715,#5188,#7190,.T.);
#4569=EDGE_CURVE('',#5716,#5187,#7191,.T.);
#4570=EDGE_CURVE('',#5714,#5716,#7192,.T.);
#4571=EDGE_CURVE('',#5717,#5189,#7193,.T.);
#4572=EDGE_CURVE('',#5716,#5717,#7194,.T.);
#4573=EDGE_CURVE('',#5715,#5717,#7195,.T.);
#4574=EDGE_CURVE('',#5718,#5190,#7196,.T.);
#4575=EDGE_CURVE('',#5718,#5719,#7197,.T.);
#4576=EDGE_CURVE('',#5719,#5192,#7198,.T.);
#4577=EDGE_CURVE('',#5720,#5191,#7199,.T.);
#4578=EDGE_CURVE('',#5718,#5720,#7200,.T.);
#4579=EDGE_CURVE('',#5721,#5193,#7201,.T.);
#4580=EDGE_CURVE('',#5720,#5721,#7202,.T.);
#4581=EDGE_CURVE('',#5719,#5721,#7203,.T.);
#4582=EDGE_CURVE('',#5722,#5194,#7204,.T.);
#4583=EDGE_CURVE('',#5722,#5723,#7205,.T.);
#4584=EDGE_CURVE('',#5723,#5196,#7206,.T.);
#4585=EDGE_CURVE('',#5724,#5195,#7207,.T.);
#4586=EDGE_CURVE('',#5722,#5724,#7208,.T.);
#4587=EDGE_CURVE('',#5725,#5197,#7209,.T.);
#4588=EDGE_CURVE('',#5724,#5725,#7210,.T.);
#4589=EDGE_CURVE('',#5723,#5725,#7211,.T.);
#4590=EDGE_CURVE('',#5726,#5198,#7212,.T.);
#4591=EDGE_CURVE('',#5726,#5727,#7213,.T.);
#4592=EDGE_CURVE('',#5727,#5200,#7214,.T.);
#4593=EDGE_CURVE('',#5728,#5199,#7215,.T.);
#4594=EDGE_CURVE('',#5726,#5728,#7216,.T.);
#4595=EDGE_CURVE('',#5729,#5201,#7217,.T.);
#4596=EDGE_CURVE('',#5728,#5729,#7218,.T.);
#4597=EDGE_CURVE('',#5727,#5729,#7219,.T.);
#4598=EDGE_CURVE('',#5730,#5202,#7220,.T.);
#4599=EDGE_CURVE('',#5730,#5731,#7221,.T.);
#4600=EDGE_CURVE('',#5731,#5204,#7222,.T.);
#4601=EDGE_CURVE('',#5732,#5203,#7223,.T.);
#4602=EDGE_CURVE('',#5730,#5732,#7224,.T.);
#4603=EDGE_CURVE('',#5733,#5205,#7225,.T.);
#4604=EDGE_CURVE('',#5732,#5733,#7226,.T.);
#4605=EDGE_CURVE('',#5731,#5733,#7227,.T.);
#4606=EDGE_CURVE('',#5734,#5206,#7228,.T.);
#4607=EDGE_CURVE('',#5734,#5735,#7229,.T.);
#4608=EDGE_CURVE('',#5735,#5208,#7230,.T.);
#4609=EDGE_CURVE('',#5736,#5207,#7231,.T.);
#4610=EDGE_CURVE('',#5734,#5736,#7232,.T.);
#4611=EDGE_CURVE('',#5737,#5209,#7233,.T.);
#4612=EDGE_CURVE('',#5736,#5737,#7234,.T.);
#4613=EDGE_CURVE('',#5735,#5737,#7235,.T.);
#4614=EDGE_CURVE('',#5738,#5210,#7236,.T.);
#4615=EDGE_CURVE('',#5738,#5739,#7237,.T.);
#4616=EDGE_CURVE('',#5739,#5212,#7238,.T.);
#4617=EDGE_CURVE('',#5740,#5211,#7239,.T.);
#4618=EDGE_CURVE('',#5738,#5740,#7240,.T.);
#4619=EDGE_CURVE('',#5741,#5213,#7241,.T.);
#4620=EDGE_CURVE('',#5740,#5741,#7242,.T.);
#4621=EDGE_CURVE('',#5739,#5741,#7243,.T.);
#4622=EDGE_CURVE('',#5742,#5214,#7244,.T.);
#4623=EDGE_CURVE('',#5742,#5743,#7245,.T.);
#4624=EDGE_CURVE('',#5743,#5216,#7246,.T.);
#4625=EDGE_CURVE('',#5744,#5215,#7247,.T.);
#4626=EDGE_CURVE('',#5742,#5744,#7248,.T.);
#4627=EDGE_CURVE('',#5745,#5217,#7249,.T.);
#4628=EDGE_CURVE('',#5744,#5745,#7250,.T.);
#4629=EDGE_CURVE('',#5743,#5745,#7251,.T.);
#4630=EDGE_CURVE('',#5746,#5218,#7252,.T.);
#4631=EDGE_CURVE('',#5746,#5747,#7253,.T.);
#4632=EDGE_CURVE('',#5747,#5220,#7254,.T.);
#4633=EDGE_CURVE('',#5748,#5219,#7255,.T.);
#4634=EDGE_CURVE('',#5746,#5748,#7256,.T.);
#4635=EDGE_CURVE('',#5749,#5221,#7257,.T.);
#4636=EDGE_CURVE('',#5748,#5749,#7258,.T.);
#4637=EDGE_CURVE('',#5747,#5749,#7259,.T.);
#4638=EDGE_CURVE('',#5750,#5222,#7260,.T.);
#4639=EDGE_CURVE('',#5750,#5751,#7261,.T.);
#4640=EDGE_CURVE('',#5751,#5224,#7262,.T.);
#4641=EDGE_CURVE('',#5752,#5223,#7263,.T.);
#4642=EDGE_CURVE('',#5750,#5752,#7264,.T.);
#4643=EDGE_CURVE('',#5753,#5225,#7265,.T.);
#4644=EDGE_CURVE('',#5752,#5753,#7266,.T.);
#4645=EDGE_CURVE('',#5751,#5753,#7267,.T.);
#4646=EDGE_CURVE('',#5754,#5226,#7268,.T.);
#4647=EDGE_CURVE('',#5754,#5755,#7269,.T.);
#4648=EDGE_CURVE('',#5755,#5228,#7270,.T.);
#4649=EDGE_CURVE('',#5756,#5227,#7271,.T.);
#4650=EDGE_CURVE('',#5754,#5756,#7272,.T.);
#4651=EDGE_CURVE('',#5757,#5229,#7273,.T.);
#4652=EDGE_CURVE('',#5756,#5757,#7274,.T.);
#4653=EDGE_CURVE('',#5755,#5757,#7275,.T.);
#4654=EDGE_CURVE('',#5758,#5230,#7276,.T.);
#4655=EDGE_CURVE('',#5758,#5759,#7277,.T.);
#4656=EDGE_CURVE('',#5759,#5232,#7278,.T.);
#4657=EDGE_CURVE('',#5760,#5231,#7279,.T.);
#4658=EDGE_CURVE('',#5758,#5760,#7280,.T.);
#4659=EDGE_CURVE('',#5761,#5233,#7281,.T.);
#4660=EDGE_CURVE('',#5760,#5761,#7282,.T.);
#4661=EDGE_CURVE('',#5759,#5761,#7283,.T.);
#4662=EDGE_CURVE('',#5762,#5234,#7284,.T.);
#4663=EDGE_CURVE('',#5762,#5763,#7285,.T.);
#4664=EDGE_CURVE('',#5763,#5236,#7286,.T.);
#4665=EDGE_CURVE('',#5764,#5235,#7287,.T.);
#4666=EDGE_CURVE('',#5762,#5764,#7288,.T.);
#4667=EDGE_CURVE('',#5765,#5237,#7289,.T.);
#4668=EDGE_CURVE('',#5764,#5765,#7290,.T.);
#4669=EDGE_CURVE('',#5763,#5765,#7291,.T.);
#4670=EDGE_CURVE('',#5766,#5238,#7292,.T.);
#4671=EDGE_CURVE('',#5766,#5767,#7293,.T.);
#4672=EDGE_CURVE('',#5767,#5240,#7294,.T.);
#4673=EDGE_CURVE('',#5768,#5239,#7295,.T.);
#4674=EDGE_CURVE('',#5766,#5768,#7296,.T.);
#4675=EDGE_CURVE('',#5769,#5241,#7297,.T.);
#4676=EDGE_CURVE('',#5768,#5769,#7298,.T.);
#4677=EDGE_CURVE('',#5767,#5769,#7299,.T.);
#4678=EDGE_CURVE('',#5770,#5242,#7300,.T.);
#4679=EDGE_CURVE('',#5770,#5771,#7301,.T.);
#4680=EDGE_CURVE('',#5771,#5244,#7302,.T.);
#4681=EDGE_CURVE('',#5772,#5243,#7303,.T.);
#4682=EDGE_CURVE('',#5770,#5772,#7304,.T.);
#4683=EDGE_CURVE('',#5773,#5245,#7305,.T.);
#4684=EDGE_CURVE('',#5772,#5773,#7306,.T.);
#4685=EDGE_CURVE('',#5771,#5773,#7307,.T.);
#4686=EDGE_CURVE('',#5774,#5246,#7308,.T.);
#4687=EDGE_CURVE('',#5774,#5775,#7309,.T.);
#4688=EDGE_CURVE('',#5775,#5248,#7310,.T.);
#4689=EDGE_CURVE('',#5776,#5247,#7311,.T.);
#4690=EDGE_CURVE('',#5774,#5776,#7312,.T.);
#4691=EDGE_CURVE('',#5777,#5249,#7313,.T.);
#4692=EDGE_CURVE('',#5776,#5777,#7314,.T.);
#4693=EDGE_CURVE('',#5775,#5777,#7315,.T.);
#4694=EDGE_CURVE('',#5778,#5250,#7316,.T.);
#4695=EDGE_CURVE('',#5778,#5779,#7317,.T.);
#4696=EDGE_CURVE('',#5779,#5252,#7318,.T.);
#4697=EDGE_CURVE('',#5780,#5251,#7319,.T.);
#4698=EDGE_CURVE('',#5778,#5780,#7320,.T.);
#4699=EDGE_CURVE('',#5781,#5253,#7321,.T.);
#4700=EDGE_CURVE('',#5780,#5781,#7322,.T.);
#4701=EDGE_CURVE('',#5779,#5781,#7323,.T.);
#4702=EDGE_CURVE('',#5782,#5254,#7324,.T.);
#4703=EDGE_CURVE('',#5782,#5783,#7325,.T.);
#4704=EDGE_CURVE('',#5783,#5256,#7326,.T.);
#4705=EDGE_CURVE('',#5784,#5255,#7327,.T.);
#4706=EDGE_CURVE('',#5782,#5784,#7328,.T.);
#4707=EDGE_CURVE('',#5785,#5257,#7329,.T.);
#4708=EDGE_CURVE('',#5784,#5785,#7330,.T.);
#4709=EDGE_CURVE('',#5783,#5785,#7331,.T.);
#4710=EDGE_CURVE('',#5786,#5258,#7332,.T.);
#4711=EDGE_CURVE('',#5786,#5787,#7333,.T.);
#4712=EDGE_CURVE('',#5787,#5260,#7334,.T.);
#4713=EDGE_CURVE('',#5788,#5259,#7335,.T.);
#4714=EDGE_CURVE('',#5786,#5788,#7336,.T.);
#4715=EDGE_CURVE('',#5789,#5261,#7337,.T.);
#4716=EDGE_CURVE('',#5788,#5789,#7338,.T.);
#4717=EDGE_CURVE('',#5787,#5789,#7339,.T.);
#4718=EDGE_CURVE('',#5790,#5262,#7340,.T.);
#4719=EDGE_CURVE('',#5790,#5791,#7341,.T.);
#4720=EDGE_CURVE('',#5791,#5264,#7342,.T.);
#4721=EDGE_CURVE('',#5792,#5263,#7343,.T.);
#4722=EDGE_CURVE('',#5790,#5792,#7344,.T.);
#4723=EDGE_CURVE('',#5793,#5265,#7345,.T.);
#4724=EDGE_CURVE('',#5792,#5793,#7346,.T.);
#4725=EDGE_CURVE('',#5791,#5793,#7347,.T.);
#4726=EDGE_CURVE('',#5794,#5266,#7348,.T.);
#4727=EDGE_CURVE('',#5794,#5795,#7349,.T.);
#4728=EDGE_CURVE('',#5795,#5268,#7350,.T.);
#4729=EDGE_CURVE('',#5796,#5267,#7351,.T.);
#4730=EDGE_CURVE('',#5794,#5796,#7352,.T.);
#4731=EDGE_CURVE('',#5797,#5269,#7353,.T.);
#4732=EDGE_CURVE('',#5796,#5797,#7354,.T.);
#4733=EDGE_CURVE('',#5795,#5797,#7355,.T.);
#4734=EDGE_CURVE('',#5798,#5270,#7356,.T.);
#4735=EDGE_CURVE('',#5798,#5799,#7357,.T.);
#4736=EDGE_CURVE('',#5799,#5272,#7358,.T.);
#4737=EDGE_CURVE('',#5800,#5271,#7359,.T.);
#4738=EDGE_CURVE('',#5798,#5800,#7360,.T.);
#4739=EDGE_CURVE('',#5801,#5273,#7361,.T.);
#4740=EDGE_CURVE('',#5800,#5801,#7362,.T.);
#4741=EDGE_CURVE('',#5799,#5801,#7363,.T.);
#4742=EDGE_CURVE('',#5802,#5274,#7364,.T.);
#4743=EDGE_CURVE('',#5802,#5803,#7365,.T.);
#4744=EDGE_CURVE('',#5803,#5276,#7366,.T.);
#4745=EDGE_CURVE('',#5804,#5275,#7367,.T.);
#4746=EDGE_CURVE('',#5802,#5804,#7368,.T.);
#4747=EDGE_CURVE('',#5805,#5277,#7369,.T.);
#4748=EDGE_CURVE('',#5804,#5805,#7370,.T.);
#4749=EDGE_CURVE('',#5803,#5805,#7371,.T.);
#4750=EDGE_CURVE('',#5293,#5806,#22,.T.);
#4751=EDGE_CURVE('',#5806,#5278,#23,.T.);
#4752=EDGE_CURVE('',#5291,#5807,#24,.T.);
#4753=EDGE_CURVE('',#5807,#5292,#25,.T.);
#4754=EDGE_CURVE('',#5284,#5288,#26,.T.);
#4755=EDGE_CURVE('',#5283,#5286,#27,.T.);
#4756=VERTEX_POINT('',#13425);
#4757=VERTEX_POINT('',#13426);
#4758=VERTEX_POINT('',#13428);
#4759=VERTEX_POINT('',#13430);
#4760=VERTEX_POINT('',#13432);
#4761=VERTEX_POINT('',#13434);
#4762=VERTEX_POINT('',#13436);
#4763=VERTEX_POINT('',#13438);
#4764=VERTEX_POINT('',#13440);
#4765=VERTEX_POINT('',#13442);
#4766=VERTEX_POINT('',#13445);
#4767=VERTEX_POINT('',#13446);
#4768=VERTEX_POINT('',#13448);
#4769=VERTEX_POINT('',#13450);
#4770=VERTEX_POINT('',#13453);
#4771=VERTEX_POINT('',#13454);
#4772=VERTEX_POINT('',#13456);
#4773=VERTEX_POINT('',#13458);
#4774=VERTEX_POINT('',#13461);
#4775=VERTEX_POINT('',#13462);
#4776=VERTEX_POINT('',#13464);
#4777=VERTEX_POINT('',#13466);
#4778=VERTEX_POINT('',#13469);
#4779=VERTEX_POINT('',#13470);
#4780=VERTEX_POINT('',#13472);
#4781=VERTEX_POINT('',#13474);
#4782=VERTEX_POINT('',#13477);
#4783=VERTEX_POINT('',#13478);
#4784=VERTEX_POINT('',#13480);
#4785=VERTEX_POINT('',#13482);
#4786=VERTEX_POINT('',#13485);
#4787=VERTEX_POINT('',#13486);
#4788=VERTEX_POINT('',#13488);
#4789=VERTEX_POINT('',#13490);
#4790=VERTEX_POINT('',#13493);
#4791=VERTEX_POINT('',#13494);
#4792=VERTEX_POINT('',#13496);
#4793=VERTEX_POINT('',#13498);
#4794=VERTEX_POINT('',#13501);
#4795=VERTEX_POINT('',#13502);
#4796=VERTEX_POINT('',#13504);
#4797=VERTEX_POINT('',#13506);
#4798=VERTEX_POINT('',#13509);
#4799=VERTEX_POINT('',#13510);
#4800=VERTEX_POINT('',#13512);
#4801=VERTEX_POINT('',#13514);
#4802=VERTEX_POINT('',#13517);
#4803=VERTEX_POINT('',#13518);
#4804=VERTEX_POINT('',#13520);
#4805=VERTEX_POINT('',#13522);
#4806=VERTEX_POINT('',#13525);
#4807=VERTEX_POINT('',#13526);
#4808=VERTEX_POINT('',#13528);
#4809=VERTEX_POINT('',#13530);
#4810=VERTEX_POINT('',#13533);
#4811=VERTEX_POINT('',#13534);
#4812=VERTEX_POINT('',#13536);
#4813=VERTEX_POINT('',#13538);
#4814=VERTEX_POINT('',#13541);
#4815=VERTEX_POINT('',#13542);
#4816=VERTEX_POINT('',#13544);
#4817=VERTEX_POINT('',#13546);
#4818=VERTEX_POINT('',#13549);
#4819=VERTEX_POINT('',#13550);
#4820=VERTEX_POINT('',#13552);
#4821=VERTEX_POINT('',#13554);
#4822=VERTEX_POINT('',#13557);
#4823=VERTEX_POINT('',#13558);
#4824=VERTEX_POINT('',#13560);
#4825=VERTEX_POINT('',#13562);
#4826=VERTEX_POINT('',#13565);
#4827=VERTEX_POINT('',#13566);
#4828=VERTEX_POINT('',#13568);
#4829=VERTEX_POINT('',#13570);
#4830=VERTEX_POINT('',#13573);
#4831=VERTEX_POINT('',#13574);
#4832=VERTEX_POINT('',#13576);
#4833=VERTEX_POINT('',#13578);
#4834=VERTEX_POINT('',#13581);
#4835=VERTEX_POINT('',#13582);
#4836=VERTEX_POINT('',#13584);
#4837=VERTEX_POINT('',#13586);
#4838=VERTEX_POINT('',#13589);
#4839=VERTEX_POINT('',#13590);
#4840=VERTEX_POINT('',#13592);
#4841=VERTEX_POINT('',#13594);
#4842=VERTEX_POINT('',#13597);
#4843=VERTEX_POINT('',#13598);
#4844=VERTEX_POINT('',#13600);
#4845=VERTEX_POINT('',#13602);
#4846=VERTEX_POINT('',#13605);
#4847=VERTEX_POINT('',#13606);
#4848=VERTEX_POINT('',#13608);
#4849=VERTEX_POINT('',#13610);
#4850=VERTEX_POINT('',#13613);
#4851=VERTEX_POINT('',#13614);
#4852=VERTEX_POINT('',#13616);
#4853=VERTEX_POINT('',#13618);
#4854=VERTEX_POINT('',#13621);
#4855=VERTEX_POINT('',#13622);
#4856=VERTEX_POINT('',#13624);
#4857=VERTEX_POINT('',#13626);
#4858=VERTEX_POINT('',#13629);
#4859=VERTEX_POINT('',#13630);
#4860=VERTEX_POINT('',#13632);
#4861=VERTEX_POINT('',#13634);
#4862=VERTEX_POINT('',#13637);
#4863=VERTEX_POINT('',#13638);
#4864=VERTEX_POINT('',#13640);
#4865=VERTEX_POINT('',#13642);
#4866=VERTEX_POINT('',#13645);
#4867=VERTEX_POINT('',#13646);
#4868=VERTEX_POINT('',#13648);
#4869=VERTEX_POINT('',#13650);
#4870=VERTEX_POINT('',#13653);
#4871=VERTEX_POINT('',#13654);
#4872=VERTEX_POINT('',#13656);
#4873=VERTEX_POINT('',#13658);
#4874=VERTEX_POINT('',#13661);
#4875=VERTEX_POINT('',#13662);
#4876=VERTEX_POINT('',#13664);
#4877=VERTEX_POINT('',#13666);
#4878=VERTEX_POINT('',#13669);
#4879=VERTEX_POINT('',#13670);
#4880=VERTEX_POINT('',#13672);
#4881=VERTEX_POINT('',#13674);
#4882=VERTEX_POINT('',#13677);
#4883=VERTEX_POINT('',#13678);
#4884=VERTEX_POINT('',#13680);
#4885=VERTEX_POINT('',#13682);
#4886=VERTEX_POINT('',#13685);
#4887=VERTEX_POINT('',#13686);
#4888=VERTEX_POINT('',#13688);
#4889=VERTEX_POINT('',#13690);
#4890=VERTEX_POINT('',#13693);
#4891=VERTEX_POINT('',#13694);
#4892=VERTEX_POINT('',#13696);
#4893=VERTEX_POINT('',#13698);
#4894=VERTEX_POINT('',#13701);
#4895=VERTEX_POINT('',#13702);
#4896=VERTEX_POINT('',#13704);
#4897=VERTEX_POINT('',#13706);
#4898=VERTEX_POINT('',#13709);
#4899=VERTEX_POINT('',#13710);
#4900=VERTEX_POINT('',#13712);
#4901=VERTEX_POINT('',#13714);
#4902=VERTEX_POINT('',#13717);
#4903=VERTEX_POINT('',#13718);
#4904=VERTEX_POINT('',#13720);
#4905=VERTEX_POINT('',#13722);
#4906=VERTEX_POINT('',#13725);
#4907=VERTEX_POINT('',#13726);
#4908=VERTEX_POINT('',#13728);
#4909=VERTEX_POINT('',#13730);
#4910=VERTEX_POINT('',#13733);
#4911=VERTEX_POINT('',#13734);
#4912=VERTEX_POINT('',#13736);
#4913=VERTEX_POINT('',#13738);
#4914=VERTEX_POINT('',#13741);
#4915=VERTEX_POINT('',#13742);
#4916=VERTEX_POINT('',#13744);
#4917=VERTEX_POINT('',#13746);
#4918=VERTEX_POINT('',#13749);
#4919=VERTEX_POINT('',#13750);
#4920=VERTEX_POINT('',#13752);
#4921=VERTEX_POINT('',#13754);
#4922=VERTEX_POINT('',#13757);
#4923=VERTEX_POINT('',#13758);
#4924=VERTEX_POINT('',#13760);
#4925=VERTEX_POINT('',#13762);
#4926=VERTEX_POINT('',#13765);
#4927=VERTEX_POINT('',#13766);
#4928=VERTEX_POINT('',#13768);
#4929=VERTEX_POINT('',#13770);
#4930=VERTEX_POINT('',#13773);
#4931=VERTEX_POINT('',#13774);
#4932=VERTEX_POINT('',#13776);
#4933=VERTEX_POINT('',#13778);
#4934=VERTEX_POINT('',#13781);
#4935=VERTEX_POINT('',#13782);
#4936=VERTEX_POINT('',#13784);
#4937=VERTEX_POINT('',#13786);
#4938=VERTEX_POINT('',#13789);
#4939=VERTEX_POINT('',#13790);
#4940=VERTEX_POINT('',#13792);
#4941=VERTEX_POINT('',#13794);
#4942=VERTEX_POINT('',#13797);
#4943=VERTEX_POINT('',#13798);
#4944=VERTEX_POINT('',#13800);
#4945=VERTEX_POINT('',#13802);
#4946=VERTEX_POINT('',#13805);
#4947=VERTEX_POINT('',#13806);
#4948=VERTEX_POINT('',#13808);
#4949=VERTEX_POINT('',#13810);
#4950=VERTEX_POINT('',#13813);
#4951=VERTEX_POINT('',#13814);
#4952=VERTEX_POINT('',#13816);
#4953=VERTEX_POINT('',#13818);
#4954=VERTEX_POINT('',#13821);
#4955=VERTEX_POINT('',#13822);
#4956=VERTEX_POINT('',#13824);
#4957=VERTEX_POINT('',#13826);
#4958=VERTEX_POINT('',#13829);
#4959=VERTEX_POINT('',#13830);
#4960=VERTEX_POINT('',#13832);
#4961=VERTEX_POINT('',#13834);
#4962=VERTEX_POINT('',#13837);
#4963=VERTEX_POINT('',#13838);
#4964=VERTEX_POINT('',#13840);
#4965=VERTEX_POINT('',#13842);
#4966=VERTEX_POINT('',#13845);
#4967=VERTEX_POINT('',#13846);
#4968=VERTEX_POINT('',#13848);
#4969=VERTEX_POINT('',#13850);
#4970=VERTEX_POINT('',#13853);
#4971=VERTEX_POINT('',#13854);
#4972=VERTEX_POINT('',#13856);
#4973=VERTEX_POINT('',#13858);
#4974=VERTEX_POINT('',#13861);
#4975=VERTEX_POINT('',#13862);
#4976=VERTEX_POINT('',#13864);
#4977=VERTEX_POINT('',#13866);
#4978=VERTEX_POINT('',#13869);
#4979=VERTEX_POINT('',#13870);
#4980=VERTEX_POINT('',#13872);
#4981=VERTEX_POINT('',#13874);
#4982=VERTEX_POINT('',#13877);
#4983=VERTEX_POINT('',#13878);
#4984=VERTEX_POINT('',#13880);
#4985=VERTEX_POINT('',#13882);
#4986=VERTEX_POINT('',#13885);
#4987=VERTEX_POINT('',#13886);
#4988=VERTEX_POINT('',#13888);
#4989=VERTEX_POINT('',#13890);
#4990=VERTEX_POINT('',#13893);
#4991=VERTEX_POINT('',#13894);
#4992=VERTEX_POINT('',#13896);
#4993=VERTEX_POINT('',#13898);
#4994=VERTEX_POINT('',#13901);
#4995=VERTEX_POINT('',#13902);
#4996=VERTEX_POINT('',#13904);
#4997=VERTEX_POINT('',#13906);
#4998=VERTEX_POINT('',#13909);
#4999=VERTEX_POINT('',#13910);
#5000=VERTEX_POINT('',#13912);
#5001=VERTEX_POINT('',#13914);
#5002=VERTEX_POINT('',#13917);
#5003=VERTEX_POINT('',#13918);
#5004=VERTEX_POINT('',#13920);
#5005=VERTEX_POINT('',#13922);
#5006=VERTEX_POINT('',#13925);
#5007=VERTEX_POINT('',#13926);
#5008=VERTEX_POINT('',#13928);
#5009=VERTEX_POINT('',#13930);
#5010=VERTEX_POINT('',#13933);
#5011=VERTEX_POINT('',#13934);
#5012=VERTEX_POINT('',#13936);
#5013=VERTEX_POINT('',#13938);
#5014=VERTEX_POINT('',#13941);
#5015=VERTEX_POINT('',#13942);
#5016=VERTEX_POINT('',#13944);
#5017=VERTEX_POINT('',#13946);
#5018=VERTEX_POINT('',#13949);
#5019=VERTEX_POINT('',#13950);
#5020=VERTEX_POINT('',#13952);
#5021=VERTEX_POINT('',#13954);
#5022=VERTEX_POINT('',#13957);
#5023=VERTEX_POINT('',#13958);
#5024=VERTEX_POINT('',#13960);
#5025=VERTEX_POINT('',#13962);
#5026=VERTEX_POINT('',#13965);
#5027=VERTEX_POINT('',#13966);
#5028=VERTEX_POINT('',#13968);
#5029=VERTEX_POINT('',#13970);
#5030=VERTEX_POINT('',#13973);
#5031=VERTEX_POINT('',#13974);
#5032=VERTEX_POINT('',#13976);
#5033=VERTEX_POINT('',#13978);
#5034=VERTEX_POINT('',#13981);
#5035=VERTEX_POINT('',#13982);
#5036=VERTEX_POINT('',#13984);
#5037=VERTEX_POINT('',#13986);
#5038=VERTEX_POINT('',#13989);
#5039=VERTEX_POINT('',#13990);
#5040=VERTEX_POINT('',#13992);
#5041=VERTEX_POINT('',#13994);
#5042=VERTEX_POINT('',#13997);
#5043=VERTEX_POINT('',#13998);
#5044=VERTEX_POINT('',#14000);
#5045=VERTEX_POINT('',#14002);
#5046=VERTEX_POINT('',#14005);
#5047=VERTEX_POINT('',#14006);
#5048=VERTEX_POINT('',#14008);
#5049=VERTEX_POINT('',#14010);
#5050=VERTEX_POINT('',#14013);
#5051=VERTEX_POINT('',#14014);
#5052=VERTEX_POINT('',#14016);
#5053=VERTEX_POINT('',#14018);
#5054=VERTEX_POINT('',#14021);
#5055=VERTEX_POINT('',#14022);
#5056=VERTEX_POINT('',#14024);
#5057=VERTEX_POINT('',#14026);
#5058=VERTEX_POINT('',#14029);
#5059=VERTEX_POINT('',#14030);
#5060=VERTEX_POINT('',#14032);
#5061=VERTEX_POINT('',#14034);
#5062=VERTEX_POINT('',#14037);
#5063=VERTEX_POINT('',#14038);
#5064=VERTEX_POINT('',#14040);
#5065=VERTEX_POINT('',#14042);
#5066=VERTEX_POINT('',#14045);
#5067=VERTEX_POINT('',#14046);
#5068=VERTEX_POINT('',#14048);
#5069=VERTEX_POINT('',#14050);
#5070=VERTEX_POINT('',#14053);
#5071=VERTEX_POINT('',#14054);
#5072=VERTEX_POINT('',#14056);
#5073=VERTEX_POINT('',#14058);
#5074=VERTEX_POINT('',#14061);
#5075=VERTEX_POINT('',#14062);
#5076=VERTEX_POINT('',#14064);
#5077=VERTEX_POINT('',#14066);
#5078=VERTEX_POINT('',#14069);
#5079=VERTEX_POINT('',#14070);
#5080=VERTEX_POINT('',#14072);
#5081=VERTEX_POINT('',#14074);
#5082=VERTEX_POINT('',#14077);
#5083=VERTEX_POINT('',#14078);
#5084=VERTEX_POINT('',#14080);
#5085=VERTEX_POINT('',#14082);
#5086=VERTEX_POINT('',#14085);
#5087=VERTEX_POINT('',#14086);
#5088=VERTEX_POINT('',#14088);
#5089=VERTEX_POINT('',#14090);
#5090=VERTEX_POINT('',#14093);
#5091=VERTEX_POINT('',#14094);
#5092=VERTEX_POINT('',#14096);
#5093=VERTEX_POINT('',#14098);
#5094=VERTEX_POINT('',#14101);
#5095=VERTEX_POINT('',#14102);
#5096=VERTEX_POINT('',#14104);
#5097=VERTEX_POINT('',#14106);
#5098=VERTEX_POINT('',#14109);
#5099=VERTEX_POINT('',#14110);
#5100=VERTEX_POINT('',#14112);
#5101=VERTEX_POINT('',#14114);
#5102=VERTEX_POINT('',#14117);
#5103=VERTEX_POINT('',#14118);
#5104=VERTEX_POINT('',#14120);
#5105=VERTEX_POINT('',#14122);
#5106=VERTEX_POINT('',#14125);
#5107=VERTEX_POINT('',#14126);
#5108=VERTEX_POINT('',#14128);
#5109=VERTEX_POINT('',#14130);
#5110=VERTEX_POINT('',#14133);
#5111=VERTEX_POINT('',#14134);
#5112=VERTEX_POINT('',#14136);
#5113=VERTEX_POINT('',#14138);
#5114=VERTEX_POINT('',#14141);
#5115=VERTEX_POINT('',#14142);
#5116=VERTEX_POINT('',#14144);
#5117=VERTEX_POINT('',#14146);
#5118=VERTEX_POINT('',#14149);
#5119=VERTEX_POINT('',#14150);
#5120=VERTEX_POINT('',#14152);
#5121=VERTEX_POINT('',#14154);
#5122=VERTEX_POINT('',#14157);
#5123=VERTEX_POINT('',#14158);
#5124=VERTEX_POINT('',#14160);
#5125=VERTEX_POINT('',#14162);
#5126=VERTEX_POINT('',#14165);
#5127=VERTEX_POINT('',#14166);
#5128=VERTEX_POINT('',#14168);
#5129=VERTEX_POINT('',#14170);
#5130=VERTEX_POINT('',#14173);
#5131=VERTEX_POINT('',#14174);
#5132=VERTEX_POINT('',#14176);
#5133=VERTEX_POINT('',#14178);
#5134=VERTEX_POINT('',#14181);
#5135=VERTEX_POINT('',#14182);
#5136=VERTEX_POINT('',#14184);
#5137=VERTEX_POINT('',#14186);
#5138=VERTEX_POINT('',#14189);
#5139=VERTEX_POINT('',#14190);
#5140=VERTEX_POINT('',#14192);
#5141=VERTEX_POINT('',#14194);
#5142=VERTEX_POINT('',#14197);
#5143=VERTEX_POINT('',#14198);
#5144=VERTEX_POINT('',#14200);
#5145=VERTEX_POINT('',#14202);
#5146=VERTEX_POINT('',#14205);
#5147=VERTEX_POINT('',#14206);
#5148=VERTEX_POINT('',#14208);
#5149=VERTEX_POINT('',#14210);
#5150=VERTEX_POINT('',#14213);
#5151=VERTEX_POINT('',#14214);
#5152=VERTEX_POINT('',#14216);
#5153=VERTEX_POINT('',#14218);
#5154=VERTEX_POINT('',#14221);
#5155=VERTEX_POINT('',#14222);
#5156=VERTEX_POINT('',#14224);
#5157=VERTEX_POINT('',#14226);
#5158=VERTEX_POINT('',#14229);
#5159=VERTEX_POINT('',#14230);
#5160=VERTEX_POINT('',#14232);
#5161=VERTEX_POINT('',#14234);
#5162=VERTEX_POINT('',#14237);
#5163=VERTEX_POINT('',#14238);
#5164=VERTEX_POINT('',#14240);
#5165=VERTEX_POINT('',#14242);
#5166=VERTEX_POINT('',#14245);
#5167=VERTEX_POINT('',#14246);
#5168=VERTEX_POINT('',#14248);
#5169=VERTEX_POINT('',#14250);
#5170=VERTEX_POINT('',#14253);
#5171=VERTEX_POINT('',#14254);
#5172=VERTEX_POINT('',#14256);
#5173=VERTEX_POINT('',#14258);
#5174=VERTEX_POINT('',#14261);
#5175=VERTEX_POINT('',#14262);
#5176=VERTEX_POINT('',#14264);
#5177=VERTEX_POINT('',#14266);
#5178=VERTEX_POINT('',#14269);
#5179=VERTEX_POINT('',#14270);
#5180=VERTEX_POINT('',#14272);
#5181=VERTEX_POINT('',#14274);
#5182=VERTEX_POINT('',#14277);
#5183=VERTEX_POINT('',#14278);
#5184=VERTEX_POINT('',#14280);
#5185=VERTEX_POINT('',#14282);
#5186=VERTEX_POINT('',#14285);
#5187=VERTEX_POINT('',#14286);
#5188=VERTEX_POINT('',#14288);
#5189=VERTEX_POINT('',#14290);
#5190=VERTEX_POINT('',#14293);
#5191=VERTEX_POINT('',#14294);
#5192=VERTEX_POINT('',#14296);
#5193=VERTEX_POINT('',#14298);
#5194=VERTEX_POINT('',#14301);
#5195=VERTEX_POINT('',#14302);
#5196=VERTEX_POINT('',#14304);
#5197=VERTEX_POINT('',#14306);
#5198=VERTEX_POINT('',#14309);
#5199=VERTEX_POINT('',#14310);
#5200=VERTEX_POINT('',#14312);
#5201=VERTEX_POINT('',#14314);
#5202=VERTEX_POINT('',#14317);
#5203=VERTEX_POINT('',#14318);
#5204=VERTEX_POINT('',#14320);
#5205=VERTEX_POINT('',#14322);
#5206=VERTEX_POINT('',#14325);
#5207=VERTEX_POINT('',#14326);
#5208=VERTEX_POINT('',#14328);
#5209=VERTEX_POINT('',#14330);
#5210=VERTEX_POINT('',#14333);
#5211=VERTEX_POINT('',#14334);
#5212=VERTEX_POINT('',#14336);
#5213=VERTEX_POINT('',#14338);
#5214=VERTEX_POINT('',#14341);
#5215=VERTEX_POINT('',#14342);
#5216=VERTEX_POINT('',#14344);
#5217=VERTEX_POINT('',#14346);
#5218=VERTEX_POINT('',#14349);
#5219=VERTEX_POINT('',#14350);
#5220=VERTEX_POINT('',#14352);
#5221=VERTEX_POINT('',#14354);
#5222=VERTEX_POINT('',#14357);
#5223=VERTEX_POINT('',#14358);
#5224=VERTEX_POINT('',#14360);
#5225=VERTEX_POINT('',#14362);
#5226=VERTEX_POINT('',#14365);
#5227=VERTEX_POINT('',#14366);
#5228=VERTEX_POINT('',#14368);
#5229=VERTEX_POINT('',#14370);
#5230=VERTEX_POINT('',#14373);
#5231=VERTEX_POINT('',#14374);
#5232=VERTEX_POINT('',#14376);
#5233=VERTEX_POINT('',#14378);
#5234=VERTEX_POINT('',#14381);
#5235=VERTEX_POINT('',#14382);
#5236=VERTEX_POINT('',#14384);
#5237=VERTEX_POINT('',#14386);
#5238=VERTEX_POINT('',#14389);
#5239=VERTEX_POINT('',#14390);
#5240=VERTEX_POINT('',#14392);
#5241=VERTEX_POINT('',#14394);
#5242=VERTEX_POINT('',#14397);
#5243=VERTEX_POINT('',#14398);
#5244=VERTEX_POINT('',#14400);
#5245=VERTEX_POINT('',#14402);
#5246=VERTEX_POINT('',#14405);
#5247=VERTEX_POINT('',#14406);
#5248=VERTEX_POINT('',#14408);
#5249=VERTEX_POINT('',#14410);
#5250=VERTEX_POINT('',#14413);
#5251=VERTEX_POINT('',#14414);
#5252=VERTEX_POINT('',#14416);
#5253=VERTEX_POINT('',#14418);
#5254=VERTEX_POINT('',#14421);
#5255=VERTEX_POINT('',#14422);
#5256=VERTEX_POINT('',#14424);
#5257=VERTEX_POINT('',#14426);
#5258=VERTEX_POINT('',#14429);
#5259=VERTEX_POINT('',#14430);
#5260=VERTEX_POINT('',#14432);
#5261=VERTEX_POINT('',#14434);
#5262=VERTEX_POINT('',#14437);
#5263=VERTEX_POINT('',#14438);
#5264=VERTEX_POINT('',#14440);
#5265=VERTEX_POINT('',#14442);
#5266=VERTEX_POINT('',#14445);
#5267=VERTEX_POINT('',#14446);
#5268=VERTEX_POINT('',#14448);
#5269=VERTEX_POINT('',#14450);
#5270=VERTEX_POINT('',#14453);
#5271=VERTEX_POINT('',#14454);
#5272=VERTEX_POINT('',#14456);
#5273=VERTEX_POINT('',#14458);
#5274=VERTEX_POINT('',#14461);
#5275=VERTEX_POINT('',#14462);
#5276=VERTEX_POINT('',#14464);
#5277=VERTEX_POINT('',#14466);
#5278=VERTEX_POINT('',#14473);
#5279=VERTEX_POINT('',#14475);
#5280=VERTEX_POINT('',#14477);
#5281=VERTEX_POINT('',#14479);
#5282=VERTEX_POINT('',#14481);
#5283=VERTEX_POINT('',#14483);
#5284=VERTEX_POINT('',#14490);
#5285=VERTEX_POINT('',#14491);
#5286=VERTEX_POINT('',#14494);
#5287=VERTEX_POINT('',#14497);
#5288=VERTEX_POINT('',#14504);
#5289=VERTEX_POINT('',#14507);
#5290=VERTEX_POINT('',#14509);
#5291=VERTEX_POINT('',#14511);
#5292=VERTEX_POINT('',#14518);
#5293=VERTEX_POINT('',#14522);
#5294=VERTEX_POINT('',#14533);
#5295=VERTEX_POINT('',#14535);
#5296=VERTEX_POINT('',#14542);
#5297=VERTEX_POINT('',#14549);
#5298=VERTEX_POINT('',#14565);
#5299=VERTEX_POINT('',#14567);
#5300=VERTEX_POINT('',#14574);
#5301=VERTEX_POINT('',#14581);
#5302=VERTEX_POINT('',#14597);
#5303=VERTEX_POINT('',#14599);
#5304=VERTEX_POINT('',#14606);
#5305=VERTEX_POINT('',#14613);
#5306=VERTEX_POINT('',#14629);
#5307=VERTEX_POINT('',#14631);
#5308=VERTEX_POINT('',#14638);
#5309=VERTEX_POINT('',#14645);
#5310=VERTEX_POINT('',#14661);
#5311=VERTEX_POINT('',#14663);
#5312=VERTEX_POINT('',#14670);
#5313=VERTEX_POINT('',#14677);
#5314=VERTEX_POINT('',#14693);
#5315=VERTEX_POINT('',#14695);
#5316=VERTEX_POINT('',#14702);
#5317=VERTEX_POINT('',#14709);
#5318=VERTEX_POINT('',#14725);
#5319=VERTEX_POINT('',#14727);
#5320=VERTEX_POINT('',#14734);
#5321=VERTEX_POINT('',#14741);
#5322=VERTEX_POINT('',#14757);
#5323=VERTEX_POINT('',#14759);
#5324=VERTEX_POINT('',#14766);
#5325=VERTEX_POINT('',#14773);
#5326=VERTEX_POINT('',#14789);
#5327=VERTEX_POINT('',#14791);
#5328=VERTEX_POINT('',#14798);
#5329=VERTEX_POINT('',#14805);
#5330=VERTEX_POINT('',#14821);
#5331=VERTEX_POINT('',#14823);
#5332=VERTEX_POINT('',#14830);
#5333=VERTEX_POINT('',#14837);
#5334=VERTEX_POINT('',#14853);
#5335=VERTEX_POINT('',#14855);
#5336=VERTEX_POINT('',#14862);
#5337=VERTEX_POINT('',#14869);
#5338=VERTEX_POINT('',#14885);
#5339=VERTEX_POINT('',#14887);
#5340=VERTEX_POINT('',#14894);
#5341=VERTEX_POINT('',#14901);
#5342=VERTEX_POINT('',#14917);
#5343=VERTEX_POINT('',#14919);
#5344=VERTEX_POINT('',#14926);
#5345=VERTEX_POINT('',#14933);
#5346=VERTEX_POINT('',#14949);
#5347=VERTEX_POINT('',#14951);
#5348=VERTEX_POINT('',#14958);
#5349=VERTEX_POINT('',#14965);
#5350=VERTEX_POINT('',#14981);
#5351=VERTEX_POINT('',#14983);
#5352=VERTEX_POINT('',#14990);
#5353=VERTEX_POINT('',#14997);
#5354=VERTEX_POINT('',#15013);
#5355=VERTEX_POINT('',#15015);
#5356=VERTEX_POINT('',#15022);
#5357=VERTEX_POINT('',#15029);
#5358=VERTEX_POINT('',#15045);
#5359=VERTEX_POINT('',#15047);
#5360=VERTEX_POINT('',#15054);
#5361=VERTEX_POINT('',#15061);
#5362=VERTEX_POINT('',#15077);
#5363=VERTEX_POINT('',#15079);
#5364=VERTEX_POINT('',#15086);
#5365=VERTEX_POINT('',#15093);
#5366=VERTEX_POINT('',#15109);
#5367=VERTEX_POINT('',#15111);
#5368=VERTEX_POINT('',#15118);
#5369=VERTEX_POINT('',#15125);
#5370=VERTEX_POINT('',#15141);
#5371=VERTEX_POINT('',#15143);
#5372=VERTEX_POINT('',#15150);
#5373=VERTEX_POINT('',#15157);
#5374=VERTEX_POINT('',#15173);
#5375=VERTEX_POINT('',#15175);
#5376=VERTEX_POINT('',#15182);
#5377=VERTEX_POINT('',#15189);
#5378=VERTEX_POINT('',#15205);
#5379=VERTEX_POINT('',#15207);
#5380=VERTEX_POINT('',#15214);
#5381=VERTEX_POINT('',#15221);
#5382=VERTEX_POINT('',#15237);
#5383=VERTEX_POINT('',#15239);
#5384=VERTEX_POINT('',#15246);
#5385=VERTEX_POINT('',#15253);
#5386=VERTEX_POINT('',#15269);
#5387=VERTEX_POINT('',#15271);
#5388=VERTEX_POINT('',#15278);
#5389=VERTEX_POINT('',#15285);
#5390=VERTEX_POINT('',#15301);
#5391=VERTEX_POINT('',#15303);
#5392=VERTEX_POINT('',#15310);
#5393=VERTEX_POINT('',#15317);
#5394=VERTEX_POINT('',#15333);
#5395=VERTEX_POINT('',#15335);
#5396=VERTEX_POINT('',#15342);
#5397=VERTEX_POINT('',#15349);
#5398=VERTEX_POINT('',#15365);
#5399=VERTEX_POINT('',#15367);
#5400=VERTEX_POINT('',#15374);
#5401=VERTEX_POINT('',#15381);
#5402=VERTEX_POINT('',#15397);
#5403=VERTEX_POINT('',#15399);
#5404=VERTEX_POINT('',#15406);
#5405=VERTEX_POINT('',#15413);
#5406=VERTEX_POINT('',#15429);
#5407=VERTEX_POINT('',#15431);
#5408=VERTEX_POINT('',#15438);
#5409=VERTEX_POINT('',#15445);
#5410=VERTEX_POINT('',#15461);
#5411=VERTEX_POINT('',#15463);
#5412=VERTEX_POINT('',#15470);
#5413=VERTEX_POINT('',#15477);
#5414=VERTEX_POINT('',#15493);
#5415=VERTEX_POINT('',#15495);
#5416=VERTEX_POINT('',#15502);
#5417=VERTEX_POINT('',#15509);
#5418=VERTEX_POINT('',#15525);
#5419=VERTEX_POINT('',#15527);
#5420=VERTEX_POINT('',#15534);
#5421=VERTEX_POINT('',#15541);
#5422=VERTEX_POINT('',#15557);
#5423=VERTEX_POINT('',#15559);
#5424=VERTEX_POINT('',#15566);
#5425=VERTEX_POINT('',#15573);
#5426=VERTEX_POINT('',#15589);
#5427=VERTEX_POINT('',#15591);
#5428=VERTEX_POINT('',#15598);
#5429=VERTEX_POINT('',#15605);
#5430=VERTEX_POINT('',#15621);
#5431=VERTEX_POINT('',#15623);
#5432=VERTEX_POINT('',#15630);
#5433=VERTEX_POINT('',#15637);
#5434=VERTEX_POINT('',#15653);
#5435=VERTEX_POINT('',#15655);
#5436=VERTEX_POINT('',#15662);
#5437=VERTEX_POINT('',#15669);
#5438=VERTEX_POINT('',#15685);
#5439=VERTEX_POINT('',#15687);
#5440=VERTEX_POINT('',#15694);
#5441=VERTEX_POINT('',#15701);
#5442=VERTEX_POINT('',#15717);
#5443=VERTEX_POINT('',#15719);
#5444=VERTEX_POINT('',#15726);
#5445=VERTEX_POINT('',#15733);
#5446=VERTEX_POINT('',#15749);
#5447=VERTEX_POINT('',#15751);
#5448=VERTEX_POINT('',#15758);
#5449=VERTEX_POINT('',#15765);
#5450=VERTEX_POINT('',#15781);
#5451=VERTEX_POINT('',#15783);
#5452=VERTEX_POINT('',#15790);
#5453=VERTEX_POINT('',#15797);
#5454=VERTEX_POINT('',#15813);
#5455=VERTEX_POINT('',#15815);
#5456=VERTEX_POINT('',#15822);
#5457=VERTEX_POINT('',#15829);
#5458=VERTEX_POINT('',#15845);
#5459=VERTEX_POINT('',#15847);
#5460=VERTEX_POINT('',#15854);
#5461=VERTEX_POINT('',#15861);
#5462=VERTEX_POINT('',#15877);
#5463=VERTEX_POINT('',#15879);
#5464=VERTEX_POINT('',#15886);
#5465=VERTEX_POINT('',#15893);
#5466=VERTEX_POINT('',#15909);
#5467=VERTEX_POINT('',#15911);
#5468=VERTEX_POINT('',#15918);
#5469=VERTEX_POINT('',#15925);
#5470=VERTEX_POINT('',#15941);
#5471=VERTEX_POINT('',#15943);
#5472=VERTEX_POINT('',#15950);
#5473=VERTEX_POINT('',#15957);
#5474=VERTEX_POINT('',#15973);
#5475=VERTEX_POINT('',#15975);
#5476=VERTEX_POINT('',#15982);
#5477=VERTEX_POINT('',#15989);
#5478=VERTEX_POINT('',#16005);
#5479=VERTEX_POINT('',#16007);
#5480=VERTEX_POINT('',#16014);
#5481=VERTEX_POINT('',#16021);
#5482=VERTEX_POINT('',#16037);
#5483=VERTEX_POINT('',#16039);
#5484=VERTEX_POINT('',#16046);
#5485=VERTEX_POINT('',#16053);
#5486=VERTEX_POINT('',#16069);
#5487=VERTEX_POINT('',#16071);
#5488=VERTEX_POINT('',#16078);
#5489=VERTEX_POINT('',#16085);
#5490=VERTEX_POINT('',#16101);
#5491=VERTEX_POINT('',#16103);
#5492=VERTEX_POINT('',#16110);
#5493=VERTEX_POINT('',#16117);
#5494=VERTEX_POINT('',#16133);
#5495=VERTEX_POINT('',#16135);
#5496=VERTEX_POINT('',#16142);
#5497=VERTEX_POINT('',#16149);
#5498=VERTEX_POINT('',#16165);
#5499=VERTEX_POINT('',#16167);
#5500=VERTEX_POINT('',#16174);
#5501=VERTEX_POINT('',#16181);
#5502=VERTEX_POINT('',#16197);
#5503=VERTEX_POINT('',#16199);
#5504=VERTEX_POINT('',#16206);
#5505=VERTEX_POINT('',#16213);
#5506=VERTEX_POINT('',#16229);
#5507=VERTEX_POINT('',#16231);
#5508=VERTEX_POINT('',#16238);
#5509=VERTEX_POINT('',#16245);
#5510=VERTEX_POINT('',#16261);
#5511=VERTEX_POINT('',#16263);
#5512=VERTEX_POINT('',#16270);
#5513=VERTEX_POINT('',#16277);
#5514=VERTEX_POINT('',#16293);
#5515=VERTEX_POINT('',#16295);
#5516=VERTEX_POINT('',#16302);
#5517=VERTEX_POINT('',#16309);
#5518=VERTEX_POINT('',#16325);
#5519=VERTEX_POINT('',#16327);
#5520=VERTEX_POINT('',#16334);
#5521=VERTEX_POINT('',#16341);
#5522=VERTEX_POINT('',#16357);
#5523=VERTEX_POINT('',#16359);
#5524=VERTEX_POINT('',#16366);
#5525=VERTEX_POINT('',#16373);
#5526=VERTEX_POINT('',#16389);
#5527=VERTEX_POINT('',#16391);
#5528=VERTEX_POINT('',#16398);
#5529=VERTEX_POINT('',#16405);
#5530=VERTEX_POINT('',#16421);
#5531=VERTEX_POINT('',#16423);
#5532=VERTEX_POINT('',#16430);
#5533=VERTEX_POINT('',#16437);
#5534=VERTEX_POINT('',#16453);
#5535=VERTEX_POINT('',#16455);
#5536=VERTEX_POINT('',#16462);
#5537=VERTEX_POINT('',#16469);
#5538=VERTEX_POINT('',#16485);
#5539=VERTEX_POINT('',#16487);
#5540=VERTEX_POINT('',#16494);
#5541=VERTEX_POINT('',#16501);
#5542=VERTEX_POINT('',#16517);
#5543=VERTEX_POINT('',#16519);
#5544=VERTEX_POINT('',#16526);
#5545=VERTEX_POINT('',#16533);
#5546=VERTEX_POINT('',#16549);
#5547=VERTEX_POINT('',#16551);
#5548=VERTEX_POINT('',#16558);
#5549=VERTEX_POINT('',#16565);
#5550=VERTEX_POINT('',#16581);
#5551=VERTEX_POINT('',#16583);
#5552=VERTEX_POINT('',#16590);
#5553=VERTEX_POINT('',#16597);
#5554=VERTEX_POINT('',#16613);
#5555=VERTEX_POINT('',#16615);
#5556=VERTEX_POINT('',#16622);
#5557=VERTEX_POINT('',#16629);
#5558=VERTEX_POINT('',#16645);
#5559=VERTEX_POINT('',#16647);
#5560=VERTEX_POINT('',#16654);
#5561=VERTEX_POINT('',#16661);
#5562=VERTEX_POINT('',#16677);
#5563=VERTEX_POINT('',#16679);
#5564=VERTEX_POINT('',#16686);
#5565=VERTEX_POINT('',#16693);
#5566=VERTEX_POINT('',#16709);
#5567=VERTEX_POINT('',#16711);
#5568=VERTEX_POINT('',#16718);
#5569=VERTEX_POINT('',#16725);
#5570=VERTEX_POINT('',#16741);
#5571=VERTEX_POINT('',#16743);
#5572=VERTEX_POINT('',#16750);
#5573=VERTEX_POINT('',#16757);
#5574=VERTEX_POINT('',#16773);
#5575=VERTEX_POINT('',#16775);
#5576=VERTEX_POINT('',#16782);
#5577=VERTEX_POINT('',#16789);
#5578=VERTEX_POINT('',#16805);
#5579=VERTEX_POINT('',#16807);
#5580=VERTEX_POINT('',#16814);
#5581=VERTEX_POINT('',#16821);
#5582=VERTEX_POINT('',#16837);
#5583=VERTEX_POINT('',#16839);
#5584=VERTEX_POINT('',#16846);
#5585=VERTEX_POINT('',#16853);
#5586=VERTEX_POINT('',#16869);
#5587=VERTEX_POINT('',#16871);
#5588=VERTEX_POINT('',#16878);
#5589=VERTEX_POINT('',#16885);
#5590=VERTEX_POINT('',#16901);
#5591=VERTEX_POINT('',#16903);
#5592=VERTEX_POINT('',#16910);
#5593=VERTEX_POINT('',#16917);
#5594=VERTEX_POINT('',#16933);
#5595=VERTEX_POINT('',#16935);
#5596=VERTEX_POINT('',#16942);
#5597=VERTEX_POINT('',#16949);
#5598=VERTEX_POINT('',#16965);
#5599=VERTEX_POINT('',#16967);
#5600=VERTEX_POINT('',#16974);
#5601=VERTEX_POINT('',#16981);
#5602=VERTEX_POINT('',#16997);
#5603=VERTEX_POINT('',#16999);
#5604=VERTEX_POINT('',#17006);
#5605=VERTEX_POINT('',#17013);
#5606=VERTEX_POINT('',#17029);
#5607=VERTEX_POINT('',#17031);
#5608=VERTEX_POINT('',#17038);
#5609=VERTEX_POINT('',#17045);
#5610=VERTEX_POINT('',#17061);
#5611=VERTEX_POINT('',#17063);
#5612=VERTEX_POINT('',#17070);
#5613=VERTEX_POINT('',#17077);
#5614=VERTEX_POINT('',#17093);
#5615=VERTEX_POINT('',#17095);
#5616=VERTEX_POINT('',#17102);
#5617=VERTEX_POINT('',#17109);
#5618=VERTEX_POINT('',#17125);
#5619=VERTEX_POINT('',#17127);
#5620=VERTEX_POINT('',#17134);
#5621=VERTEX_POINT('',#17141);
#5622=VERTEX_POINT('',#17157);
#5623=VERTEX_POINT('',#17159);
#5624=VERTEX_POINT('',#17166);
#5625=VERTEX_POINT('',#17173);
#5626=VERTEX_POINT('',#17189);
#5627=VERTEX_POINT('',#17191);
#5628=VERTEX_POINT('',#17198);
#5629=VERTEX_POINT('',#17205);
#5630=VERTEX_POINT('',#17221);
#5631=VERTEX_POINT('',#17223);
#5632=VERTEX_POINT('',#17230);
#5633=VERTEX_POINT('',#17237);
#5634=VERTEX_POINT('',#17253);
#5635=VERTEX_POINT('',#17255);
#5636=VERTEX_POINT('',#17262);
#5637=VERTEX_POINT('',#17269);
#5638=VERTEX_POINT('',#17285);
#5639=VERTEX_POINT('',#17287);
#5640=VERTEX_POINT('',#17294);
#5641=VERTEX_POINT('',#17301);
#5642=VERTEX_POINT('',#17317);
#5643=VERTEX_POINT('',#17319);
#5644=VERTEX_POINT('',#17326);
#5645=VERTEX_POINT('',#17333);
#5646=VERTEX_POINT('',#17349);
#5647=VERTEX_POINT('',#17351);
#5648=VERTEX_POINT('',#17358);
#5649=VERTEX_POINT('',#17365);
#5650=VERTEX_POINT('',#17381);
#5651=VERTEX_POINT('',#17383);
#5652=VERTEX_POINT('',#17390);
#5653=VERTEX_POINT('',#17397);
#5654=VERTEX_POINT('',#17413);
#5655=VERTEX_POINT('',#17415);
#5656=VERTEX_POINT('',#17422);
#5657=VERTEX_POINT('',#17429);
#5658=VERTEX_POINT('',#17445);
#5659=VERTEX_POINT('',#17447);
#5660=VERTEX_POINT('',#17454);
#5661=VERTEX_POINT('',#17461);
#5662=VERTEX_POINT('',#17477);
#5663=VERTEX_POINT('',#17479);
#5664=VERTEX_POINT('',#17486);
#5665=VERTEX_POINT('',#17493);
#5666=VERTEX_POINT('',#17509);
#5667=VERTEX_POINT('',#17511);
#5668=VERTEX_POINT('',#17518);
#5669=VERTEX_POINT('',#17525);
#5670=VERTEX_POINT('',#17541);
#5671=VERTEX_POINT('',#17543);
#5672=VERTEX_POINT('',#17550);
#5673=VERTEX_POINT('',#17557);
#5674=VERTEX_POINT('',#17573);
#5675=VERTEX_POINT('',#17575);
#5676=VERTEX_POINT('',#17582);
#5677=VERTEX_POINT('',#17589);
#5678=VERTEX_POINT('',#17605);
#5679=VERTEX_POINT('',#17607);
#5680=VERTEX_POINT('',#17614);
#5681=VERTEX_POINT('',#17621);
#5682=VERTEX_POINT('',#17637);
#5683=VERTEX_POINT('',#17639);
#5684=VERTEX_POINT('',#17646);
#5685=VERTEX_POINT('',#17653);
#5686=VERTEX_POINT('',#17669);
#5687=VERTEX_POINT('',#17671);
#5688=VERTEX_POINT('',#17678);
#5689=VERTEX_POINT('',#17685);
#5690=VERTEX_POINT('',#17701);
#5691=VERTEX_POINT('',#17703);
#5692=VERTEX_POINT('',#17710);
#5693=VERTEX_POINT('',#17717);
#5694=VERTEX_POINT('',#17733);
#5695=VERTEX_POINT('',#17735);
#5696=VERTEX_POINT('',#17742);
#5697=VERTEX_POINT('',#17749);
#5698=VERTEX_POINT('',#17765);
#5699=VERTEX_POINT('',#17767);
#5700=VERTEX_POINT('',#17774);
#5701=VERTEX_POINT('',#17781);
#5702=VERTEX_POINT('',#17797);
#5703=VERTEX_POINT('',#17799);
#5704=VERTEX_POINT('',#17806);
#5705=VERTEX_POINT('',#17813);
#5706=VERTEX_POINT('',#17829);
#5707=VERTEX_POINT('',#17831);
#5708=VERTEX_POINT('',#17838);
#5709=VERTEX_POINT('',#17845);
#5710=VERTEX_POINT('',#17861);
#5711=VERTEX_POINT('',#17863);
#5712=VERTEX_POINT('',#17870);
#5713=VERTEX_POINT('',#17877);
#5714=VERTEX_POINT('',#17893);
#5715=VERTEX_POINT('',#17895);
#5716=VERTEX_POINT('',#17902);
#5717=VERTEX_POINT('',#17909);
#5718=VERTEX_POINT('',#17925);
#5719=VERTEX_POINT('',#17927);
#5720=VERTEX_POINT('',#17934);
#5721=VERTEX_POINT('',#17941);
#5722=VERTEX_POINT('',#17957);
#5723=VERTEX_POINT('',#17959);
#5724=VERTEX_POINT('',#17966);
#5725=VERTEX_POINT('',#17973);
#5726=VERTEX_POINT('',#17989);
#5727=VERTEX_POINT('',#17991);
#5728=VERTEX_POINT('',#17998);
#5729=VERTEX_POINT('',#18005);
#5730=VERTEX_POINT('',#18021);
#5731=VERTEX_POINT('',#18023);
#5732=VERTEX_POINT('',#18030);
#5733=VERTEX_POINT('',#18037);
#5734=VERTEX_POINT('',#18053);
#5735=VERTEX_POINT('',#18055);
#5736=VERTEX_POINT('',#18062);
#5737=VERTEX_POINT('',#18069);
#5738=VERTEX_POINT('',#18085);
#5739=VERTEX_POINT('',#18087);
#5740=VERTEX_POINT('',#18094);
#5741=VERTEX_POINT('',#18101);
#5742=VERTEX_POINT('',#18117);
#5743=VERTEX_POINT('',#18119);
#5744=VERTEX_POINT('',#18126);
#5745=VERTEX_POINT('',#18133);
#5746=VERTEX_POINT('',#18149);
#5747=VERTEX_POINT('',#18151);
#5748=VERTEX_POINT('',#18158);
#5749=VERTEX_POINT('',#18165);
#5750=VERTEX_POINT('',#18181);
#5751=VERTEX_POINT('',#18183);
#5752=VERTEX_POINT('',#18190);
#5753=VERTEX_POINT('',#18197);
#5754=VERTEX_POINT('',#18213);
#5755=VERTEX_POINT('',#18215);
#5756=VERTEX_POINT('',#18222);
#5757=VERTEX_POINT('',#18229);
#5758=VERTEX_POINT('',#18245);
#5759=VERTEX_POINT('',#18247);
#5760=VERTEX_POINT('',#18254);
#5761=VERTEX_POINT('',#18261);
#5762=VERTEX_POINT('',#18277);
#5763=VERTEX_POINT('',#18279);
#5764=VERTEX_POINT('',#18286);
#5765=VERTEX_POINT('',#18293);
#5766=VERTEX_POINT('',#18309);
#5767=VERTEX_POINT('',#18311);
#5768=VERTEX_POINT('',#18318);
#5769=VERTEX_POINT('',#18325);
#5770=VERTEX_POINT('',#18341);
#5771=VERTEX_POINT('',#18343);
#5772=VERTEX_POINT('',#18350);
#5773=VERTEX_POINT('',#18357);
#5774=VERTEX_POINT('',#18373);
#5775=VERTEX_POINT('',#18375);
#5776=VERTEX_POINT('',#18382);
#5777=VERTEX_POINT('',#18389);
#5778=VERTEX_POINT('',#18405);
#5779=VERTEX_POINT('',#18407);
#5780=VERTEX_POINT('',#18414);
#5781=VERTEX_POINT('',#18421);
#5782=VERTEX_POINT('',#18437);
#5783=VERTEX_POINT('',#18439);
#5784=VERTEX_POINT('',#18446);
#5785=VERTEX_POINT('',#18453);
#5786=VERTEX_POINT('',#18469);
#5787=VERTEX_POINT('',#18471);
#5788=VERTEX_POINT('',#18478);
#5789=VERTEX_POINT('',#18485);
#5790=VERTEX_POINT('',#18501);
#5791=VERTEX_POINT('',#18503);
#5792=VERTEX_POINT('',#18510);
#5793=VERTEX_POINT('',#18517);
#5794=VERTEX_POINT('',#18533);
#5795=VERTEX_POINT('',#18535);
#5796=VERTEX_POINT('',#18542);
#5797=VERTEX_POINT('',#18549);
#5798=VERTEX_POINT('',#18565);
#5799=VERTEX_POINT('',#18567);
#5800=VERTEX_POINT('',#18574);
#5801=VERTEX_POINT('',#18581);
#5802=VERTEX_POINT('',#18597);
#5803=VERTEX_POINT('',#18599);
#5804=VERTEX_POINT('',#18606);
#5805=VERTEX_POINT('',#18613);
#5806=VERTEX_POINT('',#18639);
#5807=VERTEX_POINT('',#18660);
#5808=LINE('',#13424,#7372);
#5809=LINE('',#13429,#7373);
#5810=LINE('',#13435,#7374);
#5811=LINE('',#13441,#7375);
#5812=LINE('',#13444,#7376);
#5813=LINE('',#13447,#7377);
#5814=LINE('',#13449,#7378);
#5815=LINE('',#13451,#7379);
#5816=LINE('',#13452,#7380);
#5817=LINE('',#13455,#7381);
#5818=LINE('',#13457,#7382);
#5819=LINE('',#13459,#7383);
#5820=LINE('',#13460,#7384);
#5821=LINE('',#13463,#7385);
#5822=LINE('',#13465,#7386);
#5823=LINE('',#13467,#7387);
#5824=LINE('',#13468,#7388);
#5825=LINE('',#13471,#7389);
#5826=LINE('',#13473,#7390);
#5827=LINE('',#13475,#7391);
#5828=LINE('',#13476,#7392);
#5829=LINE('',#13479,#7393);
#5830=LINE('',#13481,#7394);
#5831=LINE('',#13483,#7395);
#5832=LINE('',#13484,#7396);
#5833=LINE('',#13487,#7397);
#5834=LINE('',#13489,#7398);
#5835=LINE('',#13491,#7399);
#5836=LINE('',#13492,#7400);
#5837=LINE('',#13495,#7401);
#5838=LINE('',#13497,#7402);
#5839=LINE('',#13499,#7403);
#5840=LINE('',#13500,#7404);
#5841=LINE('',#13503,#7405);
#5842=LINE('',#13505,#7406);
#5843=LINE('',#13507,#7407);
#5844=LINE('',#13508,#7408);
#5845=LINE('',#13511,#7409);
#5846=LINE('',#13513,#7410);
#5847=LINE('',#13515,#7411);
#5848=LINE('',#13516,#7412);
#5849=LINE('',#13519,#7413);
#5850=LINE('',#13521,#7414);
#5851=LINE('',#13523,#7415);
#5852=LINE('',#13524,#7416);
#5853=LINE('',#13527,#7417);
#5854=LINE('',#13529,#7418);
#5855=LINE('',#13531,#7419);
#5856=LINE('',#13532,#7420);
#5857=LINE('',#13535,#7421);
#5858=LINE('',#13537,#7422);
#5859=LINE('',#13539,#7423);
#5860=LINE('',#13540,#7424);
#5861=LINE('',#13543,#7425);
#5862=LINE('',#13545,#7426);
#5863=LINE('',#13547,#7427);
#5864=LINE('',#13548,#7428);
#5865=LINE('',#13551,#7429);
#5866=LINE('',#13553,#7430);
#5867=LINE('',#13555,#7431);
#5868=LINE('',#13556,#7432);
#5869=LINE('',#13559,#7433);
#5870=LINE('',#13561,#7434);
#5871=LINE('',#13563,#7435);
#5872=LINE('',#13564,#7436);
#5873=LINE('',#13567,#7437);
#5874=LINE('',#13569,#7438);
#5875=LINE('',#13571,#7439);
#5876=LINE('',#13572,#7440);
#5877=LINE('',#13575,#7441);
#5878=LINE('',#13577,#7442);
#5879=LINE('',#13579,#7443);
#5880=LINE('',#13580,#7444);
#5881=LINE('',#13583,#7445);
#5882=LINE('',#13585,#7446);
#5883=LINE('',#13587,#7447);
#5884=LINE('',#13588,#7448);
#5885=LINE('',#13591,#7449);
#5886=LINE('',#13593,#7450);
#5887=LINE('',#13595,#7451);
#5888=LINE('',#13596,#7452);
#5889=LINE('',#13599,#7453);
#5890=LINE('',#13601,#7454);
#5891=LINE('',#13603,#7455);
#5892=LINE('',#13604,#7456);
#5893=LINE('',#13607,#7457);
#5894=LINE('',#13609,#7458);
#5895=LINE('',#13611,#7459);
#5896=LINE('',#13612,#7460);
#5897=LINE('',#13615,#7461);
#5898=LINE('',#13617,#7462);
#5899=LINE('',#13619,#7463);
#5900=LINE('',#13620,#7464);
#5901=LINE('',#13623,#7465);
#5902=LINE('',#13625,#7466);
#5903=LINE('',#13627,#7467);
#5904=LINE('',#13628,#7468);
#5905=LINE('',#13631,#7469);
#5906=LINE('',#13633,#7470);
#5907=LINE('',#13635,#7471);
#5908=LINE('',#13636,#7472);
#5909=LINE('',#13639,#7473);
#5910=LINE('',#13641,#7474);
#5911=LINE('',#13643,#7475);
#5912=LINE('',#13644,#7476);
#5913=LINE('',#13647,#7477);
#5914=LINE('',#13649,#7478);
#5915=LINE('',#13651,#7479);
#5916=LINE('',#13652,#7480);
#5917=LINE('',#13655,#7481);
#5918=LINE('',#13657,#7482);
#5919=LINE('',#13659,#7483);
#5920=LINE('',#13660,#7484);
#5921=LINE('',#13663,#7485);
#5922=LINE('',#13665,#7486);
#5923=LINE('',#13667,#7487);
#5924=LINE('',#13668,#7488);
#5925=LINE('',#13671,#7489);
#5926=LINE('',#13673,#7490);
#5927=LINE('',#13675,#7491);
#5928=LINE('',#13676,#7492);
#5929=LINE('',#13679,#7493);
#5930=LINE('',#13681,#7494);
#5931=LINE('',#13683,#7495);
#5932=LINE('',#13684,#7496);
#5933=LINE('',#13687,#7497);
#5934=LINE('',#13689,#7498);
#5935=LINE('',#13691,#7499);
#5936=LINE('',#13692,#7500);
#5937=LINE('',#13695,#7501);
#5938=LINE('',#13697,#7502);
#5939=LINE('',#13699,#7503);
#5940=LINE('',#13700,#7504);
#5941=LINE('',#13703,#7505);
#5942=LINE('',#13705,#7506);
#5943=LINE('',#13707,#7507);
#5944=LINE('',#13708,#7508);
#5945=LINE('',#13711,#7509);
#5946=LINE('',#13713,#7510);
#5947=LINE('',#13715,#7511);
#5948=LINE('',#13716,#7512);
#5949=LINE('',#13719,#7513);
#5950=LINE('',#13721,#7514);
#5951=LINE('',#13723,#7515);
#5952=LINE('',#13724,#7516);
#5953=LINE('',#13727,#7517);
#5954=LINE('',#13729,#7518);
#5955=LINE('',#13731,#7519);
#5956=LINE('',#13732,#7520);
#5957=LINE('',#13735,#7521);
#5958=LINE('',#13737,#7522);
#5959=LINE('',#13739,#7523);
#5960=LINE('',#13740,#7524);
#5961=LINE('',#13743,#7525);
#5962=LINE('',#13745,#7526);
#5963=LINE('',#13747,#7527);
#5964=LINE('',#13748,#7528);
#5965=LINE('',#13751,#7529);
#5966=LINE('',#13753,#7530);
#5967=LINE('',#13755,#7531);
#5968=LINE('',#13756,#7532);
#5969=LINE('',#13759,#7533);
#5970=LINE('',#13761,#7534);
#5971=LINE('',#13763,#7535);
#5972=LINE('',#13764,#7536);
#5973=LINE('',#13767,#7537);
#5974=LINE('',#13769,#7538);
#5975=LINE('',#13771,#7539);
#5976=LINE('',#13772,#7540);
#5977=LINE('',#13775,#7541);
#5978=LINE('',#13777,#7542);
#5979=LINE('',#13779,#7543);
#5980=LINE('',#13780,#7544);
#5981=LINE('',#13783,#7545);
#5982=LINE('',#13785,#7546);
#5983=LINE('',#13787,#7547);
#5984=LINE('',#13788,#7548);
#5985=LINE('',#13791,#7549);
#5986=LINE('',#13793,#7550);
#5987=LINE('',#13795,#7551);
#5988=LINE('',#13796,#7552);
#5989=LINE('',#13799,#7553);
#5990=LINE('',#13801,#7554);
#5991=LINE('',#13803,#7555);
#5992=LINE('',#13804,#7556);
#5993=LINE('',#13807,#7557);
#5994=LINE('',#13809,#7558);
#5995=LINE('',#13811,#7559);
#5996=LINE('',#13812,#7560);
#5997=LINE('',#13815,#7561);
#5998=LINE('',#13817,#7562);
#5999=LINE('',#13819,#7563);
#6000=LINE('',#13820,#7564);
#6001=LINE('',#13823,#7565);
#6002=LINE('',#13825,#7566);
#6003=LINE('',#13827,#7567);
#6004=LINE('',#13828,#7568);
#6005=LINE('',#13831,#7569);
#6006=LINE('',#13833,#7570);
#6007=LINE('',#13835,#7571);
#6008=LINE('',#13836,#7572);
#6009=LINE('',#13839,#7573);
#6010=LINE('',#13841,#7574);
#6011=LINE('',#13843,#7575);
#6012=LINE('',#13844,#7576);
#6013=LINE('',#13847,#7577);
#6014=LINE('',#13849,#7578);
#6015=LINE('',#13851,#7579);
#6016=LINE('',#13852,#7580);
#6017=LINE('',#13855,#7581);
#6018=LINE('',#13857,#7582);
#6019=LINE('',#13859,#7583);
#6020=LINE('',#13860,#7584);
#6021=LINE('',#13863,#7585);
#6022=LINE('',#13865,#7586);
#6023=LINE('',#13867,#7587);
#6024=LINE('',#13868,#7588);
#6025=LINE('',#13871,#7589);
#6026=LINE('',#13873,#7590);
#6027=LINE('',#13875,#7591);
#6028=LINE('',#13876,#7592);
#6029=LINE('',#13879,#7593);
#6030=LINE('',#13881,#7594);
#6031=LINE('',#13883,#7595);
#6032=LINE('',#13884,#7596);
#6033=LINE('',#13887,#7597);
#6034=LINE('',#13889,#7598);
#6035=LINE('',#13891,#7599);
#6036=LINE('',#13892,#7600);
#6037=LINE('',#13895,#7601);
#6038=LINE('',#13897,#7602);
#6039=LINE('',#13899,#7603);
#6040=LINE('',#13900,#7604);
#6041=LINE('',#13903,#7605);
#6042=LINE('',#13905,#7606);
#6043=LINE('',#13907,#7607);
#6044=LINE('',#13908,#7608);
#6045=LINE('',#13911,#7609);
#6046=LINE('',#13913,#7610);
#6047=LINE('',#13915,#7611);
#6048=LINE('',#13916,#7612);
#6049=LINE('',#13919,#7613);
#6050=LINE('',#13921,#7614);
#6051=LINE('',#13923,#7615);
#6052=LINE('',#13924,#7616);
#6053=LINE('',#13927,#7617);
#6054=LINE('',#13929,#7618);
#6055=LINE('',#13931,#7619);
#6056=LINE('',#13932,#7620);
#6057=LINE('',#13935,#7621);
#6058=LINE('',#13937,#7622);
#6059=LINE('',#13939,#7623);
#6060=LINE('',#13940,#7624);
#6061=LINE('',#13943,#7625);
#6062=LINE('',#13945,#7626);
#6063=LINE('',#13947,#7627);
#6064=LINE('',#13948,#7628);
#6065=LINE('',#13951,#7629);
#6066=LINE('',#13953,#7630);
#6067=LINE('',#13955,#7631);
#6068=LINE('',#13956,#7632);
#6069=LINE('',#13959,#7633);
#6070=LINE('',#13961,#7634);
#6071=LINE('',#13963,#7635);
#6072=LINE('',#13964,#7636);
#6073=LINE('',#13967,#7637);
#6074=LINE('',#13969,#7638);
#6075=LINE('',#13971,#7639);
#6076=LINE('',#13972,#7640);
#6077=LINE('',#13975,#7641);
#6078=LINE('',#13977,#7642);
#6079=LINE('',#13979,#7643);
#6080=LINE('',#13980,#7644);
#6081=LINE('',#13983,#7645);
#6082=LINE('',#13985,#7646);
#6083=LINE('',#13987,#7647);
#6084=LINE('',#13988,#7648);
#6085=LINE('',#13991,#7649);
#6086=LINE('',#13993,#7650);
#6087=LINE('',#13995,#7651);
#6088=LINE('',#13996,#7652);
#6089=LINE('',#13999,#7653);
#6090=LINE('',#14001,#7654);
#6091=LINE('',#14003,#7655);
#6092=LINE('',#14004,#7656);
#6093=LINE('',#14007,#7657);
#6094=LINE('',#14009,#7658);
#6095=LINE('',#14011,#7659);
#6096=LINE('',#14012,#7660);
#6097=LINE('',#14015,#7661);
#6098=LINE('',#14017,#7662);
#6099=LINE('',#14019,#7663);
#6100=LINE('',#14020,#7664);
#6101=LINE('',#14023,#7665);
#6102=LINE('',#14025,#7666);
#6103=LINE('',#14027,#7667);
#6104=LINE('',#14028,#7668);
#6105=LINE('',#14031,#7669);
#6106=LINE('',#14033,#7670);
#6107=LINE('',#14035,#7671);
#6108=LINE('',#14036,#7672);
#6109=LINE('',#14039,#7673);
#6110=LINE('',#14041,#7674);
#6111=LINE('',#14043,#7675);
#6112=LINE('',#14044,#7676);
#6113=LINE('',#14047,#7677);
#6114=LINE('',#14049,#7678);
#6115=LINE('',#14051,#7679);
#6116=LINE('',#14052,#7680);
#6117=LINE('',#14055,#7681);
#6118=LINE('',#14057,#7682);
#6119=LINE('',#14059,#7683);
#6120=LINE('',#14060,#7684);
#6121=LINE('',#14063,#7685);
#6122=LINE('',#14065,#7686);
#6123=LINE('',#14067,#7687);
#6124=LINE('',#14068,#7688);
#6125=LINE('',#14071,#7689);
#6126=LINE('',#14073,#7690);
#6127=LINE('',#14075,#7691);
#6128=LINE('',#14076,#7692);
#6129=LINE('',#14079,#7693);
#6130=LINE('',#14081,#7694);
#6131=LINE('',#14083,#7695);
#6132=LINE('',#14084,#7696);
#6133=LINE('',#14087,#7697);
#6134=LINE('',#14089,#7698);
#6135=LINE('',#14091,#7699);
#6136=LINE('',#14092,#7700);
#6137=LINE('',#14095,#7701);
#6138=LINE('',#14097,#7702);
#6139=LINE('',#14099,#7703);
#6140=LINE('',#14100,#7704);
#6141=LINE('',#14103,#7705);
#6142=LINE('',#14105,#7706);
#6143=LINE('',#14107,#7707);
#6144=LINE('',#14108,#7708);
#6145=LINE('',#14111,#7709);
#6146=LINE('',#14113,#7710);
#6147=LINE('',#14115,#7711);
#6148=LINE('',#14116,#7712);
#6149=LINE('',#14119,#7713);
#6150=LINE('',#14121,#7714);
#6151=LINE('',#14123,#7715);
#6152=LINE('',#14124,#7716);
#6153=LINE('',#14127,#7717);
#6154=LINE('',#14129,#7718);
#6155=LINE('',#14131,#7719);
#6156=LINE('',#14132,#7720);
#6157=LINE('',#14135,#7721);
#6158=LINE('',#14137,#7722);
#6159=LINE('',#14139,#7723);
#6160=LINE('',#14140,#7724);
#6161=LINE('',#14143,#7725);
#6162=LINE('',#14145,#7726);
#6163=LINE('',#14147,#7727);
#6164=LINE('',#14148,#7728);
#6165=LINE('',#14151,#7729);
#6166=LINE('',#14153,#7730);
#6167=LINE('',#14155,#7731);
#6168=LINE('',#14156,#7732);
#6169=LINE('',#14159,#7733);
#6170=LINE('',#14161,#7734);
#6171=LINE('',#14163,#7735);
#6172=LINE('',#14164,#7736);
#6173=LINE('',#14167,#7737);
#6174=LINE('',#14169,#7738);
#6175=LINE('',#14171,#7739);
#6176=LINE('',#14172,#7740);
#6177=LINE('',#14175,#7741);
#6178=LINE('',#14177,#7742);
#6179=LINE('',#14179,#7743);
#6180=LINE('',#14180,#7744);
#6181=LINE('',#14183,#7745);
#6182=LINE('',#14185,#7746);
#6183=LINE('',#14187,#7747);
#6184=LINE('',#14188,#7748);
#6185=LINE('',#14191,#7749);
#6186=LINE('',#14193,#7750);
#6187=LINE('',#14195,#7751);
#6188=LINE('',#14196,#7752);
#6189=LINE('',#14199,#7753);
#6190=LINE('',#14201,#7754);
#6191=LINE('',#14203,#7755);
#6192=LINE('',#14204,#7756);
#6193=LINE('',#14207,#7757);
#6194=LINE('',#14209,#7758);
#6195=LINE('',#14211,#7759);
#6196=LINE('',#14212,#7760);
#6197=LINE('',#14215,#7761);
#6198=LINE('',#14217,#7762);
#6199=LINE('',#14219,#7763);
#6200=LINE('',#14220,#7764);
#6201=LINE('',#14223,#7765);
#6202=LINE('',#14225,#7766);
#6203=LINE('',#14227,#7767);
#6204=LINE('',#14228,#7768);
#6205=LINE('',#14231,#7769);
#6206=LINE('',#14233,#7770);
#6207=LINE('',#14235,#7771);
#6208=LINE('',#14236,#7772);
#6209=LINE('',#14239,#7773);
#6210=LINE('',#14241,#7774);
#6211=LINE('',#14243,#7775);
#6212=LINE('',#14244,#7776);
#6213=LINE('',#14247,#7777);
#6214=LINE('',#14249,#7778);
#6215=LINE('',#14251,#7779);
#6216=LINE('',#14252,#7780);
#6217=LINE('',#14255,#7781);
#6218=LINE('',#14257,#7782);
#6219=LINE('',#14259,#7783);
#6220=LINE('',#14260,#7784);
#6221=LINE('',#14263,#7785);
#6222=LINE('',#14265,#7786);
#6223=LINE('',#14267,#7787);
#6224=LINE('',#14268,#7788);
#6225=LINE('',#14271,#7789);
#6226=LINE('',#14273,#7790);
#6227=LINE('',#14275,#7791);
#6228=LINE('',#14276,#7792);
#6229=LINE('',#14279,#7793);
#6230=LINE('',#14281,#7794);
#6231=LINE('',#14283,#7795);
#6232=LINE('',#14284,#7796);
#6233=LINE('',#14287,#7797);
#6234=LINE('',#14289,#7798);
#6235=LINE('',#14291,#7799);
#6236=LINE('',#14292,#7800);
#6237=LINE('',#14295,#7801);
#6238=LINE('',#14297,#7802);
#6239=LINE('',#14299,#7803);
#6240=LINE('',#14300,#7804);
#6241=LINE('',#14303,#7805);
#6242=LINE('',#14305,#7806);
#6243=LINE('',#14307,#7807);
#6244=LINE('',#14308,#7808);
#6245=LINE('',#14311,#7809);
#6246=LINE('',#14313,#7810);
#6247=LINE('',#14315,#7811);
#6248=LINE('',#14316,#7812);
#6249=LINE('',#14319,#7813);
#6250=LINE('',#14321,#7814);
#6251=LINE('',#14323,#7815);
#6252=LINE('',#14324,#7816);
#6253=LINE('',#14327,#7817);
#6254=LINE('',#14329,#7818);
#6255=LINE('',#14331,#7819);
#6256=LINE('',#14332,#7820);
#6257=LINE('',#14335,#7821);
#6258=LINE('',#14337,#7822);
#6259=LINE('',#14339,#7823);
#6260=LINE('',#14340,#7824);
#6261=LINE('',#14343,#7825);
#6262=LINE('',#14345,#7826);
#6263=LINE('',#14347,#7827);
#6264=LINE('',#14348,#7828);
#6265=LINE('',#14351,#7829);
#6266=LINE('',#14353,#7830);
#6267=LINE('',#14355,#7831);
#6268=LINE('',#14356,#7832);
#6269=LINE('',#14359,#7833);
#6270=LINE('',#14361,#7834);
#6271=LINE('',#14363,#7835);
#6272=LINE('',#14364,#7836);
#6273=LINE('',#14367,#7837);
#6274=LINE('',#14369,#7838);
#6275=LINE('',#14371,#7839);
#6276=LINE('',#14372,#7840);
#6277=LINE('',#14375,#7841);
#6278=LINE('',#14377,#7842);
#6279=LINE('',#14379,#7843);
#6280=LINE('',#14380,#7844);
#6281=LINE('',#14383,#7845);
#6282=LINE('',#14385,#7846);
#6283=LINE('',#14387,#7847);
#6284=LINE('',#14388,#7848);
#6285=LINE('',#14391,#7849);
#6286=LINE('',#14393,#7850);
#6287=LINE('',#14395,#7851);
#6288=LINE('',#14396,#7852);
#6289=LINE('',#14399,#7853);
#6290=LINE('',#14401,#7854);
#6291=LINE('',#14403,#7855);
#6292=LINE('',#14404,#7856);
#6293=LINE('',#14407,#7857);
#6294=LINE('',#14409,#7858);
#6295=LINE('',#14411,#7859);
#6296=LINE('',#14412,#7860);
#6297=LINE('',#14415,#7861);
#6298=LINE('',#14417,#7862);
#6299=LINE('',#14419,#7863);
#6300=LINE('',#14420,#7864);
#6301=LINE('',#14423,#7865);
#6302=LINE('',#14425,#7866);
#6303=LINE('',#14427,#7867);
#6304=LINE('',#14428,#7868);
#6305=LINE('',#14431,#7869);
#6306=LINE('',#14433,#7870);
#6307=LINE('',#14435,#7871);
#6308=LINE('',#14436,#7872);
#6309=LINE('',#14439,#7873);
#6310=LINE('',#14441,#7874);
#6311=LINE('',#14443,#7875);
#6312=LINE('',#14444,#7876);
#6313=LINE('',#14447,#7877);
#6314=LINE('',#14449,#7878);
#6315=LINE('',#14451,#7879);
#6316=LINE('',#14452,#7880);
#6317=LINE('',#14455,#7881);
#6318=LINE('',#14457,#7882);
#6319=LINE('',#14459,#7883);
#6320=LINE('',#14460,#7884);
#6321=LINE('',#14463,#7885);
#6322=LINE('',#14465,#7886);
#6323=LINE('',#14467,#7887);
#6324=LINE('',#14472,#7888);
#6325=LINE('',#14474,#7889);
#6326=LINE('',#14476,#7890);
#6327=LINE('',#14478,#7891);
#6328=LINE('',#14480,#7892);
#6329=LINE('',#14482,#7893);
#6330=LINE('',#14484,#7894);
#6331=LINE('',#14489,#7895);
#6332=LINE('',#14492,#7896);
#6333=LINE('',#14493,#7897);
#6334=LINE('',#14495,#7898);
#6335=LINE('',#14496,#7899);
#6336=LINE('',#14498,#7900);
#6337=LINE('',#14503,#7901);
#6338=LINE('',#14505,#7902);
#6339=LINE('',#14506,#7903);
#6340=LINE('',#14508,#7904);
#6341=LINE('',#14510,#7905);
#6342=LINE('',#14512,#7906);
#6343=LINE('',#14517,#7907);
#6344=LINE('',#14519,#7908);
#6345=LINE('',#14520,#7909);
#6346=LINE('',#14521,#7910);
#6347=LINE('',#14523,#7911);
#6348=LINE('',#14532,#7912);
#6349=LINE('',#14534,#7913);
#6350=LINE('',#14536,#7914);
#6351=LINE('',#14541,#7915);
#6352=LINE('',#14543,#7916);
#6353=LINE('',#14548,#7917);
#6354=LINE('',#14550,#7918);
#6355=LINE('',#14555,#7919);
#6356=LINE('',#14564,#7920);
#6357=LINE('',#14566,#7921);
#6358=LINE('',#14568,#7922);
#6359=LINE('',#14573,#7923);
#6360=LINE('',#14575,#7924);
#6361=LINE('',#14580,#7925);
#6362=LINE('',#14582,#7926);
#6363=LINE('',#14587,#7927);
#6364=LINE('',#14596,#7928);
#6365=LINE('',#14598,#7929);
#6366=LINE('',#14600,#7930);
#6367=LINE('',#14605,#7931);
#6368=LINE('',#14607,#7932);
#6369=LINE('',#14612,#7933);
#6370=LINE('',#14614,#7934);
#6371=LINE('',#14619,#7935);
#6372=LINE('',#14628,#7936);
#6373=LINE('',#14630,#7937);
#6374=LINE('',#14632,#7938);
#6375=LINE('',#14637,#7939);
#6376=LINE('',#14639,#7940);
#6377=LINE('',#14644,#7941);
#6378=LINE('',#14646,#7942);
#6379=LINE('',#14651,#7943);
#6380=LINE('',#14660,#7944);
#6381=LINE('',#14662,#7945);
#6382=LINE('',#14664,#7946);
#6383=LINE('',#14669,#7947);
#6384=LINE('',#14671,#7948);
#6385=LINE('',#14676,#7949);
#6386=LINE('',#14678,#7950);
#6387=LINE('',#14683,#7951);
#6388=LINE('',#14692,#7952);
#6389=LINE('',#14694,#7953);
#6390=LINE('',#14696,#7954);
#6391=LINE('',#14701,#7955);
#6392=LINE('',#14703,#7956);
#6393=LINE('',#14708,#7957);
#6394=LINE('',#14710,#7958);
#6395=LINE('',#14715,#7959);
#6396=LINE('',#14724,#7960);
#6397=LINE('',#14726,#7961);
#6398=LINE('',#14728,#7962);
#6399=LINE('',#14733,#7963);
#6400=LINE('',#14735,#7964);
#6401=LINE('',#14740,#7965);
#6402=LINE('',#14742,#7966);
#6403=LINE('',#14747,#7967);
#6404=LINE('',#14756,#7968);
#6405=LINE('',#14758,#7969);
#6406=LINE('',#14760,#7970);
#6407=LINE('',#14765,#7971);
#6408=LINE('',#14767,#7972);
#6409=LINE('',#14772,#7973);
#6410=LINE('',#14774,#7974);
#6411=LINE('',#14779,#7975);
#6412=LINE('',#14788,#7976);
#6413=LINE('',#14790,#7977);
#6414=LINE('',#14792,#7978);
#6415=LINE('',#14797,#7979);
#6416=LINE('',#14799,#7980);
#6417=LINE('',#14804,#7981);
#6418=LINE('',#14806,#7982);
#6419=LINE('',#14811,#7983);
#6420=LINE('',#14820,#7984);
#6421=LINE('',#14822,#7985);
#6422=LINE('',#14824,#7986);
#6423=LINE('',#14829,#7987);
#6424=LINE('',#14831,#7988);
#6425=LINE('',#14836,#7989);
#6426=LINE('',#14838,#7990);
#6427=LINE('',#14843,#7991);
#6428=LINE('',#14852,#7992);
#6429=LINE('',#14854,#7993);
#6430=LINE('',#14856,#7994);
#6431=LINE('',#14861,#7995);
#6432=LINE('',#14863,#7996);
#6433=LINE('',#14868,#7997);
#6434=LINE('',#14870,#7998);
#6435=LINE('',#14875,#7999);
#6436=LINE('',#14884,#8000);
#6437=LINE('',#14886,#8001);
#6438=LINE('',#14888,#8002);
#6439=LINE('',#14893,#8003);
#6440=LINE('',#14895,#8004);
#6441=LINE('',#14900,#8005);
#6442=LINE('',#14902,#8006);
#6443=LINE('',#14907,#8007);
#6444=LINE('',#14916,#8008);
#6445=LINE('',#14918,#8009);
#6446=LINE('',#14920,#8010);
#6447=LINE('',#14925,#8011);
#6448=LINE('',#14927,#8012);
#6449=LINE('',#14932,#8013);
#6450=LINE('',#14934,#8014);
#6451=LINE('',#14939,#8015);
#6452=LINE('',#14948,#8016);
#6453=LINE('',#14950,#8017);
#6454=LINE('',#14952,#8018);
#6455=LINE('',#14957,#8019);
#6456=LINE('',#14959,#8020);
#6457=LINE('',#14964,#8021);
#6458=LINE('',#14966,#8022);
#6459=LINE('',#14971,#8023);
#6460=LINE('',#14980,#8024);
#6461=LINE('',#14982,#8025);
#6462=LINE('',#14984,#8026);
#6463=LINE('',#14989,#8027);
#6464=LINE('',#14991,#8028);
#6465=LINE('',#14996,#8029);
#6466=LINE('',#14998,#8030);
#6467=LINE('',#15003,#8031);
#6468=LINE('',#15012,#8032);
#6469=LINE('',#15014,#8033);
#6470=LINE('',#15016,#8034);
#6471=LINE('',#15021,#8035);
#6472=LINE('',#15023,#8036);
#6473=LINE('',#15028,#8037);
#6474=LINE('',#15030,#8038);
#6475=LINE('',#15035,#8039);
#6476=LINE('',#15044,#8040);
#6477=LINE('',#15046,#8041);
#6478=LINE('',#15048,#8042);
#6479=LINE('',#15053,#8043);
#6480=LINE('',#15055,#8044);
#6481=LINE('',#15060,#8045);
#6482=LINE('',#15062,#8046);
#6483=LINE('',#15067,#8047);
#6484=LINE('',#15076,#8048);
#6485=LINE('',#15078,#8049);
#6486=LINE('',#15080,#8050);
#6487=LINE('',#15085,#8051);
#6488=LINE('',#15087,#8052);
#6489=LINE('',#15092,#8053);
#6490=LINE('',#15094,#8054);
#6491=LINE('',#15099,#8055);
#6492=LINE('',#15108,#8056);
#6493=LINE('',#15110,#8057);
#6494=LINE('',#15112,#8058);
#6495=LINE('',#15117,#8059);
#6496=LINE('',#15119,#8060);
#6497=LINE('',#15124,#8061);
#6498=LINE('',#15126,#8062);
#6499=LINE('',#15131,#8063);
#6500=LINE('',#15140,#8064);
#6501=LINE('',#15142,#8065);
#6502=LINE('',#15144,#8066);
#6503=LINE('',#15149,#8067);
#6504=LINE('',#15151,#8068);
#6505=LINE('',#15156,#8069);
#6506=LINE('',#15158,#8070);
#6507=LINE('',#15163,#8071);
#6508=LINE('',#15172,#8072);
#6509=LINE('',#15174,#8073);
#6510=LINE('',#15176,#8074);
#6511=LINE('',#15181,#8075);
#6512=LINE('',#15183,#8076);
#6513=LINE('',#15188,#8077);
#6514=LINE('',#15190,#8078);
#6515=LINE('',#15195,#8079);
#6516=LINE('',#15204,#8080);
#6517=LINE('',#15206,#8081);
#6518=LINE('',#15208,#8082);
#6519=LINE('',#15213,#8083);
#6520=LINE('',#15215,#8084);
#6521=LINE('',#15220,#8085);
#6522=LINE('',#15222,#8086);
#6523=LINE('',#15227,#8087);
#6524=LINE('',#15236,#8088);
#6525=LINE('',#15238,#8089);
#6526=LINE('',#15240,#8090);
#6527=LINE('',#15245,#8091);
#6528=LINE('',#15247,#8092);
#6529=LINE('',#15252,#8093);
#6530=LINE('',#15254,#8094);
#6531=LINE('',#15259,#8095);
#6532=LINE('',#15268,#8096);
#6533=LINE('',#15270,#8097);
#6534=LINE('',#15272,#8098);
#6535=LINE('',#15277,#8099);
#6536=LINE('',#15279,#8100);
#6537=LINE('',#15284,#8101);
#6538=LINE('',#15286,#8102);
#6539=LINE('',#15291,#8103);
#6540=LINE('',#15300,#8104);
#6541=LINE('',#15302,#8105);
#6542=LINE('',#15304,#8106);
#6543=LINE('',#15309,#8107);
#6544=LINE('',#15311,#8108);
#6545=LINE('',#15316,#8109);
#6546=LINE('',#15318,#8110);
#6547=LINE('',#15323,#8111);
#6548=LINE('',#15332,#8112);
#6549=LINE('',#15334,#8113);
#6550=LINE('',#15336,#8114);
#6551=LINE('',#15341,#8115);
#6552=LINE('',#15343,#8116);
#6553=LINE('',#15348,#8117);
#6554=LINE('',#15350,#8118);
#6555=LINE('',#15355,#8119);
#6556=LINE('',#15364,#8120);
#6557=LINE('',#15366,#8121);
#6558=LINE('',#15368,#8122);
#6559=LINE('',#15373,#8123);
#6560=LINE('',#15375,#8124);
#6561=LINE('',#15380,#8125);
#6562=LINE('',#15382,#8126);
#6563=LINE('',#15387,#8127);
#6564=LINE('',#15396,#8128);
#6565=LINE('',#15398,#8129);
#6566=LINE('',#15400,#8130);
#6567=LINE('',#15405,#8131);
#6568=LINE('',#15407,#8132);
#6569=LINE('',#15412,#8133);
#6570=LINE('',#15414,#8134);
#6571=LINE('',#15419,#8135);
#6572=LINE('',#15428,#8136);
#6573=LINE('',#15430,#8137);
#6574=LINE('',#15432,#8138);
#6575=LINE('',#15437,#8139);
#6576=LINE('',#15439,#8140);
#6577=LINE('',#15444,#8141);
#6578=LINE('',#15446,#8142);
#6579=LINE('',#15451,#8143);
#6580=LINE('',#15460,#8144);
#6581=LINE('',#15462,#8145);
#6582=LINE('',#15464,#8146);
#6583=LINE('',#15469,#8147);
#6584=LINE('',#15471,#8148);
#6585=LINE('',#15476,#8149);
#6586=LINE('',#15478,#8150);
#6587=LINE('',#15483,#8151);
#6588=LINE('',#15492,#8152);
#6589=LINE('',#15494,#8153);
#6590=LINE('',#15496,#8154);
#6591=LINE('',#15501,#8155);
#6592=LINE('',#15503,#8156);
#6593=LINE('',#15508,#8157);
#6594=LINE('',#15510,#8158);
#6595=LINE('',#15515,#8159);
#6596=LINE('',#15524,#8160);
#6597=LINE('',#15526,#8161);
#6598=LINE('',#15528,#8162);
#6599=LINE('',#15533,#8163);
#6600=LINE('',#15535,#8164);
#6601=LINE('',#15540,#8165);
#6602=LINE('',#15542,#8166);
#6603=LINE('',#15547,#8167);
#6604=LINE('',#15556,#8168);
#6605=LINE('',#15558,#8169);
#6606=LINE('',#15560,#8170);
#6607=LINE('',#15565,#8171);
#6608=LINE('',#15567,#8172);
#6609=LINE('',#15572,#8173);
#6610=LINE('',#15574,#8174);
#6611=LINE('',#15579,#8175);
#6612=LINE('',#15588,#8176);
#6613=LINE('',#15590,#8177);
#6614=LINE('',#15592,#8178);
#6615=LINE('',#15597,#8179);
#6616=LINE('',#15599,#8180);
#6617=LINE('',#15604,#8181);
#6618=LINE('',#15606,#8182);
#6619=LINE('',#15611,#8183);
#6620=LINE('',#15620,#8184);
#6621=LINE('',#15622,#8185);
#6622=LINE('',#15624,#8186);
#6623=LINE('',#15629,#8187);
#6624=LINE('',#15631,#8188);
#6625=LINE('',#15636,#8189);
#6626=LINE('',#15638,#8190);
#6627=LINE('',#15643,#8191);
#6628=LINE('',#15652,#8192);
#6629=LINE('',#15654,#8193);
#6630=LINE('',#15656,#8194);
#6631=LINE('',#15661,#8195);
#6632=LINE('',#15663,#8196);
#6633=LINE('',#15668,#8197);
#6634=LINE('',#15670,#8198);
#6635=LINE('',#15675,#8199);
#6636=LINE('',#15684,#8200);
#6637=LINE('',#15686,#8201);
#6638=LINE('',#15688,#8202);
#6639=LINE('',#15693,#8203);
#6640=LINE('',#15695,#8204);
#6641=LINE('',#15700,#8205);
#6642=LINE('',#15702,#8206);
#6643=LINE('',#15707,#8207);
#6644=LINE('',#15716,#8208);
#6645=LINE('',#15718,#8209);
#6646=LINE('',#15720,#8210);
#6647=LINE('',#15725,#8211);
#6648=LINE('',#15727,#8212);
#6649=LINE('',#15732,#8213);
#6650=LINE('',#15734,#8214);
#6651=LINE('',#15739,#8215);
#6652=LINE('',#15748,#8216);
#6653=LINE('',#15750,#8217);
#6654=LINE('',#15752,#8218);
#6655=LINE('',#15757,#8219);
#6656=LINE('',#15759,#8220);
#6657=LINE('',#15764,#8221);
#6658=LINE('',#15766,#8222);
#6659=LINE('',#15771,#8223);
#6660=LINE('',#15780,#8224);
#6661=LINE('',#15782,#8225);
#6662=LINE('',#15784,#8226);
#6663=LINE('',#15789,#8227);
#6664=LINE('',#15791,#8228);
#6665=LINE('',#15796,#8229);
#6666=LINE('',#15798,#8230);
#6667=LINE('',#15803,#8231);
#6668=LINE('',#15812,#8232);
#6669=LINE('',#15814,#8233);
#6670=LINE('',#15816,#8234);
#6671=LINE('',#15821,#8235);
#6672=LINE('',#15823,#8236);
#6673=LINE('',#15828,#8237);
#6674=LINE('',#15830,#8238);
#6675=LINE('',#15835,#8239);
#6676=LINE('',#15844,#8240);
#6677=LINE('',#15846,#8241);
#6678=LINE('',#15848,#8242);
#6679=LINE('',#15853,#8243);
#6680=LINE('',#15855,#8244);
#6681=LINE('',#15860,#8245);
#6682=LINE('',#15862,#8246);
#6683=LINE('',#15867,#8247);
#6684=LINE('',#15876,#8248);
#6685=LINE('',#15878,#8249);
#6686=LINE('',#15880,#8250);
#6687=LINE('',#15885,#8251);
#6688=LINE('',#15887,#8252);
#6689=LINE('',#15892,#8253);
#6690=LINE('',#15894,#8254);
#6691=LINE('',#15899,#8255);
#6692=LINE('',#15908,#8256);
#6693=LINE('',#15910,#8257);
#6694=LINE('',#15912,#8258);
#6695=LINE('',#15917,#8259);
#6696=LINE('',#15919,#8260);
#6697=LINE('',#15924,#8261);
#6698=LINE('',#15926,#8262);
#6699=LINE('',#15931,#8263);
#6700=LINE('',#15940,#8264);
#6701=LINE('',#15942,#8265);
#6702=LINE('',#15944,#8266);
#6703=LINE('',#15949,#8267);
#6704=LINE('',#15951,#8268);
#6705=LINE('',#15956,#8269);
#6706=LINE('',#15958,#8270);
#6707=LINE('',#15963,#8271);
#6708=LINE('',#15972,#8272);
#6709=LINE('',#15974,#8273);
#6710=LINE('',#15976,#8274);
#6711=LINE('',#15981,#8275);
#6712=LINE('',#15983,#8276);
#6713=LINE('',#15988,#8277);
#6714=LINE('',#15990,#8278);
#6715=LINE('',#15995,#8279);
#6716=LINE('',#16004,#8280);
#6717=LINE('',#16006,#8281);
#6718=LINE('',#16008,#8282);
#6719=LINE('',#16013,#8283);
#6720=LINE('',#16015,#8284);
#6721=LINE('',#16020,#8285);
#6722=LINE('',#16022,#8286);
#6723=LINE('',#16027,#8287);
#6724=LINE('',#16036,#8288);
#6725=LINE('',#16038,#8289);
#6726=LINE('',#16040,#8290);
#6727=LINE('',#16045,#8291);
#6728=LINE('',#16047,#8292);
#6729=LINE('',#16052,#8293);
#6730=LINE('',#16054,#8294);
#6731=LINE('',#16059,#8295);
#6732=LINE('',#16068,#8296);
#6733=LINE('',#16070,#8297);
#6734=LINE('',#16072,#8298);
#6735=LINE('',#16077,#8299);
#6736=LINE('',#16079,#8300);
#6737=LINE('',#16084,#8301);
#6738=LINE('',#16086,#8302);
#6739=LINE('',#16091,#8303);
#6740=LINE('',#16100,#8304);
#6741=LINE('',#16102,#8305);
#6742=LINE('',#16104,#8306);
#6743=LINE('',#16109,#8307);
#6744=LINE('',#16111,#8308);
#6745=LINE('',#16116,#8309);
#6746=LINE('',#16118,#8310);
#6747=LINE('',#16123,#8311);
#6748=LINE('',#16132,#8312);
#6749=LINE('',#16134,#8313);
#6750=LINE('',#16136,#8314);
#6751=LINE('',#16141,#8315);
#6752=LINE('',#16143,#8316);
#6753=LINE('',#16148,#8317);
#6754=LINE('',#16150,#8318);
#6755=LINE('',#16155,#8319);
#6756=LINE('',#16164,#8320);
#6757=LINE('',#16166,#8321);
#6758=LINE('',#16168,#8322);
#6759=LINE('',#16173,#8323);
#6760=LINE('',#16175,#8324);
#6761=LINE('',#16180,#8325);
#6762=LINE('',#16182,#8326);
#6763=LINE('',#16187,#8327);
#6764=LINE('',#16196,#8328);
#6765=LINE('',#16198,#8329);
#6766=LINE('',#16200,#8330);
#6767=LINE('',#16205,#8331);
#6768=LINE('',#16207,#8332);
#6769=LINE('',#16212,#8333);
#6770=LINE('',#16214,#8334);
#6771=LINE('',#16219,#8335);
#6772=LINE('',#16228,#8336);
#6773=LINE('',#16230,#8337);
#6774=LINE('',#16232,#8338);
#6775=LINE('',#16237,#8339);
#6776=LINE('',#16239,#8340);
#6777=LINE('',#16244,#8341);
#6778=LINE('',#16246,#8342);
#6779=LINE('',#16251,#8343);
#6780=LINE('',#16260,#8344);
#6781=LINE('',#16262,#8345);
#6782=LINE('',#16264,#8346);
#6783=LINE('',#16269,#8347);
#6784=LINE('',#16271,#8348);
#6785=LINE('',#16276,#8349);
#6786=LINE('',#16278,#8350);
#6787=LINE('',#16283,#8351);
#6788=LINE('',#16292,#8352);
#6789=LINE('',#16294,#8353);
#6790=LINE('',#16296,#8354);
#6791=LINE('',#16301,#8355);
#6792=LINE('',#16303,#8356);
#6793=LINE('',#16308,#8357);
#6794=LINE('',#16310,#8358);
#6795=LINE('',#16315,#8359);
#6796=LINE('',#16324,#8360);
#6797=LINE('',#16326,#8361);
#6798=LINE('',#16328,#8362);
#6799=LINE('',#16333,#8363);
#6800=LINE('',#16335,#8364);
#6801=LINE('',#16340,#8365);
#6802=LINE('',#16342,#8366);
#6803=LINE('',#16347,#8367);
#6804=LINE('',#16356,#8368);
#6805=LINE('',#16358,#8369);
#6806=LINE('',#16360,#8370);
#6807=LINE('',#16365,#8371);
#6808=LINE('',#16367,#8372);
#6809=LINE('',#16372,#8373);
#6810=LINE('',#16374,#8374);
#6811=LINE('',#16379,#8375);
#6812=LINE('',#16388,#8376);
#6813=LINE('',#16390,#8377);
#6814=LINE('',#16392,#8378);
#6815=LINE('',#16397,#8379);
#6816=LINE('',#16399,#8380);
#6817=LINE('',#16404,#8381);
#6818=LINE('',#16406,#8382);
#6819=LINE('',#16411,#8383);
#6820=LINE('',#16420,#8384);
#6821=LINE('',#16422,#8385);
#6822=LINE('',#16424,#8386);
#6823=LINE('',#16429,#8387);
#6824=LINE('',#16431,#8388);
#6825=LINE('',#16436,#8389);
#6826=LINE('',#16438,#8390);
#6827=LINE('',#16443,#8391);
#6828=LINE('',#16452,#8392);
#6829=LINE('',#16454,#8393);
#6830=LINE('',#16456,#8394);
#6831=LINE('',#16461,#8395);
#6832=LINE('',#16463,#8396);
#6833=LINE('',#16468,#8397);
#6834=LINE('',#16470,#8398);
#6835=LINE('',#16475,#8399);
#6836=LINE('',#16484,#8400);
#6837=LINE('',#16486,#8401);
#6838=LINE('',#16488,#8402);
#6839=LINE('',#16493,#8403);
#6840=LINE('',#16495,#8404);
#6841=LINE('',#16500,#8405);
#6842=LINE('',#16502,#8406);
#6843=LINE('',#16507,#8407);
#6844=LINE('',#16516,#8408);
#6845=LINE('',#16518,#8409);
#6846=LINE('',#16520,#8410);
#6847=LINE('',#16525,#8411);
#6848=LINE('',#16527,#8412);
#6849=LINE('',#16532,#8413);
#6850=LINE('',#16534,#8414);
#6851=LINE('',#16539,#8415);
#6852=LINE('',#16548,#8416);
#6853=LINE('',#16550,#8417);
#6854=LINE('',#16552,#8418);
#6855=LINE('',#16557,#8419);
#6856=LINE('',#16559,#8420);
#6857=LINE('',#16564,#8421);
#6858=LINE('',#16566,#8422);
#6859=LINE('',#16571,#8423);
#6860=LINE('',#16580,#8424);
#6861=LINE('',#16582,#8425);
#6862=LINE('',#16584,#8426);
#6863=LINE('',#16589,#8427);
#6864=LINE('',#16591,#8428);
#6865=LINE('',#16596,#8429);
#6866=LINE('',#16598,#8430);
#6867=LINE('',#16603,#8431);
#6868=LINE('',#16612,#8432);
#6869=LINE('',#16614,#8433);
#6870=LINE('',#16616,#8434);
#6871=LINE('',#16621,#8435);
#6872=LINE('',#16623,#8436);
#6873=LINE('',#16628,#8437);
#6874=LINE('',#16630,#8438);
#6875=LINE('',#16635,#8439);
#6876=LINE('',#16644,#8440);
#6877=LINE('',#16646,#8441);
#6878=LINE('',#16648,#8442);
#6879=LINE('',#16653,#8443);
#6880=LINE('',#16655,#8444);
#6881=LINE('',#16660,#8445);
#6882=LINE('',#16662,#8446);
#6883=LINE('',#16667,#8447);
#6884=LINE('',#16676,#8448);
#6885=LINE('',#16678,#8449);
#6886=LINE('',#16680,#8450);
#6887=LINE('',#16685,#8451);
#6888=LINE('',#16687,#8452);
#6889=LINE('',#16692,#8453);
#6890=LINE('',#16694,#8454);
#6891=LINE('',#16699,#8455);
#6892=LINE('',#16708,#8456);
#6893=LINE('',#16710,#8457);
#6894=LINE('',#16712,#8458);
#6895=LINE('',#16717,#8459);
#6896=LINE('',#16719,#8460);
#6897=LINE('',#16724,#8461);
#6898=LINE('',#16726,#8462);
#6899=LINE('',#16731,#8463);
#6900=LINE('',#16740,#8464);
#6901=LINE('',#16742,#8465);
#6902=LINE('',#16744,#8466);
#6903=LINE('',#16749,#8467);
#6904=LINE('',#16751,#8468);
#6905=LINE('',#16756,#8469);
#6906=LINE('',#16758,#8470);
#6907=LINE('',#16763,#8471);
#6908=LINE('',#16772,#8472);
#6909=LINE('',#16774,#8473);
#6910=LINE('',#16776,#8474);
#6911=LINE('',#16781,#8475);
#6912=LINE('',#16783,#8476);
#6913=LINE('',#16788,#8477);
#6914=LINE('',#16790,#8478);
#6915=LINE('',#16795,#8479);
#6916=LINE('',#16804,#8480);
#6917=LINE('',#16806,#8481);
#6918=LINE('',#16808,#8482);
#6919=LINE('',#16813,#8483);
#6920=LINE('',#16815,#8484);
#6921=LINE('',#16820,#8485);
#6922=LINE('',#16822,#8486);
#6923=LINE('',#16827,#8487);
#6924=LINE('',#16836,#8488);
#6925=LINE('',#16838,#8489);
#6926=LINE('',#16840,#8490);
#6927=LINE('',#16845,#8491);
#6928=LINE('',#16847,#8492);
#6929=LINE('',#16852,#8493);
#6930=LINE('',#16854,#8494);
#6931=LINE('',#16859,#8495);
#6932=LINE('',#16868,#8496);
#6933=LINE('',#16870,#8497);
#6934=LINE('',#16872,#8498);
#6935=LINE('',#16877,#8499);
#6936=LINE('',#16879,#8500);
#6937=LINE('',#16884,#8501);
#6938=LINE('',#16886,#8502);
#6939=LINE('',#16891,#8503);
#6940=LINE('',#16900,#8504);
#6941=LINE('',#16902,#8505);
#6942=LINE('',#16904,#8506);
#6943=LINE('',#16909,#8507);
#6944=LINE('',#16911,#8508);
#6945=LINE('',#16916,#8509);
#6946=LINE('',#16918,#8510);
#6947=LINE('',#16923,#8511);
#6948=LINE('',#16932,#8512);
#6949=LINE('',#16934,#8513);
#6950=LINE('',#16936,#8514);
#6951=LINE('',#16941,#8515);
#6952=LINE('',#16943,#8516);
#6953=LINE('',#16948,#8517);
#6954=LINE('',#16950,#8518);
#6955=LINE('',#16955,#8519);
#6956=LINE('',#16964,#8520);
#6957=LINE('',#16966,#8521);
#6958=LINE('',#16968,#8522);
#6959=LINE('',#16973,#8523);
#6960=LINE('',#16975,#8524);
#6961=LINE('',#16980,#8525);
#6962=LINE('',#16982,#8526);
#6963=LINE('',#16987,#8527);
#6964=LINE('',#16996,#8528);
#6965=LINE('',#16998,#8529);
#6966=LINE('',#17000,#8530);
#6967=LINE('',#17005,#8531);
#6968=LINE('',#17007,#8532);
#6969=LINE('',#17012,#8533);
#6970=LINE('',#17014,#8534);
#6971=LINE('',#17019,#8535);
#6972=LINE('',#17028,#8536);
#6973=LINE('',#17030,#8537);
#6974=LINE('',#17032,#8538);
#6975=LINE('',#17037,#8539);
#6976=LINE('',#17039,#8540);
#6977=LINE('',#17044,#8541);
#6978=LINE('',#17046,#8542);
#6979=LINE('',#17051,#8543);
#6980=LINE('',#17060,#8544);
#6981=LINE('',#17062,#8545);
#6982=LINE('',#17064,#8546);
#6983=LINE('',#17069,#8547);
#6984=LINE('',#17071,#8548);
#6985=LINE('',#17076,#8549);
#6986=LINE('',#17078,#8550);
#6987=LINE('',#17083,#8551);
#6988=LINE('',#17092,#8552);
#6989=LINE('',#17094,#8553);
#6990=LINE('',#17096,#8554);
#6991=LINE('',#17101,#8555);
#6992=LINE('',#17103,#8556);
#6993=LINE('',#17108,#8557);
#6994=LINE('',#17110,#8558);
#6995=LINE('',#17115,#8559);
#6996=LINE('',#17124,#8560);
#6997=LINE('',#17126,#8561);
#6998=LINE('',#17128,#8562);
#6999=LINE('',#17133,#8563);
#7000=LINE('',#17135,#8564);
#7001=LINE('',#17140,#8565);
#7002=LINE('',#17142,#8566);
#7003=LINE('',#17147,#8567);
#7004=LINE('',#17156,#8568);
#7005=LINE('',#17158,#8569);
#7006=LINE('',#17160,#8570);
#7007=LINE('',#17165,#8571);
#7008=LINE('',#17167,#8572);
#7009=LINE('',#17172,#8573);
#7010=LINE('',#17174,#8574);
#7011=LINE('',#17179,#8575);
#7012=LINE('',#17188,#8576);
#7013=LINE('',#17190,#8577);
#7014=LINE('',#17192,#8578);
#7015=LINE('',#17197,#8579);
#7016=LINE('',#17199,#8580);
#7017=LINE('',#17204,#8581);
#7018=LINE('',#17206,#8582);
#7019=LINE('',#17211,#8583);
#7020=LINE('',#17220,#8584);
#7021=LINE('',#17222,#8585);
#7022=LINE('',#17224,#8586);
#7023=LINE('',#17229,#8587);
#7024=LINE('',#17231,#8588);
#7025=LINE('',#17236,#8589);
#7026=LINE('',#17238,#8590);
#7027=LINE('',#17243,#8591);
#7028=LINE('',#17252,#8592);
#7029=LINE('',#17254,#8593);
#7030=LINE('',#17256,#8594);
#7031=LINE('',#17261,#8595);
#7032=LINE('',#17263,#8596);
#7033=LINE('',#17268,#8597);
#7034=LINE('',#17270,#8598);
#7035=LINE('',#17275,#8599);
#7036=LINE('',#17284,#8600);
#7037=LINE('',#17286,#8601);
#7038=LINE('',#17288,#8602);
#7039=LINE('',#17293,#8603);
#7040=LINE('',#17295,#8604);
#7041=LINE('',#17300,#8605);
#7042=LINE('',#17302,#8606);
#7043=LINE('',#17307,#8607);
#7044=LINE('',#17316,#8608);
#7045=LINE('',#17318,#8609);
#7046=LINE('',#17320,#8610);
#7047=LINE('',#17325,#8611);
#7048=LINE('',#17327,#8612);
#7049=LINE('',#17332,#8613);
#7050=LINE('',#17334,#8614);
#7051=LINE('',#17339,#8615);
#7052=LINE('',#17348,#8616);
#7053=LINE('',#17350,#8617);
#7054=LINE('',#17352,#8618);
#7055=LINE('',#17357,#8619);
#7056=LINE('',#17359,#8620);
#7057=LINE('',#17364,#8621);
#7058=LINE('',#17366,#8622);
#7059=LINE('',#17371,#8623);
#7060=LINE('',#17380,#8624);
#7061=LINE('',#17382,#8625);
#7062=LINE('',#17384,#8626);
#7063=LINE('',#17389,#8627);
#7064=LINE('',#17391,#8628);
#7065=LINE('',#17396,#8629);
#7066=LINE('',#17398,#8630);
#7067=LINE('',#17403,#8631);
#7068=LINE('',#17412,#8632);
#7069=LINE('',#17414,#8633);
#7070=LINE('',#17416,#8634);
#7071=LINE('',#17421,#8635);
#7072=LINE('',#17423,#8636);
#7073=LINE('',#17428,#8637);
#7074=LINE('',#17430,#8638);
#7075=LINE('',#17435,#8639);
#7076=LINE('',#17444,#8640);
#7077=LINE('',#17446,#8641);
#7078=LINE('',#17448,#8642);
#7079=LINE('',#17453,#8643);
#7080=LINE('',#17455,#8644);
#7081=LINE('',#17460,#8645);
#7082=LINE('',#17462,#8646);
#7083=LINE('',#17467,#8647);
#7084=LINE('',#17476,#8648);
#7085=LINE('',#17478,#8649);
#7086=LINE('',#17480,#8650);
#7087=LINE('',#17485,#8651);
#7088=LINE('',#17487,#8652);
#7089=LINE('',#17492,#8653);
#7090=LINE('',#17494,#8654);
#7091=LINE('',#17499,#8655);
#7092=LINE('',#17508,#8656);
#7093=LINE('',#17510,#8657);
#7094=LINE('',#17512,#8658);
#7095=LINE('',#17517,#8659);
#7096=LINE('',#17519,#8660);
#7097=LINE('',#17524,#8661);
#7098=LINE('',#17526,#8662);
#7099=LINE('',#17531,#8663);
#7100=LINE('',#17540,#8664);
#7101=LINE('',#17542,#8665);
#7102=LINE('',#17544,#8666);
#7103=LINE('',#17549,#8667);
#7104=LINE('',#17551,#8668);
#7105=LINE('',#17556,#8669);
#7106=LINE('',#17558,#8670);
#7107=LINE('',#17563,#8671);
#7108=LINE('',#17572,#8672);
#7109=LINE('',#17574,#8673);
#7110=LINE('',#17576,#8674);
#7111=LINE('',#17581,#8675);
#7112=LINE('',#17583,#8676);
#7113=LINE('',#17588,#8677);
#7114=LINE('',#17590,#8678);
#7115=LINE('',#17595,#8679);
#7116=LINE('',#17604,#8680);
#7117=LINE('',#17606,#8681);
#7118=LINE('',#17608,#8682);
#7119=LINE('',#17613,#8683);
#7120=LINE('',#17615,#8684);
#7121=LINE('',#17620,#8685);
#7122=LINE('',#17622,#8686);
#7123=LINE('',#17627,#8687);
#7124=LINE('',#17636,#8688);
#7125=LINE('',#17638,#8689);
#7126=LINE('',#17640,#8690);
#7127=LINE('',#17645,#8691);
#7128=LINE('',#17647,#8692);
#7129=LINE('',#17652,#8693);
#7130=LINE('',#17654,#8694);
#7131=LINE('',#17659,#8695);
#7132=LINE('',#17668,#8696);
#7133=LINE('',#17670,#8697);
#7134=LINE('',#17672,#8698);
#7135=LINE('',#17677,#8699);
#7136=LINE('',#17679,#8700);
#7137=LINE('',#17684,#8701);
#7138=LINE('',#17686,#8702);
#7139=LINE('',#17691,#8703);
#7140=LINE('',#17700,#8704);
#7141=LINE('',#17702,#8705);
#7142=LINE('',#17704,#8706);
#7143=LINE('',#17709,#8707);
#7144=LINE('',#17711,#8708);
#7145=LINE('',#17716,#8709);
#7146=LINE('',#17718,#8710);
#7147=LINE('',#17723,#8711);
#7148=LINE('',#17732,#8712);
#7149=LINE('',#17734,#8713);
#7150=LINE('',#17736,#8714);
#7151=LINE('',#17741,#8715);
#7152=LINE('',#17743,#8716);
#7153=LINE('',#17748,#8717);
#7154=LINE('',#17750,#8718);
#7155=LINE('',#17755,#8719);
#7156=LINE('',#17764,#8720);
#7157=LINE('',#17766,#8721);
#7158=LINE('',#17768,#8722);
#7159=LINE('',#17773,#8723);
#7160=LINE('',#17775,#8724);
#7161=LINE('',#17780,#8725);
#7162=LINE('',#17782,#8726);
#7163=LINE('',#17787,#8727);
#7164=LINE('',#17796,#8728);
#7165=LINE('',#17798,#8729);
#7166=LINE('',#17800,#8730);
#7167=LINE('',#17805,#8731);
#7168=LINE('',#17807,#8732);
#7169=LINE('',#17812,#8733);
#7170=LINE('',#17814,#8734);
#7171=LINE('',#17819,#8735);
#7172=LINE('',#17828,#8736);
#7173=LINE('',#17830,#8737);
#7174=LINE('',#17832,#8738);
#7175=LINE('',#17837,#8739);
#7176=LINE('',#17839,#8740);
#7177=LINE('',#17844,#8741);
#7178=LINE('',#17846,#8742);
#7179=LINE('',#17851,#8743);
#7180=LINE('',#17860,#8744);
#7181=LINE('',#17862,#8745);
#7182=LINE('',#17864,#8746);
#7183=LINE('',#17869,#8747);
#7184=LINE('',#17871,#8748);
#7185=LINE('',#17876,#8749);
#7186=LINE('',#17878,#8750);
#7187=LINE('',#17883,#8751);
#7188=LINE('',#17892,#8752);
#7189=LINE('',#17894,#8753);
#7190=LINE('',#17896,#8754);
#7191=LINE('',#17901,#8755);
#7192=LINE('',#17903,#8756);
#7193=LINE('',#17908,#8757);
#7194=LINE('',#17910,#8758);
#7195=LINE('',#17915,#8759);
#7196=LINE('',#17924,#8760);
#7197=LINE('',#17926,#8761);
#7198=LINE('',#17928,#8762);
#7199=LINE('',#17933,#8763);
#7200=LINE('',#17935,#8764);
#7201=LINE('',#17940,#8765);
#7202=LINE('',#17942,#8766);
#7203=LINE('',#17947,#8767);
#7204=LINE('',#17956,#8768);
#7205=LINE('',#17958,#8769);
#7206=LINE('',#17960,#8770);
#7207=LINE('',#17965,#8771);
#7208=LINE('',#17967,#8772);
#7209=LINE('',#17972,#8773);
#7210=LINE('',#17974,#8774);
#7211=LINE('',#17979,#8775);
#7212=LINE('',#17988,#8776);
#7213=LINE('',#17990,#8777);
#7214=LINE('',#17992,#8778);
#7215=LINE('',#17997,#8779);
#7216=LINE('',#17999,#8780);
#7217=LINE('',#18004,#8781);
#7218=LINE('',#18006,#8782);
#7219=LINE('',#18011,#8783);
#7220=LINE('',#18020,#8784);
#7221=LINE('',#18022,#8785);
#7222=LINE('',#18024,#8786);
#7223=LINE('',#18029,#8787);
#7224=LINE('',#18031,#8788);
#7225=LINE('',#18036,#8789);
#7226=LINE('',#18038,#8790);
#7227=LINE('',#18043,#8791);
#7228=LINE('',#18052,#8792);
#7229=LINE('',#18054,#8793);
#7230=LINE('',#18056,#8794);
#7231=LINE('',#18061,#8795);
#7232=LINE('',#18063,#8796);
#7233=LINE('',#18068,#8797);
#7234=LINE('',#18070,#8798);
#7235=LINE('',#18075,#8799);
#7236=LINE('',#18084,#8800);
#7237=LINE('',#18086,#8801);
#7238=LINE('',#18088,#8802);
#7239=LINE('',#18093,#8803);
#7240=LINE('',#18095,#8804);
#7241=LINE('',#18100,#8805);
#7242=LINE('',#18102,#8806);
#7243=LINE('',#18107,#8807);
#7244=LINE('',#18116,#8808);
#7245=LINE('',#18118,#8809);
#7246=LINE('',#18120,#8810);
#7247=LINE('',#18125,#8811);
#7248=LINE('',#18127,#8812);
#7249=LINE('',#18132,#8813);
#7250=LINE('',#18134,#8814);
#7251=LINE('',#18139,#8815);
#7252=LINE('',#18148,#8816);
#7253=LINE('',#18150,#8817);
#7254=LINE('',#18152,#8818);
#7255=LINE('',#18157,#8819);
#7256=LINE('',#18159,#8820);
#7257=LINE('',#18164,#8821);
#7258=LINE('',#18166,#8822);
#7259=LINE('',#18171,#8823);
#7260=LINE('',#18180,#8824);
#7261=LINE('',#18182,#8825);
#7262=LINE('',#18184,#8826);
#7263=LINE('',#18189,#8827);
#7264=LINE('',#18191,#8828);
#7265=LINE('',#18196,#8829);
#7266=LINE('',#18198,#8830);
#7267=LINE('',#18203,#8831);
#7268=LINE('',#18212,#8832);
#7269=LINE('',#18214,#8833);
#7270=LINE('',#18216,#8834);
#7271=LINE('',#18221,#8835);
#7272=LINE('',#18223,#8836);
#7273=LINE('',#18228,#8837);
#7274=LINE('',#18230,#8838);
#7275=LINE('',#18235,#8839);
#7276=LINE('',#18244,#8840);
#7277=LINE('',#18246,#8841);
#7278=LINE('',#18248,#8842);
#7279=LINE('',#18253,#8843);
#7280=LINE('',#18255,#8844);
#7281=LINE('',#18260,#8845);
#7282=LINE('',#18262,#8846);
#7283=LINE('',#18267,#8847);
#7284=LINE('',#18276,#8848);
#7285=LINE('',#18278,#8849);
#7286=LINE('',#18280,#8850);
#7287=LINE('',#18285,#8851);
#7288=LINE('',#18287,#8852);
#7289=LINE('',#18292,#8853);
#7290=LINE('',#18294,#8854);
#7291=LINE('',#18299,#8855);
#7292=LINE('',#18308,#8856);
#7293=LINE('',#18310,#8857);
#7294=LINE('',#18312,#8858);
#7295=LINE('',#18317,#8859);
#7296=LINE('',#18319,#8860);
#7297=LINE('',#18324,#8861);
#7298=LINE('',#18326,#8862);
#7299=LINE('',#18331,#8863);
#7300=LINE('',#18340,#8864);
#7301=LINE('',#18342,#8865);
#7302=LINE('',#18344,#8866);
#7303=LINE('',#18349,#8867);
#7304=LINE('',#18351,#8868);
#7305=LINE('',#18356,#8869);
#7306=LINE('',#18358,#8870);
#7307=LINE('',#18363,#8871);
#7308=LINE('',#18372,#8872);
#7309=LINE('',#18374,#8873);
#7310=LINE('',#18376,#8874);
#7311=LINE('',#18381,#8875);
#7312=LINE('',#18383,#8876);
#7313=LINE('',#18388,#8877);
#7314=LINE('',#18390,#8878);
#7315=LINE('',#18395,#8879);
#7316=LINE('',#18404,#8880);
#7317=LINE('',#18406,#8881);
#7318=LINE('',#18408,#8882);
#7319=LINE('',#18413,#8883);
#7320=LINE('',#18415,#8884);
#7321=LINE('',#18420,#8885);
#7322=LINE('',#18422,#8886);
#7323=LINE('',#18427,#8887);
#7324=LINE('',#18436,#8888);
#7325=LINE('',#18438,#8889);
#7326=LINE('',#18440,#8890);
#7327=LINE('',#18445,#8891);
#7328=LINE('',#18447,#8892);
#7329=LINE('',#18452,#8893);
#7330=LINE('',#18454,#8894);
#7331=LINE('',#18459,#8895);
#7332=LINE('',#18468,#8896);
#7333=LINE('',#18470,#8897);
#7334=LINE('',#18472,#8898);
#7335=LINE('',#18477,#8899);
#7336=LINE('',#18479,#8900);
#7337=LINE('',#18484,#8901);
#7338=LINE('',#18486,#8902);
#7339=LINE('',#18491,#8903);
#7340=LINE('',#18500,#8904);
#7341=LINE('',#18502,#8905);
#7342=LINE('',#18504,#8906);
#7343=LINE('',#18509,#8907);
#7344=LINE('',#18511,#8908);
#7345=LINE('',#18516,#8909);
#7346=LINE('',#18518,#8910);
#7347=LINE('',#18523,#8911);
#7348=LINE('',#18532,#8912);
#7349=LINE('',#18534,#8913);
#7350=LINE('',#18536,#8914);
#7351=LINE('',#18541,#8915);
#7352=LINE('',#18543,#8916);
#7353=LINE('',#18548,#8917);
#7354=LINE('',#18550,#8918);
#7355=LINE('',#18555,#8919);
#7356=LINE('',#18564,#8920);
#7357=LINE('',#18566,#8921);
#7358=LINE('',#18568,#8922);
#7359=LINE('',#18573,#8923);
#7360=LINE('',#18575,#8924);
#7361=LINE('',#18580,#8925);
#7362=LINE('',#18582,#8926);
#7363=LINE('',#18587,#8927);
#7364=LINE('',#18596,#8928);
#7365=LINE('',#18598,#8929);
#7366=LINE('',#18600,#8930);
#7367=LINE('',#18605,#8931);
#7368=LINE('',#18607,#8932);
#7369=LINE('',#18612,#8933);
#7370=LINE('',#18614,#8934);
#7371=LINE('',#18619,#8935);
#7372=VECTOR('',#11831,1000.);
#7373=VECTOR('',#11834,1000.);
#7374=VECTOR('',#11839,1000.);
#7375=VECTOR('',#11844,1000.);
#7376=VECTOR('',#11847,1000.);
#7377=VECTOR('',#11848,1000.);
#7378=VECTOR('',#11849,1000.);
#7379=VECTOR('',#11850,1000.);
#7380=VECTOR('',#11851,1000.);
#7381=VECTOR('',#11852,1000.);
#7382=VECTOR('',#11853,1000.);
#7383=VECTOR('',#11854,1000.);
#7384=VECTOR('',#11855,1000.);
#7385=VECTOR('',#11856,1000.);
#7386=VECTOR('',#11857,1000.);
#7387=VECTOR('',#11858,1000.);
#7388=VECTOR('',#11859,1000.);
#7389=VECTOR('',#11860,1000.);
#7390=VECTOR('',#11861,1000.);
#7391=VECTOR('',#11862,1000.);
#7392=VECTOR('',#11863,1000.);
#7393=VECTOR('',#11864,1000.);
#7394=VECTOR('',#11865,1000.);
#7395=VECTOR('',#11866,1000.);
#7396=VECTOR('',#11867,1000.);
#7397=VECTOR('',#11868,1000.);
#7398=VECTOR('',#11869,1000.);
#7399=VECTOR('',#11870,1000.);
#7400=VECTOR('',#11871,1000.);
#7401=VECTOR('',#11872,1000.);
#7402=VECTOR('',#11873,1000.);
#7403=VECTOR('',#11874,1000.);
#7404=VECTOR('',#11875,1000.);
#7405=VECTOR('',#11876,1000.);
#7406=VECTOR('',#11877,1000.);
#7407=VECTOR('',#11878,1000.);
#7408=VECTOR('',#11879,1000.);
#7409=VECTOR('',#11880,1000.);
#7410=VECTOR('',#11881,1000.);
#7411=VECTOR('',#11882,1000.);
#7412=VECTOR('',#11883,1000.);
#7413=VECTOR('',#11884,1000.);
#7414=VECTOR('',#11885,1000.);
#7415=VECTOR('',#11886,1000.);
#7416=VECTOR('',#11887,1000.);
#7417=VECTOR('',#11888,1000.);
#7418=VECTOR('',#11889,1000.);
#7419=VECTOR('',#11890,1000.);
#7420=VECTOR('',#11891,1000.);
#7421=VECTOR('',#11892,1000.);
#7422=VECTOR('',#11893,1000.);
#7423=VECTOR('',#11894,1000.);
#7424=VECTOR('',#11895,1000.);
#7425=VECTOR('',#11896,1000.);
#7426=VECTOR('',#11897,1000.);
#7427=VECTOR('',#11898,1000.);
#7428=VECTOR('',#11899,1000.);
#7429=VECTOR('',#11900,1000.);
#7430=VECTOR('',#11901,1000.);
#7431=VECTOR('',#11902,1000.);
#7432=VECTOR('',#11903,1000.);
#7433=VECTOR('',#11904,1000.);
#7434=VECTOR('',#11905,1000.);
#7435=VECTOR('',#11906,1000.);
#7436=VECTOR('',#11907,1000.);
#7437=VECTOR('',#11908,1000.);
#7438=VECTOR('',#11909,1000.);
#7439=VECTOR('',#11910,1000.);
#7440=VECTOR('',#11911,1000.);
#7441=VECTOR('',#11912,1000.);
#7442=VECTOR('',#11913,1000.);
#7443=VECTOR('',#11914,1000.);
#7444=VECTOR('',#11915,1000.);
#7445=VECTOR('',#11916,1000.);
#7446=VECTOR('',#11917,1000.);
#7447=VECTOR('',#11918,1000.);
#7448=VECTOR('',#11919,1000.);
#7449=VECTOR('',#11920,1000.);
#7450=VECTOR('',#11921,1000.);
#7451=VECTOR('',#11922,1000.);
#7452=VECTOR('',#11923,1000.);
#7453=VECTOR('',#11924,1000.);
#7454=VECTOR('',#11925,1000.);
#7455=VECTOR('',#11926,1000.);
#7456=VECTOR('',#11927,1000.);
#7457=VECTOR('',#11928,1000.);
#7458=VECTOR('',#11929,1000.);
#7459=VECTOR('',#11930,1000.);
#7460=VECTOR('',#11931,1000.);
#7461=VECTOR('',#11932,1000.);
#7462=VECTOR('',#11933,1000.);
#7463=VECTOR('',#11934,1000.);
#7464=VECTOR('',#11935,1000.);
#7465=VECTOR('',#11936,1000.);
#7466=VECTOR('',#11937,1000.);
#7467=VECTOR('',#11938,1000.);
#7468=VECTOR('',#11939,1000.);
#7469=VECTOR('',#11940,1000.);
#7470=VECTOR('',#11941,1000.);
#7471=VECTOR('',#11942,1000.);
#7472=VECTOR('',#11943,1000.);
#7473=VECTOR('',#11944,1000.);
#7474=VECTOR('',#11945,1000.);
#7475=VECTOR('',#11946,1000.);
#7476=VECTOR('',#11947,1000.);
#7477=VECTOR('',#11948,1000.);
#7478=VECTOR('',#11949,1000.);
#7479=VECTOR('',#11950,1000.);
#7480=VECTOR('',#11951,1000.);
#7481=VECTOR('',#11952,1000.);
#7482=VECTOR('',#11953,1000.);
#7483=VECTOR('',#11954,1000.);
#7484=VECTOR('',#11955,1000.);
#7485=VECTOR('',#11956,1000.);
#7486=VECTOR('',#11957,1000.);
#7487=VECTOR('',#11958,1000.);
#7488=VECTOR('',#11959,1000.);
#7489=VECTOR('',#11960,1000.);
#7490=VECTOR('',#11961,1000.);
#7491=VECTOR('',#11962,1000.);
#7492=VECTOR('',#11963,1000.);
#7493=VECTOR('',#11964,1000.);
#7494=VECTOR('',#11965,1000.);
#7495=VECTOR('',#11966,1000.);
#7496=VECTOR('',#11967,1000.);
#7497=VECTOR('',#11968,1000.);
#7498=VECTOR('',#11969,1000.);
#7499=VECTOR('',#11970,1000.);
#7500=VECTOR('',#11971,1000.);
#7501=VECTOR('',#11972,1000.);
#7502=VECTOR('',#11973,1000.);
#7503=VECTOR('',#11974,1000.);
#7504=VECTOR('',#11975,1000.);
#7505=VECTOR('',#11976,1000.);
#7506=VECTOR('',#11977,1000.);
#7507=VECTOR('',#11978,1000.);
#7508=VECTOR('',#11979,1000.);
#7509=VECTOR('',#11980,1000.);
#7510=VECTOR('',#11981,1000.);
#7511=VECTOR('',#11982,1000.);
#7512=VECTOR('',#11983,1000.);
#7513=VECTOR('',#11984,1000.);
#7514=VECTOR('',#11985,1000.);
#7515=VECTOR('',#11986,1000.);
#7516=VECTOR('',#11987,1000.);
#7517=VECTOR('',#11988,1000.);
#7518=VECTOR('',#11989,1000.);
#7519=VECTOR('',#11990,1000.);
#7520=VECTOR('',#11991,1000.);
#7521=VECTOR('',#11992,1000.);
#7522=VECTOR('',#11993,1000.);
#7523=VECTOR('',#11994,1000.);
#7524=VECTOR('',#11995,1000.);
#7525=VECTOR('',#11996,1000.);
#7526=VECTOR('',#11997,1000.);
#7527=VECTOR('',#11998,1000.);
#7528=VECTOR('',#11999,1000.);
#7529=VECTOR('',#12000,1000.);
#7530=VECTOR('',#12001,1000.);
#7531=VECTOR('',#12002,1000.);
#7532=VECTOR('',#12003,1000.);
#7533=VECTOR('',#12004,1000.);
#7534=VECTOR('',#12005,1000.);
#7535=VECTOR('',#12006,1000.);
#7536=VECTOR('',#12007,1000.);
#7537=VECTOR('',#12008,1000.);
#7538=VECTOR('',#12009,1000.);
#7539=VECTOR('',#12010,1000.);
#7540=VECTOR('',#12011,1000.);
#7541=VECTOR('',#12012,1000.);
#7542=VECTOR('',#12013,1000.);
#7543=VECTOR('',#12014,1000.);
#7544=VECTOR('',#12015,1000.);
#7545=VECTOR('',#12016,1000.);
#7546=VECTOR('',#12017,1000.);
#7547=VECTOR('',#12018,1000.);
#7548=VECTOR('',#12019,1000.);
#7549=VECTOR('',#12020,1000.);
#7550=VECTOR('',#12021,1000.);
#7551=VECTOR('',#12022,1000.);
#7552=VECTOR('',#12023,1000.);
#7553=VECTOR('',#12024,1000.);
#7554=VECTOR('',#12025,1000.);
#7555=VECTOR('',#12026,1000.);
#7556=VECTOR('',#12027,1000.);
#7557=VECTOR('',#12028,1000.);
#7558=VECTOR('',#12029,1000.);
#7559=VECTOR('',#12030,1000.);
#7560=VECTOR('',#12031,1000.);
#7561=VECTOR('',#12032,1000.);
#7562=VECTOR('',#12033,1000.);
#7563=VECTOR('',#12034,1000.);
#7564=VECTOR('',#12035,1000.);
#7565=VECTOR('',#12036,1000.);
#7566=VECTOR('',#12037,1000.);
#7567=VECTOR('',#12038,1000.);
#7568=VECTOR('',#12039,1000.);
#7569=VECTOR('',#12040,1000.);
#7570=VECTOR('',#12041,1000.);
#7571=VECTOR('',#12042,1000.);
#7572=VECTOR('',#12043,1000.);
#7573=VECTOR('',#12044,1000.);
#7574=VECTOR('',#12045,1000.);
#7575=VECTOR('',#12046,1000.);
#7576=VECTOR('',#12047,1000.);
#7577=VECTOR('',#12048,1000.);
#7578=VECTOR('',#12049,1000.);
#7579=VECTOR('',#12050,1000.);
#7580=VECTOR('',#12051,1000.);
#7581=VECTOR('',#12052,1000.);
#7582=VECTOR('',#12053,1000.);
#7583=VECTOR('',#12054,1000.);
#7584=VECTOR('',#12055,1000.);
#7585=VECTOR('',#12056,1000.);
#7586=VECTOR('',#12057,1000.);
#7587=VECTOR('',#12058,1000.);
#7588=VECTOR('',#12059,1000.);
#7589=VECTOR('',#12060,1000.);
#7590=VECTOR('',#12061,1000.);
#7591=VECTOR('',#12062,1000.);
#7592=VECTOR('',#12063,1000.);
#7593=VECTOR('',#12064,1000.);
#7594=VECTOR('',#12065,1000.);
#7595=VECTOR('',#12066,1000.);
#7596=VECTOR('',#12067,1000.);
#7597=VECTOR('',#12068,1000.);
#7598=VECTOR('',#12069,1000.);
#7599=VECTOR('',#12070,1000.);
#7600=VECTOR('',#12071,1000.);
#7601=VECTOR('',#12072,1000.);
#7602=VECTOR('',#12073,1000.);
#7603=VECTOR('',#12074,1000.);
#7604=VECTOR('',#12075,1000.);
#7605=VECTOR('',#12076,1000.);
#7606=VECTOR('',#12077,1000.);
#7607=VECTOR('',#12078,1000.);
#7608=VECTOR('',#12079,1000.);
#7609=VECTOR('',#12080,1000.);
#7610=VECTOR('',#12081,1000.);
#7611=VECTOR('',#12082,1000.);
#7612=VECTOR('',#12083,1000.);
#7613=VECTOR('',#12084,1000.);
#7614=VECTOR('',#12085,1000.);
#7615=VECTOR('',#12086,1000.);
#7616=VECTOR('',#12087,1000.);
#7617=VECTOR('',#12088,1000.);
#7618=VECTOR('',#12089,1000.);
#7619=VECTOR('',#12090,1000.);
#7620=VECTOR('',#12091,1000.);
#7621=VECTOR('',#12092,1000.);
#7622=VECTOR('',#12093,1000.);
#7623=VECTOR('',#12094,1000.);
#7624=VECTOR('',#12095,1000.);
#7625=VECTOR('',#12096,1000.);
#7626=VECTOR('',#12097,1000.);
#7627=VECTOR('',#12098,1000.);
#7628=VECTOR('',#12099,1000.);
#7629=VECTOR('',#12100,1000.);
#7630=VECTOR('',#12101,1000.);
#7631=VECTOR('',#12102,1000.);
#7632=VECTOR('',#12103,1000.);
#7633=VECTOR('',#12104,1000.);
#7634=VECTOR('',#12105,1000.);
#7635=VECTOR('',#12106,1000.);
#7636=VECTOR('',#12107,1000.);
#7637=VECTOR('',#12108,1000.);
#7638=VECTOR('',#12109,1000.);
#7639=VECTOR('',#12110,1000.);
#7640=VECTOR('',#12111,1000.);
#7641=VECTOR('',#12112,1000.);
#7642=VECTOR('',#12113,1000.);
#7643=VECTOR('',#12114,1000.);
#7644=VECTOR('',#12115,1000.);
#7645=VECTOR('',#12116,1000.);
#7646=VECTOR('',#12117,1000.);
#7647=VECTOR('',#12118,1000.);
#7648=VECTOR('',#12119,1000.);
#7649=VECTOR('',#12120,1000.);
#7650=VECTOR('',#12121,1000.);
#7651=VECTOR('',#12122,1000.);
#7652=VECTOR('',#12123,1000.);
#7653=VECTOR('',#12124,1000.);
#7654=VECTOR('',#12125,1000.);
#7655=VECTOR('',#12126,1000.);
#7656=VECTOR('',#12127,1000.);
#7657=VECTOR('',#12128,1000.);
#7658=VECTOR('',#12129,1000.);
#7659=VECTOR('',#12130,1000.);
#7660=VECTOR('',#12131,1000.);
#7661=VECTOR('',#12132,1000.);
#7662=VECTOR('',#12133,1000.);
#7663=VECTOR('',#12134,1000.);
#7664=VECTOR('',#12135,1000.);
#7665=VECTOR('',#12136,1000.);
#7666=VECTOR('',#12137,1000.);
#7667=VECTOR('',#12138,1000.);
#7668=VECTOR('',#12139,1000.);
#7669=VECTOR('',#12140,1000.);
#7670=VECTOR('',#12141,1000.);
#7671=VECTOR('',#12142,1000.);
#7672=VECTOR('',#12143,1000.);
#7673=VECTOR('',#12144,1000.);
#7674=VECTOR('',#12145,1000.);
#7675=VECTOR('',#12146,1000.);
#7676=VECTOR('',#12147,1000.);
#7677=VECTOR('',#12148,1000.);
#7678=VECTOR('',#12149,1000.);
#7679=VECTOR('',#12150,1000.);
#7680=VECTOR('',#12151,1000.);
#7681=VECTOR('',#12152,1000.);
#7682=VECTOR('',#12153,1000.);
#7683=VECTOR('',#12154,1000.);
#7684=VECTOR('',#12155,1000.);
#7685=VECTOR('',#12156,1000.);
#7686=VECTOR('',#12157,1000.);
#7687=VECTOR('',#12158,1000.);
#7688=VECTOR('',#12159,1000.);
#7689=VECTOR('',#12160,1000.);
#7690=VECTOR('',#12161,1000.);
#7691=VECTOR('',#12162,1000.);
#7692=VECTOR('',#12163,1000.);
#7693=VECTOR('',#12164,1000.);
#7694=VECTOR('',#12165,1000.);
#7695=VECTOR('',#12166,1000.);
#7696=VECTOR('',#12167,1000.);
#7697=VECTOR('',#12168,1000.);
#7698=VECTOR('',#12169,1000.);
#7699=VECTOR('',#12170,1000.);
#7700=VECTOR('',#12171,1000.);
#7701=VECTOR('',#12172,1000.);
#7702=VECTOR('',#12173,1000.);
#7703=VECTOR('',#12174,1000.);
#7704=VECTOR('',#12175,1000.);
#7705=VECTOR('',#12176,1000.);
#7706=VECTOR('',#12177,1000.);
#7707=VECTOR('',#12178,1000.);
#7708=VECTOR('',#12179,1000.);
#7709=VECTOR('',#12180,1000.);
#7710=VECTOR('',#12181,1000.);
#7711=VECTOR('',#12182,1000.);
#7712=VECTOR('',#12183,1000.);
#7713=VECTOR('',#12184,1000.);
#7714=VECTOR('',#12185,1000.);
#7715=VECTOR('',#12186,1000.);
#7716=VECTOR('',#12187,1000.);
#7717=VECTOR('',#12188,1000.);
#7718=VECTOR('',#12189,1000.);
#7719=VECTOR('',#12190,1000.);
#7720=VECTOR('',#12191,1000.);
#7721=VECTOR('',#12192,1000.);
#7722=VECTOR('',#12193,1000.);
#7723=VECTOR('',#12194,1000.);
#7724=VECTOR('',#12195,1000.);
#7725=VECTOR('',#12196,1000.);
#7726=VECTOR('',#12197,1000.);
#7727=VECTOR('',#12198,1000.);
#7728=VECTOR('',#12199,1000.);
#7729=VECTOR('',#12200,1000.);
#7730=VECTOR('',#12201,1000.);
#7731=VECTOR('',#12202,1000.);
#7732=VECTOR('',#12203,1000.);
#7733=VECTOR('',#12204,1000.);
#7734=VECTOR('',#12205,1000.);
#7735=VECTOR('',#12206,1000.);
#7736=VECTOR('',#12207,1000.);
#7737=VECTOR('',#12208,1000.);
#7738=VECTOR('',#12209,1000.);
#7739=VECTOR('',#12210,1000.);
#7740=VECTOR('',#12211,1000.);
#7741=VECTOR('',#12212,1000.);
#7742=VECTOR('',#12213,1000.);
#7743=VECTOR('',#12214,1000.);
#7744=VECTOR('',#12215,1000.);
#7745=VECTOR('',#12216,1000.);
#7746=VECTOR('',#12217,1000.);
#7747=VECTOR('',#12218,1000.);
#7748=VECTOR('',#12219,1000.);
#7749=VECTOR('',#12220,1000.);
#7750=VECTOR('',#12221,1000.);
#7751=VECTOR('',#12222,1000.);
#7752=VECTOR('',#12223,1000.);
#7753=VECTOR('',#12224,1000.);
#7754=VECTOR('',#12225,1000.);
#7755=VECTOR('',#12226,1000.);
#7756=VECTOR('',#12227,1000.);
#7757=VECTOR('',#12228,1000.);
#7758=VECTOR('',#12229,1000.);
#7759=VECTOR('',#12230,1000.);
#7760=VECTOR('',#12231,1000.);
#7761=VECTOR('',#12232,1000.);
#7762=VECTOR('',#12233,1000.);
#7763=VECTOR('',#12234,1000.);
#7764=VECTOR('',#12235,1000.);
#7765=VECTOR('',#12236,1000.);
#7766=VECTOR('',#12237,1000.);
#7767=VECTOR('',#12238,1000.);
#7768=VECTOR('',#12239,1000.);
#7769=VECTOR('',#12240,1000.);
#7770=VECTOR('',#12241,1000.);
#7771=VECTOR('',#12242,1000.);
#7772=VECTOR('',#12243,1000.);
#7773=VECTOR('',#12244,1000.);
#7774=VECTOR('',#12245,1000.);
#7775=VECTOR('',#12246,1000.);
#7776=VECTOR('',#12247,1000.);
#7777=VECTOR('',#12248,1000.);
#7778=VECTOR('',#12249,1000.);
#7779=VECTOR('',#12250,1000.);
#7780=VECTOR('',#12251,1000.);
#7781=VECTOR('',#12252,1000.);
#7782=VECTOR('',#12253,1000.);
#7783=VECTOR('',#12254,1000.);
#7784=VECTOR('',#12255,1000.);
#7785=VECTOR('',#12256,1000.);
#7786=VECTOR('',#12257,1000.);
#7787=VECTOR('',#12258,1000.);
#7788=VECTOR('',#12259,1000.);
#7789=VECTOR('',#12260,1000.);
#7790=VECTOR('',#12261,1000.);
#7791=VECTOR('',#12262,1000.);
#7792=VECTOR('',#12263,1000.);
#7793=VECTOR('',#12264,1000.);
#7794=VECTOR('',#12265,1000.);
#7795=VECTOR('',#12266,1000.);
#7796=VECTOR('',#12267,1000.);
#7797=VECTOR('',#12268,1000.);
#7798=VECTOR('',#12269,1000.);
#7799=VECTOR('',#12270,1000.);
#7800=VECTOR('',#12271,1000.);
#7801=VECTOR('',#12272,1000.);
#7802=VECTOR('',#12273,1000.);
#7803=VECTOR('',#12274,1000.);
#7804=VECTOR('',#12275,1000.);
#7805=VECTOR('',#12276,1000.);
#7806=VECTOR('',#12277,1000.);
#7807=VECTOR('',#12278,1000.);
#7808=VECTOR('',#12279,1000.);
#7809=VECTOR('',#12280,1000.);
#7810=VECTOR('',#12281,1000.);
#7811=VECTOR('',#12282,1000.);
#7812=VECTOR('',#12283,1000.);
#7813=VECTOR('',#12284,1000.);
#7814=VECTOR('',#12285,1000.);
#7815=VECTOR('',#12286,1000.);
#7816=VECTOR('',#12287,1000.);
#7817=VECTOR('',#12288,1000.);
#7818=VECTOR('',#12289,1000.);
#7819=VECTOR('',#12290,1000.);
#7820=VECTOR('',#12291,1000.);
#7821=VECTOR('',#12292,1000.);
#7822=VECTOR('',#12293,1000.);
#7823=VECTOR('',#12294,1000.);
#7824=VECTOR('',#12295,1000.);
#7825=VECTOR('',#12296,1000.);
#7826=VECTOR('',#12297,1000.);
#7827=VECTOR('',#12298,1000.);
#7828=VECTOR('',#12299,1000.);
#7829=VECTOR('',#12300,1000.);
#7830=VECTOR('',#12301,1000.);
#7831=VECTOR('',#12302,1000.);
#7832=VECTOR('',#12303,1000.);
#7833=VECTOR('',#12304,1000.);
#7834=VECTOR('',#12305,1000.);
#7835=VECTOR('',#12306,1000.);
#7836=VECTOR('',#12307,1000.);
#7837=VECTOR('',#12308,1000.);
#7838=VECTOR('',#12309,1000.);
#7839=VECTOR('',#12310,1000.);
#7840=VECTOR('',#12311,1000.);
#7841=VECTOR('',#12312,1000.);
#7842=VECTOR('',#12313,1000.);
#7843=VECTOR('',#12314,1000.);
#7844=VECTOR('',#12315,1000.);
#7845=VECTOR('',#12316,1000.);
#7846=VECTOR('',#12317,1000.);
#7847=VECTOR('',#12318,1000.);
#7848=VECTOR('',#12319,1000.);
#7849=VECTOR('',#12320,1000.);
#7850=VECTOR('',#12321,1000.);
#7851=VECTOR('',#12322,1000.);
#7852=VECTOR('',#12323,1000.);
#7853=VECTOR('',#12324,1000.);
#7854=VECTOR('',#12325,1000.);
#7855=VECTOR('',#12326,1000.);
#7856=VECTOR('',#12327,1000.);
#7857=VECTOR('',#12328,1000.);
#7858=VECTOR('',#12329,1000.);
#7859=VECTOR('',#12330,1000.);
#7860=VECTOR('',#12331,1000.);
#7861=VECTOR('',#12332,1000.);
#7862=VECTOR('',#12333,1000.);
#7863=VECTOR('',#12334,1000.);
#7864=VECTOR('',#12335,1000.);
#7865=VECTOR('',#12336,1000.);
#7866=VECTOR('',#12337,1000.);
#7867=VECTOR('',#12338,1000.);
#7868=VECTOR('',#12339,1000.);
#7869=VECTOR('',#12340,1000.);
#7870=VECTOR('',#12341,1000.);
#7871=VECTOR('',#12342,1000.);
#7872=VECTOR('',#12343,1000.);
#7873=VECTOR('',#12344,1000.);
#7874=VECTOR('',#12345,1000.);
#7875=VECTOR('',#12346,1000.);
#7876=VECTOR('',#12347,1000.);
#7877=VECTOR('',#12348,1000.);
#7878=VECTOR('',#12349,1000.);
#7879=VECTOR('',#12350,1000.);
#7880=VECTOR('',#12351,1000.);
#7881=VECTOR('',#12352,1000.);
#7882=VECTOR('',#12353,1000.);
#7883=VECTOR('',#12354,1000.);
#7884=VECTOR('',#12355,1000.);
#7885=VECTOR('',#12356,1000.);
#7886=VECTOR('',#12357,1000.);
#7887=VECTOR('',#12358,1000.);
#7888=VECTOR('',#12359,1000.);
#7889=VECTOR('',#12360,1000.);
#7890=VECTOR('',#12361,1000.);
#7891=VECTOR('',#12362,1000.);
#7892=VECTOR('',#12363,1000.);
#7893=VECTOR('',#12364,1000.);
#7894=VECTOR('',#12365,1000.);
#7895=VECTOR('',#12366,1000.);
#7896=VECTOR('',#12367,1000.);
#7897=VECTOR('',#12368,1000.);
#7898=VECTOR('',#12369,1000.);
#7899=VECTOR('',#12370,1000.);
#7900=VECTOR('',#12371,1000.);
#7901=VECTOR('',#12372,1000.);
#7902=VECTOR('',#12373,1000.);
#7903=VECTOR('',#12374,1000.);
#7904=VECTOR('',#12375,1000.);
#7905=VECTOR('',#12376,1000.);
#7906=VECTOR('',#12377,1000.);
#7907=VECTOR('',#12378,1000.);
#7908=VECTOR('',#12379,1000.);
#7909=VECTOR('',#12380,1000.);
#7910=VECTOR('',#12381,1000.);
#7911=VECTOR('',#12382,1000.);
#7912=VECTOR('',#12383,1000.);
#7913=VECTOR('',#12384,1000.);
#7914=VECTOR('',#12385,1000.);
#7915=VECTOR('',#12386,1000.);
#7916=VECTOR('',#12387,1000.);
#7917=VECTOR('',#12388,1000.);
#7918=VECTOR('',#12389,1000.);
#7919=VECTOR('',#12390,1000.);
#7920=VECTOR('',#12391,1000.);
#7921=VECTOR('',#12392,1000.);
#7922=VECTOR('',#12393,1000.);
#7923=VECTOR('',#12394,1000.);
#7924=VECTOR('',#12395,1000.);
#7925=VECTOR('',#12396,1000.);
#7926=VECTOR('',#12397,1000.);
#7927=VECTOR('',#12398,1000.);
#7928=VECTOR('',#12399,1000.);
#7929=VECTOR('',#12400,1000.);
#7930=VECTOR('',#12401,1000.);
#7931=VECTOR('',#12402,1000.);
#7932=VECTOR('',#12403,1000.);
#7933=VECTOR('',#12404,1000.);
#7934=VECTOR('',#12405,1000.);
#7935=VECTOR('',#12406,1000.);
#7936=VECTOR('',#12407,1000.);
#7937=VECTOR('',#12408,1000.);
#7938=VECTOR('',#12409,1000.);
#7939=VECTOR('',#12410,1000.);
#7940=VECTOR('',#12411,1000.);
#7941=VECTOR('',#12412,1000.);
#7942=VECTOR('',#12413,1000.);
#7943=VECTOR('',#12414,1000.);
#7944=VECTOR('',#12415,1000.);
#7945=VECTOR('',#12416,1000.);
#7946=VECTOR('',#12417,1000.);
#7947=VECTOR('',#12418,1000.);
#7948=VECTOR('',#12419,1000.);
#7949=VECTOR('',#12420,1000.);
#7950=VECTOR('',#12421,1000.);
#7951=VECTOR('',#12422,1000.);
#7952=VECTOR('',#12423,1000.);
#7953=VECTOR('',#12424,1000.);
#7954=VECTOR('',#12425,1000.);
#7955=VECTOR('',#12426,1000.);
#7956=VECTOR('',#12427,1000.);
#7957=VECTOR('',#12428,1000.);
#7958=VECTOR('',#12429,1000.);
#7959=VECTOR('',#12430,1000.);
#7960=VECTOR('',#12431,1000.);
#7961=VECTOR('',#12432,1000.);
#7962=VECTOR('',#12433,1000.);
#7963=VECTOR('',#12434,1000.);
#7964=VECTOR('',#12435,1000.);
#7965=VECTOR('',#12436,1000.);
#7966=VECTOR('',#12437,1000.);
#7967=VECTOR('',#12438,1000.);
#7968=VECTOR('',#12439,1000.);
#7969=VECTOR('',#12440,1000.);
#7970=VECTOR('',#12441,1000.);
#7971=VECTOR('',#12442,1000.);
#7972=VECTOR('',#12443,1000.);
#7973=VECTOR('',#12444,1000.);
#7974=VECTOR('',#12445,1000.);
#7975=VECTOR('',#12446,1000.);
#7976=VECTOR('',#12447,1000.);
#7977=VECTOR('',#12448,1000.);
#7978=VECTOR('',#12449,1000.);
#7979=VECTOR('',#12450,1000.);
#7980=VECTOR('',#12451,1000.);
#7981=VECTOR('',#12452,1000.);
#7982=VECTOR('',#12453,1000.);
#7983=VECTOR('',#12454,1000.);
#7984=VECTOR('',#12455,1000.);
#7985=VECTOR('',#12456,1000.);
#7986=VECTOR('',#12457,1000.);
#7987=VECTOR('',#12458,1000.);
#7988=VECTOR('',#12459,1000.);
#7989=VECTOR('',#12460,1000.);
#7990=VECTOR('',#12461,1000.);
#7991=VECTOR('',#12462,1000.);
#7992=VECTOR('',#12463,1000.);
#7993=VECTOR('',#12464,1000.);
#7994=VECTOR('',#12465,1000.);
#7995=VECTOR('',#12466,1000.);
#7996=VECTOR('',#12467,1000.);
#7997=VECTOR('',#12468,1000.);
#7998=VECTOR('',#12469,1000.);
#7999=VECTOR('',#12470,1000.);
#8000=VECTOR('',#12471,1000.);
#8001=VECTOR('',#12472,1000.);
#8002=VECTOR('',#12473,1000.);
#8003=VECTOR('',#12474,1000.);
#8004=VECTOR('',#12475,1000.);
#8005=VECTOR('',#12476,1000.);
#8006=VECTOR('',#12477,1000.);
#8007=VECTOR('',#12478,1000.);
#8008=VECTOR('',#12479,1000.);
#8009=VECTOR('',#12480,1000.);
#8010=VECTOR('',#12481,1000.);
#8011=VECTOR('',#12482,1000.);
#8012=VECTOR('',#12483,1000.);
#8013=VECTOR('',#12484,1000.);
#8014=VECTOR('',#12485,1000.);
#8015=VECTOR('',#12486,1000.);
#8016=VECTOR('',#12487,1000.);
#8017=VECTOR('',#12488,1000.);
#8018=VECTOR('',#12489,1000.);
#8019=VECTOR('',#12490,1000.);
#8020=VECTOR('',#12491,1000.);
#8021=VECTOR('',#12492,1000.);
#8022=VECTOR('',#12493,1000.);
#8023=VECTOR('',#12494,1000.);
#8024=VECTOR('',#12495,1000.);
#8025=VECTOR('',#12496,1000.);
#8026=VECTOR('',#12497,1000.);
#8027=VECTOR('',#12498,1000.);
#8028=VECTOR('',#12499,1000.);
#8029=VECTOR('',#12500,1000.);
#8030=VECTOR('',#12501,1000.);
#8031=VECTOR('',#12502,1000.);
#8032=VECTOR('',#12503,1000.);
#8033=VECTOR('',#12504,1000.);
#8034=VECTOR('',#12505,1000.);
#8035=VECTOR('',#12506,1000.);
#8036=VECTOR('',#12507,1000.);
#8037=VECTOR('',#12508,1000.);
#8038=VECTOR('',#12509,1000.);
#8039=VECTOR('',#12510,1000.);
#8040=VECTOR('',#12511,1000.);
#8041=VECTOR('',#12512,1000.);
#8042=VECTOR('',#12513,1000.);
#8043=VECTOR('',#12514,1000.);
#8044=VECTOR('',#12515,1000.);
#8045=VECTOR('',#12516,1000.);
#8046=VECTOR('',#12517,1000.);
#8047=VECTOR('',#12518,1000.);
#8048=VECTOR('',#12519,1000.);
#8049=VECTOR('',#12520,1000.);
#8050=VECTOR('',#12521,1000.);
#8051=VECTOR('',#12522,1000.);
#8052=VECTOR('',#12523,1000.);
#8053=VECTOR('',#12524,1000.);
#8054=VECTOR('',#12525,1000.);
#8055=VECTOR('',#12526,1000.);
#8056=VECTOR('',#12527,1000.);
#8057=VECTOR('',#12528,1000.);
#8058=VECTOR('',#12529,1000.);
#8059=VECTOR('',#12530,1000.);
#8060=VECTOR('',#12531,1000.);
#8061=VECTOR('',#12532,1000.);
#8062=VECTOR('',#12533,1000.);
#8063=VECTOR('',#12534,1000.);
#8064=VECTOR('',#12535,1000.);
#8065=VECTOR('',#12536,1000.);
#8066=VECTOR('',#12537,1000.);
#8067=VECTOR('',#12538,1000.);
#8068=VECTOR('',#12539,1000.);
#8069=VECTOR('',#12540,1000.);
#8070=VECTOR('',#12541,1000.);
#8071=VECTOR('',#12542,1000.);
#8072=VECTOR('',#12543,1000.);
#8073=VECTOR('',#12544,1000.);
#8074=VECTOR('',#12545,1000.);
#8075=VECTOR('',#12546,1000.);
#8076=VECTOR('',#12547,1000.);
#8077=VECTOR('',#12548,1000.);
#8078=VECTOR('',#12549,1000.);
#8079=VECTOR('',#12550,1000.);
#8080=VECTOR('',#12551,1000.);
#8081=VECTOR('',#12552,1000.);
#8082=VECTOR('',#12553,1000.);
#8083=VECTOR('',#12554,1000.);
#8084=VECTOR('',#12555,1000.);
#8085=VECTOR('',#12556,1000.);
#8086=VECTOR('',#12557,1000.);
#8087=VECTOR('',#12558,1000.);
#8088=VECTOR('',#12559,1000.);
#8089=VECTOR('',#12560,1000.);
#8090=VECTOR('',#12561,1000.);
#8091=VECTOR('',#12562,1000.);
#8092=VECTOR('',#12563,1000.);
#8093=VECTOR('',#12564,1000.);
#8094=VECTOR('',#12565,1000.);
#8095=VECTOR('',#12566,1000.);
#8096=VECTOR('',#12567,1000.);
#8097=VECTOR('',#12568,1000.);
#8098=VECTOR('',#12569,1000.);
#8099=VECTOR('',#12570,1000.);
#8100=VECTOR('',#12571,1000.);
#8101=VECTOR('',#12572,1000.);
#8102=VECTOR('',#12573,1000.);
#8103=VECTOR('',#12574,1000.);
#8104=VECTOR('',#12575,1000.);
#8105=VECTOR('',#12576,1000.);
#8106=VECTOR('',#12577,1000.);
#8107=VECTOR('',#12578,1000.);
#8108=VECTOR('',#12579,1000.);
#8109=VECTOR('',#12580,1000.);
#8110=VECTOR('',#12581,1000.);
#8111=VECTOR('',#12582,1000.);
#8112=VECTOR('',#12583,1000.);
#8113=VECTOR('',#12584,1000.);
#8114=VECTOR('',#12585,1000.);
#8115=VECTOR('',#12586,1000.);
#8116=VECTOR('',#12587,1000.);
#8117=VECTOR('',#12588,1000.);
#8118=VECTOR('',#12589,1000.);
#8119=VECTOR('',#12590,1000.);
#8120=VECTOR('',#12591,1000.);
#8121=VECTOR('',#12592,1000.);
#8122=VECTOR('',#12593,1000.);
#8123=VECTOR('',#12594,1000.);
#8124=VECTOR('',#12595,1000.);
#8125=VECTOR('',#12596,1000.);
#8126=VECTOR('',#12597,1000.);
#8127=VECTOR('',#12598,1000.);
#8128=VECTOR('',#12599,1000.);
#8129=VECTOR('',#12600,1000.);
#8130=VECTOR('',#12601,1000.);
#8131=VECTOR('',#12602,1000.);
#8132=VECTOR('',#12603,1000.);
#8133=VECTOR('',#12604,1000.);
#8134=VECTOR('',#12605,1000.);
#8135=VECTOR('',#12606,1000.);
#8136=VECTOR('',#12607,1000.);
#8137=VECTOR('',#12608,1000.);
#8138=VECTOR('',#12609,1000.);
#8139=VECTOR('',#12610,1000.);
#8140=VECTOR('',#12611,1000.);
#8141=VECTOR('',#12612,1000.);
#8142=VECTOR('',#12613,1000.);
#8143=VECTOR('',#12614,1000.);
#8144=VECTOR('',#12615,1000.);
#8145=VECTOR('',#12616,1000.);
#8146=VECTOR('',#12617,1000.);
#8147=VECTOR('',#12618,1000.);
#8148=VECTOR('',#12619,1000.);
#8149=VECTOR('',#12620,1000.);
#8150=VECTOR('',#12621,1000.);
#8151=VECTOR('',#12622,1000.);
#8152=VECTOR('',#12623,1000.);
#8153=VECTOR('',#12624,1000.);
#8154=VECTOR('',#12625,1000.);
#8155=VECTOR('',#12626,1000.);
#8156=VECTOR('',#12627,1000.);
#8157=VECTOR('',#12628,1000.);
#8158=VECTOR('',#12629,1000.);
#8159=VECTOR('',#12630,1000.);
#8160=VECTOR('',#12631,1000.);
#8161=VECTOR('',#12632,1000.);
#8162=VECTOR('',#12633,1000.);
#8163=VECTOR('',#12634,1000.);
#8164=VECTOR('',#12635,1000.);
#8165=VECTOR('',#12636,1000.);
#8166=VECTOR('',#12637,1000.);
#8167=VECTOR('',#12638,1000.);
#8168=VECTOR('',#12639,1000.);
#8169=VECTOR('',#12640,1000.);
#8170=VECTOR('',#12641,1000.);
#8171=VECTOR('',#12642,1000.);
#8172=VECTOR('',#12643,1000.);
#8173=VECTOR('',#12644,1000.);
#8174=VECTOR('',#12645,1000.);
#8175=VECTOR('',#12646,1000.);
#8176=VECTOR('',#12647,1000.);
#8177=VECTOR('',#12648,1000.);
#8178=VECTOR('',#12649,1000.);
#8179=VECTOR('',#12650,1000.);
#8180=VECTOR('',#12651,1000.);
#8181=VECTOR('',#12652,1000.);
#8182=VECTOR('',#12653,1000.);
#8183=VECTOR('',#12654,1000.);
#8184=VECTOR('',#12655,1000.);
#8185=VECTOR('',#12656,1000.);
#8186=VECTOR('',#12657,1000.);
#8187=VECTOR('',#12658,1000.);
#8188=VECTOR('',#12659,1000.);
#8189=VECTOR('',#12660,1000.);
#8190=VECTOR('',#12661,1000.);
#8191=VECTOR('',#12662,1000.);
#8192=VECTOR('',#12663,1000.);
#8193=VECTOR('',#12664,1000.);
#8194=VECTOR('',#12665,1000.);
#8195=VECTOR('',#12666,1000.);
#8196=VECTOR('',#12667,1000.);
#8197=VECTOR('',#12668,1000.);
#8198=VECTOR('',#12669,1000.);
#8199=VECTOR('',#12670,1000.);
#8200=VECTOR('',#12671,1000.);
#8201=VECTOR('',#12672,1000.);
#8202=VECTOR('',#12673,1000.);
#8203=VECTOR('',#12674,1000.);
#8204=VECTOR('',#12675,1000.);
#8205=VECTOR('',#12676,1000.);
#8206=VECTOR('',#12677,1000.);
#8207=VECTOR('',#12678,1000.);
#8208=VECTOR('',#12679,1000.);
#8209=VECTOR('',#12680,1000.);
#8210=VECTOR('',#12681,1000.);
#8211=VECTOR('',#12682,1000.);
#8212=VECTOR('',#12683,1000.);
#8213=VECTOR('',#12684,1000.);
#8214=VECTOR('',#12685,1000.);
#8215=VECTOR('',#12686,1000.);
#8216=VECTOR('',#12687,1000.);
#8217=VECTOR('',#12688,1000.);
#8218=VECTOR('',#12689,1000.);
#8219=VECTOR('',#12690,1000.);
#8220=VECTOR('',#12691,1000.);
#8221=VECTOR('',#12692,1000.);
#8222=VECTOR('',#12693,1000.);
#8223=VECTOR('',#12694,1000.);
#8224=VECTOR('',#12695,1000.);
#8225=VECTOR('',#12696,1000.);
#8226=VECTOR('',#12697,1000.);
#8227=VECTOR('',#12698,1000.);
#8228=VECTOR('',#12699,1000.);
#8229=VECTOR('',#12700,1000.);
#8230=VECTOR('',#12701,1000.);
#8231=VECTOR('',#12702,1000.);
#8232=VECTOR('',#12703,1000.);
#8233=VECTOR('',#12704,1000.);
#8234=VECTOR('',#12705,1000.);
#8235=VECTOR('',#12706,1000.);
#8236=VECTOR('',#12707,1000.);
#8237=VECTOR('',#12708,1000.);
#8238=VECTOR('',#12709,1000.);
#8239=VECTOR('',#12710,1000.);
#8240=VECTOR('',#12711,1000.);
#8241=VECTOR('',#12712,1000.);
#8242=VECTOR('',#12713,1000.);
#8243=VECTOR('',#12714,1000.);
#8244=VECTOR('',#12715,1000.);
#8245=VECTOR('',#12716,1000.);
#8246=VECTOR('',#12717,1000.);
#8247=VECTOR('',#12718,1000.);
#8248=VECTOR('',#12719,1000.);
#8249=VECTOR('',#12720,1000.);
#8250=VECTOR('',#12721,1000.);
#8251=VECTOR('',#12722,1000.);
#8252=VECTOR('',#12723,1000.);
#8253=VECTOR('',#12724,1000.);
#8254=VECTOR('',#12725,1000.);
#8255=VECTOR('',#12726,1000.);
#8256=VECTOR('',#12727,1000.);
#8257=VECTOR('',#12728,1000.);
#8258=VECTOR('',#12729,1000.);
#8259=VECTOR('',#12730,1000.);
#8260=VECTOR('',#12731,1000.);
#8261=VECTOR('',#12732,1000.);
#8262=VECTOR('',#12733,1000.);
#8263=VECTOR('',#12734,1000.);
#8264=VECTOR('',#12735,1000.);
#8265=VECTOR('',#12736,1000.);
#8266=VECTOR('',#12737,1000.);
#8267=VECTOR('',#12738,1000.);
#8268=VECTOR('',#12739,1000.);
#8269=VECTOR('',#12740,1000.);
#8270=VECTOR('',#12741,1000.);
#8271=VECTOR('',#12742,1000.);
#8272=VECTOR('',#12743,1000.);
#8273=VECTOR('',#12744,1000.);
#8274=VECTOR('',#12745,1000.);
#8275=VECTOR('',#12746,1000.);
#8276=VECTOR('',#12747,1000.);
#8277=VECTOR('',#12748,1000.);
#8278=VECTOR('',#12749,1000.);
#8279=VECTOR('',#12750,1000.);
#8280=VECTOR('',#12751,1000.);
#8281=VECTOR('',#12752,1000.);
#8282=VECTOR('',#12753,1000.);
#8283=VECTOR('',#12754,1000.);
#8284=VECTOR('',#12755,1000.);
#8285=VECTOR('',#12756,1000.);
#8286=VECTOR('',#12757,1000.);
#8287=VECTOR('',#12758,1000.);
#8288=VECTOR('',#12759,1000.);
#8289=VECTOR('',#12760,1000.);
#8290=VECTOR('',#12761,1000.);
#8291=VECTOR('',#12762,1000.);
#8292=VECTOR('',#12763,1000.);
#8293=VECTOR('',#12764,1000.);
#8294=VECTOR('',#12765,1000.);
#8295=VECTOR('',#12766,1000.);
#8296=VECTOR('',#12767,1000.);
#8297=VECTOR('',#12768,1000.);
#8298=VECTOR('',#12769,1000.);
#8299=VECTOR('',#12770,1000.);
#8300=VECTOR('',#12771,1000.);
#8301=VECTOR('',#12772,1000.);
#8302=VECTOR('',#12773,1000.);
#8303=VECTOR('',#12774,1000.);
#8304=VECTOR('',#12775,1000.);
#8305=VECTOR('',#12776,1000.);
#8306=VECTOR('',#12777,1000.);
#8307=VECTOR('',#12778,1000.);
#8308=VECTOR('',#12779,1000.);
#8309=VECTOR('',#12780,1000.);
#8310=VECTOR('',#12781,1000.);
#8311=VECTOR('',#12782,1000.);
#8312=VECTOR('',#12783,1000.);
#8313=VECTOR('',#12784,1000.);
#8314=VECTOR('',#12785,1000.);
#8315=VECTOR('',#12786,1000.);
#8316=VECTOR('',#12787,1000.);
#8317=VECTOR('',#12788,1000.);
#8318=VECTOR('',#12789,1000.);
#8319=VECTOR('',#12790,1000.);
#8320=VECTOR('',#12791,1000.);
#8321=VECTOR('',#12792,1000.);
#8322=VECTOR('',#12793,1000.);
#8323=VECTOR('',#12794,1000.);
#8324=VECTOR('',#12795,1000.);
#8325=VECTOR('',#12796,1000.);
#8326=VECTOR('',#12797,1000.);
#8327=VECTOR('',#12798,1000.);
#8328=VECTOR('',#12799,1000.);
#8329=VECTOR('',#12800,1000.);
#8330=VECTOR('',#12801,1000.);
#8331=VECTOR('',#12802,1000.);
#8332=VECTOR('',#12803,1000.);
#8333=VECTOR('',#12804,1000.);
#8334=VECTOR('',#12805,1000.);
#8335=VECTOR('',#12806,1000.);
#8336=VECTOR('',#12807,1000.);
#8337=VECTOR('',#12808,1000.);
#8338=VECTOR('',#12809,1000.);
#8339=VECTOR('',#12810,1000.);
#8340=VECTOR('',#12811,1000.);
#8341=VECTOR('',#12812,1000.);
#8342=VECTOR('',#12813,1000.);
#8343=VECTOR('',#12814,1000.);
#8344=VECTOR('',#12815,1000.);
#8345=VECTOR('',#12816,1000.);
#8346=VECTOR('',#12817,1000.);
#8347=VECTOR('',#12818,1000.);
#8348=VECTOR('',#12819,1000.);
#8349=VECTOR('',#12820,1000.);
#8350=VECTOR('',#12821,1000.);
#8351=VECTOR('',#12822,1000.);
#8352=VECTOR('',#12823,1000.);
#8353=VECTOR('',#12824,1000.);
#8354=VECTOR('',#12825,1000.);
#8355=VECTOR('',#12826,1000.);
#8356=VECTOR('',#12827,1000.);
#8357=VECTOR('',#12828,1000.);
#8358=VECTOR('',#12829,1000.);
#8359=VECTOR('',#12830,1000.);
#8360=VECTOR('',#12831,1000.);
#8361=VECTOR('',#12832,1000.);
#8362=VECTOR('',#12833,1000.);
#8363=VECTOR('',#12834,1000.);
#8364=VECTOR('',#12835,1000.);
#8365=VECTOR('',#12836,1000.);
#8366=VECTOR('',#12837,1000.);
#8367=VECTOR('',#12838,1000.);
#8368=VECTOR('',#12839,1000.);
#8369=VECTOR('',#12840,1000.);
#8370=VECTOR('',#12841,1000.);
#8371=VECTOR('',#12842,1000.);
#8372=VECTOR('',#12843,1000.);
#8373=VECTOR('',#12844,1000.);
#8374=VECTOR('',#12845,1000.);
#8375=VECTOR('',#12846,1000.);
#8376=VECTOR('',#12847,1000.);
#8377=VECTOR('',#12848,1000.);
#8378=VECTOR('',#12849,1000.);
#8379=VECTOR('',#12850,1000.);
#8380=VECTOR('',#12851,1000.);
#8381=VECTOR('',#12852,1000.);
#8382=VECTOR('',#12853,1000.);
#8383=VECTOR('',#12854,1000.);
#8384=VECTOR('',#12855,1000.);
#8385=VECTOR('',#12856,1000.);
#8386=VECTOR('',#12857,1000.);
#8387=VECTOR('',#12858,1000.);
#8388=VECTOR('',#12859,1000.);
#8389=VECTOR('',#12860,1000.);
#8390=VECTOR('',#12861,1000.);
#8391=VECTOR('',#12862,1000.);
#8392=VECTOR('',#12863,1000.);
#8393=VECTOR('',#12864,1000.);
#8394=VECTOR('',#12865,1000.);
#8395=VECTOR('',#12866,1000.);
#8396=VECTOR('',#12867,1000.);
#8397=VECTOR('',#12868,1000.);
#8398=VECTOR('',#12869,1000.);
#8399=VECTOR('',#12870,1000.);
#8400=VECTOR('',#12871,1000.);
#8401=VECTOR('',#12872,1000.);
#8402=VECTOR('',#12873,1000.);
#8403=VECTOR('',#12874,1000.);
#8404=VECTOR('',#12875,1000.);
#8405=VECTOR('',#12876,1000.);
#8406=VECTOR('',#12877,1000.);
#8407=VECTOR('',#12878,1000.);
#8408=VECTOR('',#12879,1000.);
#8409=VECTOR('',#12880,1000.);
#8410=VECTOR('',#12881,1000.);
#8411=VECTOR('',#12882,1000.);
#8412=VECTOR('',#12883,1000.);
#8413=VECTOR('',#12884,1000.);
#8414=VECTOR('',#12885,1000.);
#8415=VECTOR('',#12886,1000.);
#8416=VECTOR('',#12887,1000.);
#8417=VECTOR('',#12888,1000.);
#8418=VECTOR('',#12889,1000.);
#8419=VECTOR('',#12890,1000.);
#8420=VECTOR('',#12891,1000.);
#8421=VECTOR('',#12892,1000.);
#8422=VECTOR('',#12893,1000.);
#8423=VECTOR('',#12894,1000.);
#8424=VECTOR('',#12895,1000.);
#8425=VECTOR('',#12896,1000.);
#8426=VECTOR('',#12897,1000.);
#8427=VECTOR('',#12898,1000.);
#8428=VECTOR('',#12899,1000.);
#8429=VECTOR('',#12900,1000.);
#8430=VECTOR('',#12901,1000.);
#8431=VECTOR('',#12902,1000.);
#8432=VECTOR('',#12903,1000.);
#8433=VECTOR('',#12904,1000.);
#8434=VECTOR('',#12905,1000.);
#8435=VECTOR('',#12906,1000.);
#8436=VECTOR('',#12907,1000.);
#8437=VECTOR('',#12908,1000.);
#8438=VECTOR('',#12909,1000.);
#8439=VECTOR('',#12910,1000.);
#8440=VECTOR('',#12911,1000.);
#8441=VECTOR('',#12912,1000.);
#8442=VECTOR('',#12913,1000.);
#8443=VECTOR('',#12914,1000.);
#8444=VECTOR('',#12915,1000.);
#8445=VECTOR('',#12916,1000.);
#8446=VECTOR('',#12917,1000.);
#8447=VECTOR('',#12918,1000.);
#8448=VECTOR('',#12919,1000.);
#8449=VECTOR('',#12920,1000.);
#8450=VECTOR('',#12921,1000.);
#8451=VECTOR('',#12922,1000.);
#8452=VECTOR('',#12923,1000.);
#8453=VECTOR('',#12924,1000.);
#8454=VECTOR('',#12925,1000.);
#8455=VECTOR('',#12926,1000.);
#8456=VECTOR('',#12927,1000.);
#8457=VECTOR('',#12928,1000.);
#8458=VECTOR('',#12929,1000.);
#8459=VECTOR('',#12930,1000.);
#8460=VECTOR('',#12931,1000.);
#8461=VECTOR('',#12932,1000.);
#8462=VECTOR('',#12933,1000.);
#8463=VECTOR('',#12934,1000.);
#8464=VECTOR('',#12935,1000.);
#8465=VECTOR('',#12936,1000.);
#8466=VECTOR('',#12937,1000.);
#8467=VECTOR('',#12938,1000.);
#8468=VECTOR('',#12939,1000.);
#8469=VECTOR('',#12940,1000.);
#8470=VECTOR('',#12941,1000.);
#8471=VECTOR('',#12942,1000.);
#8472=VECTOR('',#12943,1000.);
#8473=VECTOR('',#12944,1000.);
#8474=VECTOR('',#12945,1000.);
#8475=VECTOR('',#12946,1000.);
#8476=VECTOR('',#12947,1000.);
#8477=VECTOR('',#12948,1000.);
#8478=VECTOR('',#12949,1000.);
#8479=VECTOR('',#12950,1000.);
#8480=VECTOR('',#12951,1000.);
#8481=VECTOR('',#12952,1000.);
#8482=VECTOR('',#12953,1000.);
#8483=VECTOR('',#12954,1000.);
#8484=VECTOR('',#12955,1000.);
#8485=VECTOR('',#12956,1000.);
#8486=VECTOR('',#12957,1000.);
#8487=VECTOR('',#12958,1000.);
#8488=VECTOR('',#12959,1000.);
#8489=VECTOR('',#12960,1000.);
#8490=VECTOR('',#12961,1000.);
#8491=VECTOR('',#12962,1000.);
#8492=VECTOR('',#12963,1000.);
#8493=VECTOR('',#12964,1000.);
#8494=VECTOR('',#12965,1000.);
#8495=VECTOR('',#12966,1000.);
#8496=VECTOR('',#12967,1000.);
#8497=VECTOR('',#12968,1000.);
#8498=VECTOR('',#12969,1000.);
#8499=VECTOR('',#12970,1000.);
#8500=VECTOR('',#12971,1000.);
#8501=VECTOR('',#12972,1000.);
#8502=VECTOR('',#12973,1000.);
#8503=VECTOR('',#12974,1000.);
#8504=VECTOR('',#12975,1000.);
#8505=VECTOR('',#12976,1000.);
#8506=VECTOR('',#12977,1000.);
#8507=VECTOR('',#12978,1000.);
#8508=VECTOR('',#12979,1000.);
#8509=VECTOR('',#12980,1000.);
#8510=VECTOR('',#12981,1000.);
#8511=VECTOR('',#12982,1000.);
#8512=VECTOR('',#12983,1000.);
#8513=VECTOR('',#12984,1000.);
#8514=VECTOR('',#12985,1000.);
#8515=VECTOR('',#12986,1000.);
#8516=VECTOR('',#12987,1000.);
#8517=VECTOR('',#12988,1000.);
#8518=VECTOR('',#12989,1000.);
#8519=VECTOR('',#12990,1000.);
#8520=VECTOR('',#12991,1000.);
#8521=VECTOR('',#12992,1000.);
#8522=VECTOR('',#12993,1000.);
#8523=VECTOR('',#12994,1000.);
#8524=VECTOR('',#12995,1000.);
#8525=VECTOR('',#12996,1000.);
#8526=VECTOR('',#12997,1000.);
#8527=VECTOR('',#12998,1000.);
#8528=VECTOR('',#12999,1000.);
#8529=VECTOR('',#13000,1000.);
#8530=VECTOR('',#13001,1000.);
#8531=VECTOR('',#13002,1000.);
#8532=VECTOR('',#13003,1000.);
#8533=VECTOR('',#13004,1000.);
#8534=VECTOR('',#13005,1000.);
#8535=VECTOR('',#13006,1000.);
#8536=VECTOR('',#13007,1000.);
#8537=VECTOR('',#13008,1000.);
#8538=VECTOR('',#13009,1000.);
#8539=VECTOR('',#13010,1000.);
#8540=VECTOR('',#13011,1000.);
#8541=VECTOR('',#13012,1000.);
#8542=VECTOR('',#13013,1000.);
#8543=VECTOR('',#13014,1000.);
#8544=VECTOR('',#13015,1000.);
#8545=VECTOR('',#13016,1000.);
#8546=VECTOR('',#13017,1000.);
#8547=VECTOR('',#13018,1000.);
#8548=VECTOR('',#13019,1000.);
#8549=VECTOR('',#13020,1000.);
#8550=VECTOR('',#13021,1000.);
#8551=VECTOR('',#13022,1000.);
#8552=VECTOR('',#13023,1000.);
#8553=VECTOR('',#13024,1000.);
#8554=VECTOR('',#13025,1000.);
#8555=VECTOR('',#13026,1000.);
#8556=VECTOR('',#13027,1000.);
#8557=VECTOR('',#13028,1000.);
#8558=VECTOR('',#13029,1000.);
#8559=VECTOR('',#13030,1000.);
#8560=VECTOR('',#13031,1000.);
#8561=VECTOR('',#13032,1000.);
#8562=VECTOR('',#13033,1000.);
#8563=VECTOR('',#13034,1000.);
#8564=VECTOR('',#13035,1000.);
#8565=VECTOR('',#13036,1000.);
#8566=VECTOR('',#13037,1000.);
#8567=VECTOR('',#13038,1000.);
#8568=VECTOR('',#13039,1000.);
#8569=VECTOR('',#13040,1000.);
#8570=VECTOR('',#13041,1000.);
#8571=VECTOR('',#13042,1000.);
#8572=VECTOR('',#13043,1000.);
#8573=VECTOR('',#13044,1000.);
#8574=VECTOR('',#13045,1000.);
#8575=VECTOR('',#13046,1000.);
#8576=VECTOR('',#13047,1000.);
#8577=VECTOR('',#13048,1000.);
#8578=VECTOR('',#13049,1000.);
#8579=VECTOR('',#13050,1000.);
#8580=VECTOR('',#13051,1000.);
#8581=VECTOR('',#13052,1000.);
#8582=VECTOR('',#13053,1000.);
#8583=VECTOR('',#13054,1000.);
#8584=VECTOR('',#13055,1000.);
#8585=VECTOR('',#13056,1000.);
#8586=VECTOR('',#13057,1000.);
#8587=VECTOR('',#13058,1000.);
#8588=VECTOR('',#13059,1000.);
#8589=VECTOR('',#13060,1000.);
#8590=VECTOR('',#13061,1000.);
#8591=VECTOR('',#13062,1000.);
#8592=VECTOR('',#13063,1000.);
#8593=VECTOR('',#13064,1000.);
#8594=VECTOR('',#13065,1000.);
#8595=VECTOR('',#13066,1000.);
#8596=VECTOR('',#13067,1000.);
#8597=VECTOR('',#13068,1000.);
#8598=VECTOR('',#13069,1000.);
#8599=VECTOR('',#13070,1000.);
#8600=VECTOR('',#13071,1000.);
#8601=VECTOR('',#13072,1000.);
#8602=VECTOR('',#13073,1000.);
#8603=VECTOR('',#13074,1000.);
#8604=VECTOR('',#13075,1000.);
#8605=VECTOR('',#13076,1000.);
#8606=VECTOR('',#13077,1000.);
#8607=VECTOR('',#13078,1000.);
#8608=VECTOR('',#13079,1000.);
#8609=VECTOR('',#13080,1000.);
#8610=VECTOR('',#13081,1000.);
#8611=VECTOR('',#13082,1000.);
#8612=VECTOR('',#13083,1000.);
#8613=VECTOR('',#13084,1000.);
#8614=VECTOR('',#13085,1000.);
#8615=VECTOR('',#13086,1000.);
#8616=VECTOR('',#13087,1000.);
#8617=VECTOR('',#13088,1000.);
#8618=VECTOR('',#13089,1000.);
#8619=VECTOR('',#13090,1000.);
#8620=VECTOR('',#13091,1000.);
#8621=VECTOR('',#13092,1000.);
#8622=VECTOR('',#13093,1000.);
#8623=VECTOR('',#13094,1000.);
#8624=VECTOR('',#13095,1000.);
#8625=VECTOR('',#13096,1000.);
#8626=VECTOR('',#13097,1000.);
#8627=VECTOR('',#13098,1000.);
#8628=VECTOR('',#13099,1000.);
#8629=VECTOR('',#13100,1000.);
#8630=VECTOR('',#13101,1000.);
#8631=VECTOR('',#13102,1000.);
#8632=VECTOR('',#13103,1000.);
#8633=VECTOR('',#13104,1000.);
#8634=VECTOR('',#13105,1000.);
#8635=VECTOR('',#13106,1000.);
#8636=VECTOR('',#13107,1000.);
#8637=VECTOR('',#13108,1000.);
#8638=VECTOR('',#13109,1000.);
#8639=VECTOR('',#13110,1000.);
#8640=VECTOR('',#13111,1000.);
#8641=VECTOR('',#13112,1000.);
#8642=VECTOR('',#13113,1000.);
#8643=VECTOR('',#13114,1000.);
#8644=VECTOR('',#13115,1000.);
#8645=VECTOR('',#13116,1000.);
#8646=VECTOR('',#13117,1000.);
#8647=VECTOR('',#13118,1000.);
#8648=VECTOR('',#13119,1000.);
#8649=VECTOR('',#13120,1000.);
#8650=VECTOR('',#13121,1000.);
#8651=VECTOR('',#13122,1000.);
#8652=VECTOR('',#13123,1000.);
#8653=VECTOR('',#13124,1000.);
#8654=VECTOR('',#13125,1000.);
#8655=VECTOR('',#13126,1000.);
#8656=VECTOR('',#13127,1000.);
#8657=VECTOR('',#13128,1000.);
#8658=VECTOR('',#13129,1000.);
#8659=VECTOR('',#13130,1000.);
#8660=VECTOR('',#13131,1000.);
#8661=VECTOR('',#13132,1000.);
#8662=VECTOR('',#13133,1000.);
#8663=VECTOR('',#13134,1000.);
#8664=VECTOR('',#13135,1000.);
#8665=VECTOR('',#13136,1000.);
#8666=VECTOR('',#13137,1000.);
#8667=VECTOR('',#13138,1000.);
#8668=VECTOR('',#13139,1000.);
#8669=VECTOR('',#13140,1000.);
#8670=VECTOR('',#13141,1000.);
#8671=VECTOR('',#13142,1000.);
#8672=VECTOR('',#13143,1000.);
#8673=VECTOR('',#13144,1000.);
#8674=VECTOR('',#13145,1000.);
#8675=VECTOR('',#13146,1000.);
#8676=VECTOR('',#13147,1000.);
#8677=VECTOR('',#13148,1000.);
#8678=VECTOR('',#13149,1000.);
#8679=VECTOR('',#13150,1000.);
#8680=VECTOR('',#13151,1000.);
#8681=VECTOR('',#13152,1000.);
#8682=VECTOR('',#13153,1000.);
#8683=VECTOR('',#13154,1000.);
#8684=VECTOR('',#13155,1000.);
#8685=VECTOR('',#13156,1000.);
#8686=VECTOR('',#13157,1000.);
#8687=VECTOR('',#13158,1000.);
#8688=VECTOR('',#13159,1000.);
#8689=VECTOR('',#13160,1000.);
#8690=VECTOR('',#13161,1000.);
#8691=VECTOR('',#13162,1000.);
#8692=VECTOR('',#13163,1000.);
#8693=VECTOR('',#13164,1000.);
#8694=VECTOR('',#13165,1000.);
#8695=VECTOR('',#13166,1000.);
#8696=VECTOR('',#13167,1000.);
#8697=VECTOR('',#13168,1000.);
#8698=VECTOR('',#13169,1000.);
#8699=VECTOR('',#13170,1000.);
#8700=VECTOR('',#13171,1000.);
#8701=VECTOR('',#13172,1000.);
#8702=VECTOR('',#13173,1000.);
#8703=VECTOR('',#13174,1000.);
#8704=VECTOR('',#13175,1000.);
#8705=VECTOR('',#13176,1000.);
#8706=VECTOR('',#13177,1000.);
#8707=VECTOR('',#13178,1000.);
#8708=VECTOR('',#13179,1000.);
#8709=VECTOR('',#13180,1000.);
#8710=VECTOR('',#13181,1000.);
#8711=VECTOR('',#13182,1000.);
#8712=VECTOR('',#13183,1000.);
#8713=VECTOR('',#13184,1000.);
#8714=VECTOR('',#13185,1000.);
#8715=VECTOR('',#13186,1000.);
#8716=VECTOR('',#13187,1000.);
#8717=VECTOR('',#13188,1000.);
#8718=VECTOR('',#13189,1000.);
#8719=VECTOR('',#13190,1000.);
#8720=VECTOR('',#13191,1000.);
#8721=VECTOR('',#13192,1000.);
#8722=VECTOR('',#13193,1000.);
#8723=VECTOR('',#13194,1000.);
#8724=VECTOR('',#13195,1000.);
#8725=VECTOR('',#13196,1000.);
#8726=VECTOR('',#13197,1000.);
#8727=VECTOR('',#13198,1000.);
#8728=VECTOR('',#13199,1000.);
#8729=VECTOR('',#13200,1000.);
#8730=VECTOR('',#13201,1000.);
#8731=VECTOR('',#13202,1000.);
#8732=VECTOR('',#13203,1000.);
#8733=VECTOR('',#13204,1000.);
#8734=VECTOR('',#13205,1000.);
#8735=VECTOR('',#13206,1000.);
#8736=VECTOR('',#13207,1000.);
#8737=VECTOR('',#13208,1000.);
#8738=VECTOR('',#13209,1000.);
#8739=VECTOR('',#13210,1000.);
#8740=VECTOR('',#13211,1000.);
#8741=VECTOR('',#13212,1000.);
#8742=VECTOR('',#13213,1000.);
#8743=VECTOR('',#13214,1000.);
#8744=VECTOR('',#13215,1000.);
#8745=VECTOR('',#13216,1000.);
#8746=VECTOR('',#13217,1000.);
#8747=VECTOR('',#13218,1000.);
#8748=VECTOR('',#13219,1000.);
#8749=VECTOR('',#13220,1000.);
#8750=VECTOR('',#13221,1000.);
#8751=VECTOR('',#13222,1000.);
#8752=VECTOR('',#13223,1000.);
#8753=VECTOR('',#13224,1000.);
#8754=VECTOR('',#13225,1000.);
#8755=VECTOR('',#13226,1000.);
#8756=VECTOR('',#13227,1000.);
#8757=VECTOR('',#13228,1000.);
#8758=VECTOR('',#13229,1000.);
#8759=VECTOR('',#13230,1000.);
#8760=VECTOR('',#13231,1000.);
#8761=VECTOR('',#13232,1000.);
#8762=VECTOR('',#13233,1000.);
#8763=VECTOR('',#13234,1000.);
#8764=VECTOR('',#13235,1000.);
#8765=VECTOR('',#13236,1000.);
#8766=VECTOR('',#13237,1000.);
#8767=VECTOR('',#13238,1000.);
#8768=VECTOR('',#13239,1000.);
#8769=VECTOR('',#13240,1000.);
#8770=VECTOR('',#13241,1000.);
#8771=VECTOR('',#13242,1000.);
#8772=VECTOR('',#13243,1000.);
#8773=VECTOR('',#13244,1000.);
#8774=VECTOR('',#13245,1000.);
#8775=VECTOR('',#13246,1000.);
#8776=VECTOR('',#13247,1000.);
#8777=VECTOR('',#13248,1000.);
#8778=VECTOR('',#13249,1000.);
#8779=VECTOR('',#13250,1000.);
#8780=VECTOR('',#13251,1000.);
#8781=VECTOR('',#13252,1000.);
#8782=VECTOR('',#13253,1000.);
#8783=VECTOR('',#13254,1000.);
#8784=VECTOR('',#13255,1000.);
#8785=VECTOR('',#13256,1000.);
#8786=VECTOR('',#13257,1000.);
#8787=VECTOR('',#13258,1000.);
#8788=VECTOR('',#13259,1000.);
#8789=VECTOR('',#13260,1000.);
#8790=VECTOR('',#13261,1000.);
#8791=VECTOR('',#13262,1000.);
#8792=VECTOR('',#13263,1000.);
#8793=VECTOR('',#13264,1000.);
#8794=VECTOR('',#13265,1000.);
#8795=VECTOR('',#13266,1000.);
#8796=VECTOR('',#13267,1000.);
#8797=VECTOR('',#13268,1000.);
#8798=VECTOR('',#13269,1000.);
#8799=VECTOR('',#13270,1000.);
#8800=VECTOR('',#13271,1000.);
#8801=VECTOR('',#13272,1000.);
#8802=VECTOR('',#13273,1000.);
#8803=VECTOR('',#13274,1000.);
#8804=VECTOR('',#13275,1000.);
#8805=VECTOR('',#13276,1000.);
#8806=VECTOR('',#13277,1000.);
#8807=VECTOR('',#13278,1000.);
#8808=VECTOR('',#13279,1000.);
#8809=VECTOR('',#13280,1000.);
#8810=VECTOR('',#13281,1000.);
#8811=VECTOR('',#13282,1000.);
#8812=VECTOR('',#13283,1000.);
#8813=VECTOR('',#13284,1000.);
#8814=VECTOR('',#13285,1000.);
#8815=VECTOR('',#13286,1000.);
#8816=VECTOR('',#13287,1000.);
#8817=VECTOR('',#13288,1000.);
#8818=VECTOR('',#13289,1000.);
#8819=VECTOR('',#13290,1000.);
#8820=VECTOR('',#13291,1000.);
#8821=VECTOR('',#13292,1000.);
#8822=VECTOR('',#13293,1000.);
#8823=VECTOR('',#13294,1000.);
#8824=VECTOR('',#13295,1000.);
#8825=VECTOR('',#13296,1000.);
#8826=VECTOR('',#13297,1000.);
#8827=VECTOR('',#13298,1000.);
#8828=VECTOR('',#13299,1000.);
#8829=VECTOR('',#13300,1000.);
#8830=VECTOR('',#13301,1000.);
#8831=VECTOR('',#13302,1000.);
#8832=VECTOR('',#13303,1000.);
#8833=VECTOR('',#13304,1000.);
#8834=VECTOR('',#13305,1000.);
#8835=VECTOR('',#13306,1000.);
#8836=VECTOR('',#13307,1000.);
#8837=VECTOR('',#13308,1000.);
#8838=VECTOR('',#13309,1000.);
#8839=VECTOR('',#13310,1000.);
#8840=VECTOR('',#13311,1000.);
#8841=VECTOR('',#13312,1000.);
#8842=VECTOR('',#13313,1000.);
#8843=VECTOR('',#13314,1000.);
#8844=VECTOR('',#13315,1000.);
#8845=VECTOR('',#13316,1000.);
#8846=VECTOR('',#13317,1000.);
#8847=VECTOR('',#13318,1000.);
#8848=VECTOR('',#13319,1000.);
#8849=VECTOR('',#13320,1000.);
#8850=VECTOR('',#13321,1000.);
#8851=VECTOR('',#13322,1000.);
#8852=VECTOR('',#13323,1000.);
#8853=VECTOR('',#13324,1000.);
#8854=VECTOR('',#13325,1000.);
#8855=VECTOR('',#13326,1000.);
#8856=VECTOR('',#13327,1000.);
#8857=VECTOR('',#13328,1000.);
#8858=VECTOR('',#13329,1000.);
#8859=VECTOR('',#13330,1000.);
#8860=VECTOR('',#13331,1000.);
#8861=VECTOR('',#13332,1000.);
#8862=VECTOR('',#13333,1000.);
#8863=VECTOR('',#13334,1000.);
#8864=VECTOR('',#13335,1000.);
#8865=VECTOR('',#13336,1000.);
#8866=VECTOR('',#13337,1000.);
#8867=VECTOR('',#13338,1000.);
#8868=VECTOR('',#13339,1000.);
#8869=VECTOR('',#13340,1000.);
#8870=VECTOR('',#13341,1000.);
#8871=VECTOR('',#13342,1000.);
#8872=VECTOR('',#13343,1000.);
#8873=VECTOR('',#13344,1000.);
#8874=VECTOR('',#13345,1000.);
#8875=VECTOR('',#13346,1000.);
#8876=VECTOR('',#13347,1000.);
#8877=VECTOR('',#13348,1000.);
#8878=VECTOR('',#13349,1000.);
#8879=VECTOR('',#13350,1000.);
#8880=VECTOR('',#13351,1000.);
#8881=VECTOR('',#13352,1000.);
#8882=VECTOR('',#13353,1000.);
#8883=VECTOR('',#13354,1000.);
#8884=VECTOR('',#13355,1000.);
#8885=VECTOR('',#13356,1000.);
#8886=VECTOR('',#13357,1000.);
#8887=VECTOR('',#13358,1000.);
#8888=VECTOR('',#13359,1000.);
#8889=VECTOR('',#13360,1000.);
#8890=VECTOR('',#13361,1000.);
#8891=VECTOR('',#13362,1000.);
#8892=VECTOR('',#13363,1000.);
#8893=VECTOR('',#13364,1000.);
#8894=VECTOR('',#13365,1000.);
#8895=VECTOR('',#13366,1000.);
#8896=VECTOR('',#13367,1000.);
#8897=VECTOR('',#13368,1000.);
#8898=VECTOR('',#13369,1000.);
#8899=VECTOR('',#13370,1000.);
#8900=VECTOR('',#13371,1000.);
#8901=VECTOR('',#13372,1000.);
#8902=VECTOR('',#13373,1000.);
#8903=VECTOR('',#13374,1000.);
#8904=VECTOR('',#13375,1000.);
#8905=VECTOR('',#13376,1000.);
#8906=VECTOR('',#13377,1000.);
#8907=VECTOR('',#13378,1000.);
#8908=VECTOR('',#13379,1000.);
#8909=VECTOR('',#13380,1000.);
#8910=VECTOR('',#13381,1000.);
#8911=VECTOR('',#13382,1000.);
#8912=VECTOR('',#13383,1000.);
#8913=VECTOR('',#13384,1000.);
#8914=VECTOR('',#13385,1000.);
#8915=VECTOR('',#13386,1000.);
#8916=VECTOR('',#13387,1000.);
#8917=VECTOR('',#13388,1000.);
#8918=VECTOR('',#13389,1000.);
#8919=VECTOR('',#13390,1000.);
#8920=VECTOR('',#13391,1000.);
#8921=VECTOR('',#13392,1000.);
#8922=VECTOR('',#13393,1000.);
#8923=VECTOR('',#13394,1000.);
#8924=VECTOR('',#13395,1000.);
#8925=VECTOR('',#13396,1000.);
#8926=VECTOR('',#13397,1000.);
#8927=VECTOR('',#13398,1000.);
#8928=VECTOR('',#13399,1000.);
#8929=VECTOR('',#13400,1000.);
#8930=VECTOR('',#13401,1000.);
#8931=VECTOR('',#13402,1000.);
#8932=VECTOR('',#13403,1000.);
#8933=VECTOR('',#13404,1000.);
#8934=VECTOR('',#13405,1000.);
#8935=VECTOR('',#13406,1000.);
#8936=EDGE_LOOP('',(#28,#29,#30,#31,#32,#33,#34,#35,#36,#37));
#8937=EDGE_LOOP('',(#38,#39,#40,#41));
#8938=EDGE_LOOP('',(#42,#43,#44,#45));
#8939=EDGE_LOOP('',(#46,#47,#48,#49));
#8940=EDGE_LOOP('',(#50,#51,#52,#53));
#8941=EDGE_LOOP('',(#54,#55,#56,#57));
#8942=EDGE_LOOP('',(#58,#59,#60,#61));
#8943=EDGE_LOOP('',(#62,#63,#64,#65));
#8944=EDGE_LOOP('',(#66,#67,#68,#69));
#8945=EDGE_LOOP('',(#70,#71,#72,#73));
#8946=EDGE_LOOP('',(#74,#75,#76,#77));
#8947=EDGE_LOOP('',(#78,#79,#80,#81));
#8948=EDGE_LOOP('',(#82,#83,#84,#85));
#8949=EDGE_LOOP('',(#86,#87,#88,#89));
#8950=EDGE_LOOP('',(#90,#91,#92,#93));
#8951=EDGE_LOOP('',(#94,#95,#96,#97));
#8952=EDGE_LOOP('',(#98,#99,#100,#101));
#8953=EDGE_LOOP('',(#102,#103,#104,#105));
#8954=EDGE_LOOP('',(#106,#107,#108,#109));
#8955=EDGE_LOOP('',(#110,#111,#112,#113));
#8956=EDGE_LOOP('',(#114,#115,#116,#117));
#8957=EDGE_LOOP('',(#118,#119,#120,#121));
#8958=EDGE_LOOP('',(#122,#123,#124,#125));
#8959=EDGE_LOOP('',(#126,#127,#128,#129));
#8960=EDGE_LOOP('',(#130,#131,#132,#133));
#8961=EDGE_LOOP('',(#134,#135,#136,#137));
#8962=EDGE_LOOP('',(#138,#139,#140,#141));
#8963=EDGE_LOOP('',(#142,#143,#144,#145));
#8964=EDGE_LOOP('',(#146,#147,#148,#149));
#8965=EDGE_LOOP('',(#150,#151,#152,#153));
#8966=EDGE_LOOP('',(#154,#155,#156,#157));
#8967=EDGE_LOOP('',(#158,#159,#160,#161));
#8968=EDGE_LOOP('',(#162,#163,#164,#165));
#8969=EDGE_LOOP('',(#166,#167,#168,#169));
#8970=EDGE_LOOP('',(#170,#171,#172,#173));
#8971=EDGE_LOOP('',(#174,#175,#176,#177));
#8972=EDGE_LOOP('',(#178,#179,#180,#181));
#8973=EDGE_LOOP('',(#182,#183,#184,#185));
#8974=EDGE_LOOP('',(#186,#187,#188,#189));
#8975=EDGE_LOOP('',(#190,#191,#192,#193));
#8976=EDGE_LOOP('',(#194,#195,#196,#197));
#8977=EDGE_LOOP('',(#198,#199,#200,#201));
#8978=EDGE_LOOP('',(#202,#203,#204,#205));
#8979=EDGE_LOOP('',(#206,#207,#208,#209));
#8980=EDGE_LOOP('',(#210,#211,#212,#213));
#8981=EDGE_LOOP('',(#214,#215,#216,#217));
#8982=EDGE_LOOP('',(#218,#219,#220,#221));
#8983=EDGE_LOOP('',(#222,#223,#224,#225));
#8984=EDGE_LOOP('',(#226,#227,#228,#229));
#8985=EDGE_LOOP('',(#230,#231,#232,#233));
#8986=EDGE_LOOP('',(#234,#235,#236,#237));
#8987=EDGE_LOOP('',(#238,#239,#240,#241));
#8988=EDGE_LOOP('',(#242,#243,#244,#245));
#8989=EDGE_LOOP('',(#246,#247,#248,#249));
#8990=EDGE_LOOP('',(#250,#251,#252,#253));
#8991=EDGE_LOOP('',(#254,#255,#256,#257));
#8992=EDGE_LOOP('',(#258,#259,#260,#261));
#8993=EDGE_LOOP('',(#262,#263,#264,#265));
#8994=EDGE_LOOP('',(#266,#267,#268,#269));
#8995=EDGE_LOOP('',(#270,#271,#272,#273));
#8996=EDGE_LOOP('',(#274,#275,#276,#277));
#8997=EDGE_LOOP('',(#278,#279,#280,#281));
#8998=EDGE_LOOP('',(#282,#283,#284,#285));
#8999=EDGE_LOOP('',(#286,#287,#288,#289));
#9000=EDGE_LOOP('',(#290,#291,#292,#293));
#9001=EDGE_LOOP('',(#294,#295,#296,#297));
#9002=EDGE_LOOP('',(#298,#299,#300,#301));
#9003=EDGE_LOOP('',(#302,#303,#304,#305));
#9004=EDGE_LOOP('',(#306,#307,#308,#309));
#9005=EDGE_LOOP('',(#310,#311,#312,#313));
#9006=EDGE_LOOP('',(#314,#315,#316,#317));
#9007=EDGE_LOOP('',(#318,#319,#320,#321));
#9008=EDGE_LOOP('',(#322,#323,#324,#325));
#9009=EDGE_LOOP('',(#326,#327,#328,#329));
#9010=EDGE_LOOP('',(#330,#331,#332,#333));
#9011=EDGE_LOOP('',(#334,#335,#336,#337));
#9012=EDGE_LOOP('',(#338,#339,#340,#341));
#9013=EDGE_LOOP('',(#342,#343,#344,#345));
#9014=EDGE_LOOP('',(#346,#347,#348,#349));
#9015=EDGE_LOOP('',(#350,#351,#352,#353));
#9016=EDGE_LOOP('',(#354,#355,#356,#357));
#9017=EDGE_LOOP('',(#358,#359,#360,#361));
#9018=EDGE_LOOP('',(#362,#363,#364,#365));
#9019=EDGE_LOOP('',(#366,#367,#368,#369));
#9020=EDGE_LOOP('',(#370,#371,#372,#373));
#9021=EDGE_LOOP('',(#374,#375,#376,#377));
#9022=EDGE_LOOP('',(#378,#379,#380,#381));
#9023=EDGE_LOOP('',(#382,#383,#384,#385));
#9024=EDGE_LOOP('',(#386,#387,#388,#389));
#9025=EDGE_LOOP('',(#390,#391,#392,#393));
#9026=EDGE_LOOP('',(#394,#395,#396,#397));
#9027=EDGE_LOOP('',(#398,#399,#400,#401));
#9028=EDGE_LOOP('',(#402,#403,#404,#405));
#9029=EDGE_LOOP('',(#406,#407,#408,#409));
#9030=EDGE_LOOP('',(#410,#411,#412,#413));
#9031=EDGE_LOOP('',(#414,#415,#416,#417));
#9032=EDGE_LOOP('',(#418,#419,#420,#421));
#9033=EDGE_LOOP('',(#422,#423,#424,#425));
#9034=EDGE_LOOP('',(#426,#427,#428,#429));
#9035=EDGE_LOOP('',(#430,#431,#432,#433));
#9036=EDGE_LOOP('',(#434,#435,#436,#437));
#9037=EDGE_LOOP('',(#438,#439,#440,#441));
#9038=EDGE_LOOP('',(#442,#443,#444,#445));
#9039=EDGE_LOOP('',(#446,#447,#448,#449));
#9040=EDGE_LOOP('',(#450,#451,#452,#453));
#9041=EDGE_LOOP('',(#454,#455,#456,#457));
#9042=EDGE_LOOP('',(#458,#459,#460,#461));
#9043=EDGE_LOOP('',(#462,#463,#464,#465));
#9044=EDGE_LOOP('',(#466,#467,#468,#469));
#9045=EDGE_LOOP('',(#470,#471,#472,#473));
#9046=EDGE_LOOP('',(#474,#475,#476,#477));
#9047=EDGE_LOOP('',(#478,#479,#480,#481));
#9048=EDGE_LOOP('',(#482,#483,#484,#485));
#9049=EDGE_LOOP('',(#486,#487,#488,#489));
#9050=EDGE_LOOP('',(#490,#491,#492,#493));
#9051=EDGE_LOOP('',(#494,#495,#496,#497));
#9052=EDGE_LOOP('',(#498,#499,#500,#501));
#9053=EDGE_LOOP('',(#502,#503,#504,#505));
#9054=EDGE_LOOP('',(#506,#507,#508,#509));
#9055=EDGE_LOOP('',(#510,#511,#512,#513));
#9056=EDGE_LOOP('',(#514,#515,#516,#517));
#9057=EDGE_LOOP('',(#518,#519,#520,#521));
#9058=EDGE_LOOP('',(#522,#523,#524,#525));
#9059=EDGE_LOOP('',(#526,#527,#528,#529));
#9060=EDGE_LOOP('',(#530,#531,#532,#533));
#9061=EDGE_LOOP('',(#534,#535,#536,#537));
#9062=EDGE_LOOP('',(#538,#539,#540,#541));
#9063=EDGE_LOOP('',(#542,#543,#544,#545));
#9064=EDGE_LOOP('',(#546,#547,#548,#549));
#9065=EDGE_LOOP('',(#550,#551,#552,#553,#554,#555,#556,#557));
#9066=EDGE_LOOP('',(#558,#559,#560,#561,#562,#563,#564,#565));
#9067=EDGE_LOOP('',(#566,#567,#568,#569,#570,#571,#572,#573));
#9068=EDGE_LOOP('',(#574,#575,#576,#577,#578,#579,#580,#581));
#9069=EDGE_LOOP('',(#582,#583,#584,#585));
#9070=EDGE_LOOP('',(#586,#587,#588,#589));
#9071=EDGE_LOOP('',(#590,#591,#592,#593));
#9072=EDGE_LOOP('',(#594,#595,#596,#597));
#9073=EDGE_LOOP('',(#598,#599,#600,#601));
#9074=EDGE_LOOP('',(#602,#603,#604,#605));
#9075=EDGE_LOOP('',(#606,#607,#608,#609));
#9076=EDGE_LOOP('',(#610,#611,#612,#613));
#9077=EDGE_LOOP('',(#614,#615,#616,#617));
#9078=EDGE_LOOP('',(#618,#619,#620,#621));
#9079=EDGE_LOOP('',(#622,#623,#624,#625));
#9080=EDGE_LOOP('',(#626,#627,#628,#629));
#9081=EDGE_LOOP('',(#630,#631,#632,#633));
#9082=EDGE_LOOP('',(#634,#635,#636,#637));
#9083=EDGE_LOOP('',(#638,#639,#640,#641));
#9084=EDGE_LOOP('',(#642,#643,#644,#645));
#9085=EDGE_LOOP('',(#646,#647,#648,#649));
#9086=EDGE_LOOP('',(#650,#651,#652,#653));
#9087=EDGE_LOOP('',(#654,#655,#656,#657));
#9088=EDGE_LOOP('',(#658,#659,#660,#661));
#9089=EDGE_LOOP('',(#662,#663,#664,#665));
#9090=EDGE_LOOP('',(#666,#667,#668,#669));
#9091=EDGE_LOOP('',(#670,#671,#672,#673));
#9092=EDGE_LOOP('',(#674,#675,#676,#677));
#9093=EDGE_LOOP('',(#678,#679,#680,#681));
#9094=EDGE_LOOP('',(#682,#683,#684,#685));
#9095=EDGE_LOOP('',(#686,#687,#688,#689));
#9096=EDGE_LOOP('',(#690,#691,#692,#693));
#9097=EDGE_LOOP('',(#694,#695,#696,#697));
#9098=EDGE_LOOP('',(#698,#699,#700,#701));
#9099=EDGE_LOOP('',(#702,#703,#704,#705));
#9100=EDGE_LOOP('',(#706,#707,#708,#709));
#9101=EDGE_LOOP('',(#710,#711,#712,#713));
#9102=EDGE_LOOP('',(#714,#715,#716,#717));
#9103=EDGE_LOOP('',(#718,#719,#720,#721));
#9104=EDGE_LOOP('',(#722,#723,#724,#725));
#9105=EDGE_LOOP('',(#726,#727,#728,#729));
#9106=EDGE_LOOP('',(#730,#731,#732,#733));
#9107=EDGE_LOOP('',(#734,#735,#736,#737));
#9108=EDGE_LOOP('',(#738,#739,#740,#741));
#9109=EDGE_LOOP('',(#742,#743,#744,#745));
#9110=EDGE_LOOP('',(#746,#747,#748,#749));
#9111=EDGE_LOOP('',(#750,#751,#752,#753));
#9112=EDGE_LOOP('',(#754,#755,#756,#757));
#9113=EDGE_LOOP('',(#758,#759,#760,#761));
#9114=EDGE_LOOP('',(#762,#763,#764,#765));
#9115=EDGE_LOOP('',(#766,#767,#768,#769));
#9116=EDGE_LOOP('',(#770,#771,#772,#773));
#9117=EDGE_LOOP('',(#774,#775,#776,#777));
#9118=EDGE_LOOP('',(#778,#779,#780,#781));
#9119=EDGE_LOOP('',(#782,#783,#784,#785));
#9120=EDGE_LOOP('',(#786,#787,#788,#789));
#9121=EDGE_LOOP('',(#790,#791,#792,#793));
#9122=EDGE_LOOP('',(#794,#795,#796,#797));
#9123=EDGE_LOOP('',(#798,#799,#800,#801));
#9124=EDGE_LOOP('',(#802,#803,#804,#805));
#9125=EDGE_LOOP('',(#806,#807,#808,#809));
#9126=EDGE_LOOP('',(#810,#811,#812,#813));
#9127=EDGE_LOOP('',(#814,#815,#816,#817));
#9128=EDGE_LOOP('',(#818,#819,#820,#821));
#9129=EDGE_LOOP('',(#822,#823,#824,#825));
#9130=EDGE_LOOP('',(#826,#827,#828,#829));
#9131=EDGE_LOOP('',(#830,#831,#832,#833));
#9132=EDGE_LOOP('',(#834,#835,#836,#837));
#9133=EDGE_LOOP('',(#838,#839,#840,#841));
#9134=EDGE_LOOP('',(#842,#843,#844,#845));
#9135=EDGE_LOOP('',(#846,#847,#848,#849));
#9136=EDGE_LOOP('',(#850,#851,#852,#853));
#9137=EDGE_LOOP('',(#854,#855,#856,#857));
#9138=EDGE_LOOP('',(#858,#859,#860,#861));
#9139=EDGE_LOOP('',(#862,#863,#864,#865));
#9140=EDGE_LOOP('',(#866,#867,#868,#869));
#9141=EDGE_LOOP('',(#870,#871,#872,#873));
#9142=EDGE_LOOP('',(#874,#875,#876,#877));
#9143=EDGE_LOOP('',(#878,#879,#880,#881));
#9144=EDGE_LOOP('',(#882,#883,#884,#885));
#9145=EDGE_LOOP('',(#886,#887,#888,#889));
#9146=EDGE_LOOP('',(#890,#891,#892,#893));
#9147=EDGE_LOOP('',(#894,#895,#896,#897));
#9148=EDGE_LOOP('',(#898,#899,#900,#901));
#9149=EDGE_LOOP('',(#902,#903,#904,#905));
#9150=EDGE_LOOP('',(#906,#907,#908,#909));
#9151=EDGE_LOOP('',(#910,#911,#912,#913));
#9152=EDGE_LOOP('',(#914,#915,#916,#917));
#9153=EDGE_LOOP('',(#918,#919,#920,#921));
#9154=EDGE_LOOP('',(#922,#923,#924,#925));
#9155=EDGE_LOOP('',(#926,#927,#928,#929));
#9156=EDGE_LOOP('',(#930,#931,#932,#933));
#9157=EDGE_LOOP('',(#934,#935,#936,#937));
#9158=EDGE_LOOP('',(#938,#939,#940,#941));
#9159=EDGE_LOOP('',(#942,#943,#944,#945));
#9160=EDGE_LOOP('',(#946,#947,#948,#949));
#9161=EDGE_LOOP('',(#950,#951,#952,#953));
#9162=EDGE_LOOP('',(#954,#955,#956,#957));
#9163=EDGE_LOOP('',(#958,#959,#960,#961));
#9164=EDGE_LOOP('',(#962,#963,#964,#965));
#9165=EDGE_LOOP('',(#966,#967,#968,#969));
#9166=EDGE_LOOP('',(#970,#971,#972,#973));
#9167=EDGE_LOOP('',(#974,#975,#976,#977));
#9168=EDGE_LOOP('',(#978,#979,#980,#981));
#9169=EDGE_LOOP('',(#982,#983,#984,#985));
#9170=EDGE_LOOP('',(#986,#987,#988,#989));
#9171=EDGE_LOOP('',(#990,#991,#992,#993));
#9172=EDGE_LOOP('',(#994,#995,#996,#997));
#9173=EDGE_LOOP('',(#998,#999,#1000,#1001));
#9174=EDGE_LOOP('',(#1002,#1003,#1004,#1005));
#9175=EDGE_LOOP('',(#1006,#1007,#1008,#1009));
#9176=EDGE_LOOP('',(#1010,#1011,#1012,#1013));
#9177=EDGE_LOOP('',(#1014,#1015,#1016,#1017));
#9178=EDGE_LOOP('',(#1018,#1019,#1020,#1021));
#9179=EDGE_LOOP('',(#1022,#1023,#1024,#1025));
#9180=EDGE_LOOP('',(#1026,#1027,#1028,#1029));
#9181=EDGE_LOOP('',(#1030,#1031,#1032,#1033));
#9182=EDGE_LOOP('',(#1034,#1035,#1036,#1037));
#9183=EDGE_LOOP('',(#1038,#1039,#1040,#1041));
#9184=EDGE_LOOP('',(#1042,#1043,#1044,#1045));
#9185=EDGE_LOOP('',(#1046,#1047,#1048,#1049));
#9186=EDGE_LOOP('',(#1050,#1051,#1052,#1053));
#9187=EDGE_LOOP('',(#1054,#1055,#1056,#1057));
#9188=EDGE_LOOP('',(#1058,#1059,#1060,#1061));
#9189=EDGE_LOOP('',(#1062,#1063,#1064,#1065));
#9190=EDGE_LOOP('',(#1066,#1067,#1068,#1069));
#9191=EDGE_LOOP('',(#1070,#1071,#1072,#1073));
#9192=EDGE_LOOP('',(#1074,#1075,#1076,#1077));
#9193=EDGE_LOOP('',(#1078,#1079,#1080,#1081));
#9194=EDGE_LOOP('',(#1082,#1083,#1084,#1085));
#9195=EDGE_LOOP('',(#1086,#1087,#1088,#1089));
#9196=EDGE_LOOP('',(#1090,#1091,#1092,#1093));
#9197=EDGE_LOOP('',(#1094,#1095,#1096,#1097));
#9198=EDGE_LOOP('',(#1098,#1099,#1100,#1101));
#9199=EDGE_LOOP('',(#1102,#1103,#1104,#1105));
#9200=EDGE_LOOP('',(#1106,#1107,#1108,#1109));
#9201=EDGE_LOOP('',(#1110,#1111,#1112,#1113));
#9202=EDGE_LOOP('',(#1114,#1115,#1116,#1117));
#9203=EDGE_LOOP('',(#1118,#1119,#1120,#1121));
#9204=EDGE_LOOP('',(#1122,#1123,#1124,#1125));
#9205=EDGE_LOOP('',(#1126,#1127,#1128,#1129));
#9206=EDGE_LOOP('',(#1130,#1131,#1132,#1133));
#9207=EDGE_LOOP('',(#1134,#1135,#1136,#1137));
#9208=EDGE_LOOP('',(#1138,#1139,#1140,#1141));
#9209=EDGE_LOOP('',(#1142,#1143,#1144,#1145));
#9210=EDGE_LOOP('',(#1146,#1147,#1148,#1149));
#9211=EDGE_LOOP('',(#1150,#1151,#1152,#1153));
#9212=EDGE_LOOP('',(#1154,#1155,#1156,#1157));
#9213=EDGE_LOOP('',(#1158,#1159,#1160,#1161));
#9214=EDGE_LOOP('',(#1162,#1163,#1164,#1165));
#9215=EDGE_LOOP('',(#1166,#1167,#1168,#1169));
#9216=EDGE_LOOP('',(#1170,#1171,#1172,#1173));
#9217=EDGE_LOOP('',(#1174,#1175,#1176,#1177));
#9218=EDGE_LOOP('',(#1178,#1179,#1180,#1181));
#9219=EDGE_LOOP('',(#1182,#1183,#1184,#1185));
#9220=EDGE_LOOP('',(#1186,#1187,#1188,#1189));
#9221=EDGE_LOOP('',(#1190,#1191,#1192,#1193));
#9222=EDGE_LOOP('',(#1194,#1195,#1196,#1197));
#9223=EDGE_LOOP('',(#1198,#1199,#1200,#1201));
#9224=EDGE_LOOP('',(#1202,#1203,#1204,#1205));
#9225=EDGE_LOOP('',(#1206,#1207,#1208,#1209));
#9226=EDGE_LOOP('',(#1210,#1211,#1212,#1213));
#9227=EDGE_LOOP('',(#1214,#1215,#1216,#1217));
#9228=EDGE_LOOP('',(#1218,#1219,#1220,#1221));
#9229=EDGE_LOOP('',(#1222,#1223,#1224,#1225));
#9230=EDGE_LOOP('',(#1226,#1227,#1228,#1229));
#9231=EDGE_LOOP('',(#1230,#1231,#1232,#1233));
#9232=EDGE_LOOP('',(#1234,#1235,#1236,#1237));
#9233=EDGE_LOOP('',(#1238,#1239,#1240,#1241));
#9234=EDGE_LOOP('',(#1242,#1243,#1244,#1245));
#9235=EDGE_LOOP('',(#1246,#1247,#1248,#1249));
#9236=EDGE_LOOP('',(#1250,#1251,#1252,#1253));
#9237=EDGE_LOOP('',(#1254,#1255,#1256,#1257));
#9238=EDGE_LOOP('',(#1258,#1259,#1260,#1261));
#9239=EDGE_LOOP('',(#1262,#1263,#1264,#1265));
#9240=EDGE_LOOP('',(#1266,#1267,#1268,#1269));
#9241=EDGE_LOOP('',(#1270,#1271,#1272,#1273));
#9242=EDGE_LOOP('',(#1274,#1275,#1276,#1277));
#9243=EDGE_LOOP('',(#1278,#1279,#1280,#1281));
#9244=EDGE_LOOP('',(#1282,#1283,#1284,#1285));
#9245=EDGE_LOOP('',(#1286,#1287,#1288,#1289));
#9246=EDGE_LOOP('',(#1290,#1291,#1292,#1293));
#9247=EDGE_LOOP('',(#1294,#1295,#1296,#1297));
#9248=EDGE_LOOP('',(#1298,#1299,#1300,#1301));
#9249=EDGE_LOOP('',(#1302,#1303,#1304,#1305));
#9250=EDGE_LOOP('',(#1306,#1307,#1308,#1309));
#9251=EDGE_LOOP('',(#1310,#1311,#1312,#1313));
#9252=EDGE_LOOP('',(#1314,#1315,#1316,#1317));
#9253=EDGE_LOOP('',(#1318,#1319,#1320,#1321));
#9254=EDGE_LOOP('',(#1322,#1323,#1324,#1325));
#9255=EDGE_LOOP('',(#1326,#1327,#1328,#1329));
#9256=EDGE_LOOP('',(#1330,#1331,#1332,#1333));
#9257=EDGE_LOOP('',(#1334,#1335,#1336,#1337));
#9258=EDGE_LOOP('',(#1338,#1339,#1340,#1341));
#9259=EDGE_LOOP('',(#1342,#1343,#1344,#1345));
#9260=EDGE_LOOP('',(#1346,#1347,#1348,#1349));
#9261=EDGE_LOOP('',(#1350,#1351,#1352,#1353));
#9262=EDGE_LOOP('',(#1354,#1355,#1356,#1357));
#9263=EDGE_LOOP('',(#1358,#1359,#1360,#1361));
#9264=EDGE_LOOP('',(#1362,#1363,#1364,#1365));
#9265=EDGE_LOOP('',(#1366,#1367,#1368,#1369));
#9266=EDGE_LOOP('',(#1370,#1371,#1372,#1373));
#9267=EDGE_LOOP('',(#1374,#1375,#1376,#1377));
#9268=EDGE_LOOP('',(#1378,#1379,#1380,#1381));
#9269=EDGE_LOOP('',(#1382,#1383,#1384,#1385));
#9270=EDGE_LOOP('',(#1386,#1387,#1388,#1389));
#9271=EDGE_LOOP('',(#1390,#1391,#1392,#1393));
#9272=EDGE_LOOP('',(#1394,#1395,#1396,#1397));
#9273=EDGE_LOOP('',(#1398,#1399,#1400,#1401));
#9274=EDGE_LOOP('',(#1402,#1403,#1404,#1405));
#9275=EDGE_LOOP('',(#1406,#1407,#1408,#1409));
#9276=EDGE_LOOP('',(#1410,#1411,#1412,#1413));
#9277=EDGE_LOOP('',(#1414,#1415,#1416,#1417));
#9278=EDGE_LOOP('',(#1418,#1419,#1420,#1421));
#9279=EDGE_LOOP('',(#1422,#1423,#1424,#1425));
#9280=EDGE_LOOP('',(#1426,#1427,#1428,#1429));
#9281=EDGE_LOOP('',(#1430,#1431,#1432,#1433));
#9282=EDGE_LOOP('',(#1434,#1435,#1436,#1437));
#9283=EDGE_LOOP('',(#1438,#1439,#1440,#1441));
#9284=EDGE_LOOP('',(#1442,#1443,#1444,#1445));
#9285=EDGE_LOOP('',(#1446,#1447,#1448,#1449));
#9286=EDGE_LOOP('',(#1450,#1451,#1452,#1453));
#9287=EDGE_LOOP('',(#1454,#1455,#1456,#1457));
#9288=EDGE_LOOP('',(#1458,#1459,#1460,#1461));
#9289=EDGE_LOOP('',(#1462,#1463,#1464,#1465));
#9290=EDGE_LOOP('',(#1466,#1467,#1468,#1469));
#9291=EDGE_LOOP('',(#1470,#1471,#1472,#1473));
#9292=EDGE_LOOP('',(#1474,#1475,#1476,#1477));
#9293=EDGE_LOOP('',(#1478,#1479,#1480,#1481));
#9294=EDGE_LOOP('',(#1482,#1483,#1484,#1485));
#9295=EDGE_LOOP('',(#1486,#1487,#1488,#1489));
#9296=EDGE_LOOP('',(#1490,#1491,#1492,#1493));
#9297=EDGE_LOOP('',(#1494,#1495,#1496,#1497));
#9298=EDGE_LOOP('',(#1498,#1499,#1500,#1501));
#9299=EDGE_LOOP('',(#1502,#1503,#1504,#1505));
#9300=EDGE_LOOP('',(#1506,#1507,#1508,#1509));
#9301=EDGE_LOOP('',(#1510,#1511,#1512,#1513));
#9302=EDGE_LOOP('',(#1514,#1515,#1516,#1517));
#9303=EDGE_LOOP('',(#1518,#1519,#1520,#1521));
#9304=EDGE_LOOP('',(#1522,#1523,#1524,#1525));
#9305=EDGE_LOOP('',(#1526,#1527,#1528,#1529));
#9306=EDGE_LOOP('',(#1530,#1531,#1532,#1533));
#9307=EDGE_LOOP('',(#1534,#1535,#1536,#1537));
#9308=EDGE_LOOP('',(#1538,#1539,#1540,#1541));
#9309=EDGE_LOOP('',(#1542,#1543,#1544,#1545));
#9310=EDGE_LOOP('',(#1546,#1547,#1548,#1549));
#9311=EDGE_LOOP('',(#1550,#1551,#1552,#1553));
#9312=EDGE_LOOP('',(#1554,#1555,#1556,#1557));
#9313=EDGE_LOOP('',(#1558,#1559,#1560,#1561));
#9314=EDGE_LOOP('',(#1562,#1563,#1564,#1565));
#9315=EDGE_LOOP('',(#1566,#1567,#1568,#1569));
#9316=EDGE_LOOP('',(#1570,#1571,#1572,#1573));
#9317=EDGE_LOOP('',(#1574,#1575,#1576,#1577));
#9318=EDGE_LOOP('',(#1578,#1579,#1580,#1581));
#9319=EDGE_LOOP('',(#1582,#1583,#1584,#1585));
#9320=EDGE_LOOP('',(#1586,#1587,#1588,#1589));
#9321=EDGE_LOOP('',(#1590,#1591,#1592,#1593));
#9322=EDGE_LOOP('',(#1594,#1595,#1596,#1597));
#9323=EDGE_LOOP('',(#1598,#1599,#1600,#1601));
#9324=EDGE_LOOP('',(#1602,#1603,#1604,#1605));
#9325=EDGE_LOOP('',(#1606,#1607,#1608,#1609));
#9326=EDGE_LOOP('',(#1610,#1611,#1612,#1613));
#9327=EDGE_LOOP('',(#1614,#1615,#1616,#1617));
#9328=EDGE_LOOP('',(#1618,#1619,#1620,#1621));
#9329=EDGE_LOOP('',(#1622,#1623,#1624,#1625));
#9330=EDGE_LOOP('',(#1626,#1627,#1628,#1629));
#9331=EDGE_LOOP('',(#1630,#1631,#1632,#1633));
#9332=EDGE_LOOP('',(#1634,#1635,#1636,#1637));
#9333=EDGE_LOOP('',(#1638,#1639,#1640,#1641));
#9334=EDGE_LOOP('',(#1642,#1643,#1644,#1645));
#9335=EDGE_LOOP('',(#1646,#1647,#1648,#1649));
#9336=EDGE_LOOP('',(#1650,#1651,#1652,#1653));
#9337=EDGE_LOOP('',(#1654,#1655,#1656,#1657));
#9338=EDGE_LOOP('',(#1658,#1659,#1660,#1661));
#9339=EDGE_LOOP('',(#1662,#1663,#1664,#1665));
#9340=EDGE_LOOP('',(#1666,#1667,#1668,#1669));
#9341=EDGE_LOOP('',(#1670,#1671,#1672,#1673));
#9342=EDGE_LOOP('',(#1674,#1675,#1676,#1677));
#9343=EDGE_LOOP('',(#1678,#1679,#1680,#1681));
#9344=EDGE_LOOP('',(#1682,#1683,#1684,#1685));
#9345=EDGE_LOOP('',(#1686,#1687,#1688,#1689));
#9346=EDGE_LOOP('',(#1690,#1691,#1692,#1693));
#9347=EDGE_LOOP('',(#1694,#1695,#1696,#1697));
#9348=EDGE_LOOP('',(#1698,#1699,#1700,#1701));
#9349=EDGE_LOOP('',(#1702,#1703,#1704,#1705));
#9350=EDGE_LOOP('',(#1706,#1707,#1708,#1709));
#9351=EDGE_LOOP('',(#1710,#1711,#1712,#1713));
#9352=EDGE_LOOP('',(#1714,#1715,#1716,#1717));
#9353=EDGE_LOOP('',(#1718,#1719,#1720,#1721));
#9354=EDGE_LOOP('',(#1722,#1723,#1724,#1725));
#9355=EDGE_LOOP('',(#1726,#1727,#1728,#1729));
#9356=EDGE_LOOP('',(#1730,#1731,#1732,#1733));
#9357=EDGE_LOOP('',(#1734,#1735,#1736,#1737));
#9358=EDGE_LOOP('',(#1738,#1739,#1740,#1741));
#9359=EDGE_LOOP('',(#1742,#1743,#1744,#1745));
#9360=EDGE_LOOP('',(#1746,#1747,#1748,#1749));
#9361=EDGE_LOOP('',(#1750,#1751,#1752,#1753));
#9362=EDGE_LOOP('',(#1754,#1755,#1756,#1757));
#9363=EDGE_LOOP('',(#1758,#1759,#1760,#1761));
#9364=EDGE_LOOP('',(#1762,#1763,#1764,#1765));
#9365=EDGE_LOOP('',(#1766,#1767,#1768,#1769));
#9366=EDGE_LOOP('',(#1770,#1771,#1772,#1773));
#9367=EDGE_LOOP('',(#1774,#1775,#1776,#1777));
#9368=EDGE_LOOP('',(#1778,#1779,#1780,#1781));
#9369=EDGE_LOOP('',(#1782,#1783,#1784,#1785));
#9370=EDGE_LOOP('',(#1786,#1787,#1788,#1789));
#9371=EDGE_LOOP('',(#1790,#1791,#1792,#1793));
#9372=EDGE_LOOP('',(#1794,#1795,#1796,#1797));
#9373=EDGE_LOOP('',(#1798,#1799,#1800,#1801));
#9374=EDGE_LOOP('',(#1802,#1803,#1804,#1805));
#9375=EDGE_LOOP('',(#1806,#1807,#1808,#1809));
#9376=EDGE_LOOP('',(#1810,#1811,#1812,#1813));
#9377=EDGE_LOOP('',(#1814,#1815,#1816,#1817));
#9378=EDGE_LOOP('',(#1818,#1819,#1820,#1821));
#9379=EDGE_LOOP('',(#1822,#1823,#1824,#1825));
#9380=EDGE_LOOP('',(#1826,#1827,#1828,#1829));
#9381=EDGE_LOOP('',(#1830,#1831,#1832,#1833));
#9382=EDGE_LOOP('',(#1834,#1835,#1836,#1837));
#9383=EDGE_LOOP('',(#1838,#1839,#1840,#1841));
#9384=EDGE_LOOP('',(#1842,#1843,#1844,#1845));
#9385=EDGE_LOOP('',(#1846,#1847,#1848,#1849));
#9386=EDGE_LOOP('',(#1850,#1851,#1852,#1853));
#9387=EDGE_LOOP('',(#1854,#1855,#1856,#1857));
#9388=EDGE_LOOP('',(#1858,#1859,#1860,#1861));
#9389=EDGE_LOOP('',(#1862,#1863,#1864,#1865));
#9390=EDGE_LOOP('',(#1866,#1867,#1868,#1869));
#9391=EDGE_LOOP('',(#1870,#1871,#1872,#1873));
#9392=EDGE_LOOP('',(#1874,#1875,#1876,#1877));
#9393=EDGE_LOOP('',(#1878,#1879,#1880,#1881));
#9394=EDGE_LOOP('',(#1882,#1883,#1884,#1885));
#9395=EDGE_LOOP('',(#1886,#1887,#1888,#1889));
#9396=EDGE_LOOP('',(#1890,#1891,#1892,#1893));
#9397=EDGE_LOOP('',(#1894,#1895,#1896,#1897));
#9398=EDGE_LOOP('',(#1898,#1899,#1900,#1901));
#9399=EDGE_LOOP('',(#1902,#1903,#1904,#1905));
#9400=EDGE_LOOP('',(#1906,#1907,#1908,#1909));
#9401=EDGE_LOOP('',(#1910,#1911,#1912,#1913));
#9402=EDGE_LOOP('',(#1914,#1915,#1916,#1917));
#9403=EDGE_LOOP('',(#1918,#1919,#1920,#1921));
#9404=EDGE_LOOP('',(#1922,#1923,#1924,#1925));
#9405=EDGE_LOOP('',(#1926,#1927,#1928,#1929));
#9406=EDGE_LOOP('',(#1930,#1931,#1932,#1933));
#9407=EDGE_LOOP('',(#1934,#1935,#1936,#1937));
#9408=EDGE_LOOP('',(#1938,#1939,#1940,#1941));
#9409=EDGE_LOOP('',(#1942,#1943,#1944,#1945));
#9410=EDGE_LOOP('',(#1946,#1947,#1948,#1949));
#9411=EDGE_LOOP('',(#1950,#1951,#1952,#1953));
#9412=EDGE_LOOP('',(#1954,#1955,#1956,#1957));
#9413=EDGE_LOOP('',(#1958,#1959,#1960,#1961));
#9414=EDGE_LOOP('',(#1962,#1963,#1964,#1965));
#9415=EDGE_LOOP('',(#1966,#1967,#1968,#1969));
#9416=EDGE_LOOP('',(#1970,#1971,#1972,#1973));
#9417=EDGE_LOOP('',(#1974,#1975,#1976,#1977));
#9418=EDGE_LOOP('',(#1978,#1979,#1980,#1981));
#9419=EDGE_LOOP('',(#1982,#1983,#1984,#1985));
#9420=EDGE_LOOP('',(#1986,#1987,#1988,#1989));
#9421=EDGE_LOOP('',(#1990,#1991,#1992,#1993));
#9422=EDGE_LOOP('',(#1994,#1995,#1996,#1997));
#9423=EDGE_LOOP('',(#1998,#1999,#2000,#2001));
#9424=EDGE_LOOP('',(#2002,#2003,#2004,#2005));
#9425=EDGE_LOOP('',(#2006,#2007,#2008,#2009));
#9426=EDGE_LOOP('',(#2010,#2011,#2012,#2013));
#9427=EDGE_LOOP('',(#2014,#2015,#2016,#2017));
#9428=EDGE_LOOP('',(#2018,#2019,#2020,#2021));
#9429=EDGE_LOOP('',(#2022,#2023,#2024,#2025));
#9430=EDGE_LOOP('',(#2026,#2027,#2028,#2029));
#9431=EDGE_LOOP('',(#2030,#2031,#2032,#2033));
#9432=EDGE_LOOP('',(#2034,#2035,#2036,#2037));
#9433=EDGE_LOOP('',(#2038,#2039,#2040,#2041));
#9434=EDGE_LOOP('',(#2042,#2043,#2044,#2045));
#9435=EDGE_LOOP('',(#2046,#2047,#2048,#2049));
#9436=EDGE_LOOP('',(#2050,#2051,#2052,#2053));
#9437=EDGE_LOOP('',(#2054,#2055,#2056,#2057));
#9438=EDGE_LOOP('',(#2058,#2059,#2060,#2061));
#9439=EDGE_LOOP('',(#2062,#2063,#2064,#2065));
#9440=EDGE_LOOP('',(#2066,#2067,#2068,#2069));
#9441=EDGE_LOOP('',(#2070,#2071,#2072,#2073));
#9442=EDGE_LOOP('',(#2074,#2075,#2076,#2077));
#9443=EDGE_LOOP('',(#2078,#2079,#2080,#2081));
#9444=EDGE_LOOP('',(#2082,#2083,#2084,#2085));
#9445=EDGE_LOOP('',(#2086,#2087,#2088,#2089));
#9446=EDGE_LOOP('',(#2090,#2091,#2092,#2093));
#9447=EDGE_LOOP('',(#2094,#2095,#2096,#2097));
#9448=EDGE_LOOP('',(#2098,#2099,#2100,#2101));
#9449=EDGE_LOOP('',(#2102,#2103,#2104,#2105));
#9450=EDGE_LOOP('',(#2106,#2107,#2108,#2109));
#9451=EDGE_LOOP('',(#2110,#2111,#2112,#2113));
#9452=EDGE_LOOP('',(#2114,#2115,#2116,#2117));
#9453=EDGE_LOOP('',(#2118,#2119,#2120,#2121));
#9454=EDGE_LOOP('',(#2122,#2123,#2124,#2125));
#9455=EDGE_LOOP('',(#2126,#2127,#2128,#2129));
#9456=EDGE_LOOP('',(#2130,#2131,#2132,#2133));
#9457=EDGE_LOOP('',(#2134,#2135,#2136,#2137));
#9458=EDGE_LOOP('',(#2138,#2139,#2140,#2141));
#9459=EDGE_LOOP('',(#2142,#2143,#2144,#2145));
#9460=EDGE_LOOP('',(#2146,#2147,#2148,#2149));
#9461=EDGE_LOOP('',(#2150,#2151,#2152,#2153));
#9462=EDGE_LOOP('',(#2154,#2155,#2156,#2157));
#9463=EDGE_LOOP('',(#2158,#2159,#2160,#2161));
#9464=EDGE_LOOP('',(#2162,#2163,#2164,#2165));
#9465=EDGE_LOOP('',(#2166,#2167,#2168,#2169));
#9466=EDGE_LOOP('',(#2170,#2171,#2172,#2173));
#9467=EDGE_LOOP('',(#2174,#2175,#2176,#2177));
#9468=EDGE_LOOP('',(#2178,#2179,#2180,#2181));
#9469=EDGE_LOOP('',(#2182,#2183,#2184,#2185));
#9470=EDGE_LOOP('',(#2186,#2187,#2188,#2189));
#9471=EDGE_LOOP('',(#2190,#2191,#2192,#2193));
#9472=EDGE_LOOP('',(#2194,#2195,#2196,#2197));
#9473=EDGE_LOOP('',(#2198,#2199,#2200,#2201));
#9474=EDGE_LOOP('',(#2202,#2203,#2204,#2205));
#9475=EDGE_LOOP('',(#2206,#2207,#2208,#2209));
#9476=EDGE_LOOP('',(#2210,#2211,#2212,#2213));
#9477=EDGE_LOOP('',(#2214,#2215,#2216,#2217));
#9478=EDGE_LOOP('',(#2218,#2219,#2220,#2221));
#9479=EDGE_LOOP('',(#2222,#2223,#2224,#2225));
#9480=EDGE_LOOP('',(#2226,#2227,#2228,#2229));
#9481=EDGE_LOOP('',(#2230,#2231,#2232,#2233));
#9482=EDGE_LOOP('',(#2234,#2235,#2236,#2237));
#9483=EDGE_LOOP('',(#2238,#2239,#2240,#2241));
#9484=EDGE_LOOP('',(#2242,#2243,#2244,#2245));
#9485=EDGE_LOOP('',(#2246,#2247,#2248,#2249));
#9486=EDGE_LOOP('',(#2250,#2251,#2252,#2253));
#9487=EDGE_LOOP('',(#2254,#2255,#2256,#2257));
#9488=EDGE_LOOP('',(#2258,#2259,#2260,#2261));
#9489=EDGE_LOOP('',(#2262,#2263,#2264,#2265));
#9490=EDGE_LOOP('',(#2266,#2267,#2268,#2269));
#9491=EDGE_LOOP('',(#2270,#2271,#2272,#2273));
#9492=EDGE_LOOP('',(#2274,#2275,#2276,#2277));
#9493=EDGE_LOOP('',(#2278,#2279,#2280,#2281));
#9494=EDGE_LOOP('',(#2282,#2283,#2284,#2285));
#9495=EDGE_LOOP('',(#2286,#2287,#2288,#2289));
#9496=EDGE_LOOP('',(#2290,#2291,#2292,#2293));
#9497=EDGE_LOOP('',(#2294,#2295,#2296,#2297));
#9498=EDGE_LOOP('',(#2298,#2299,#2300,#2301));
#9499=EDGE_LOOP('',(#2302,#2303,#2304,#2305));
#9500=EDGE_LOOP('',(#2306,#2307,#2308,#2309));
#9501=EDGE_LOOP('',(#2310,#2311,#2312,#2313));
#9502=EDGE_LOOP('',(#2314,#2315,#2316,#2317));
#9503=EDGE_LOOP('',(#2318,#2319,#2320,#2321));
#9504=EDGE_LOOP('',(#2322,#2323,#2324,#2325));
#9505=EDGE_LOOP('',(#2326,#2327,#2328,#2329));
#9506=EDGE_LOOP('',(#2330,#2331,#2332,#2333));
#9507=EDGE_LOOP('',(#2334,#2335,#2336,#2337));
#9508=EDGE_LOOP('',(#2338,#2339,#2340,#2341));
#9509=EDGE_LOOP('',(#2342,#2343,#2344,#2345));
#9510=EDGE_LOOP('',(#2346,#2347,#2348,#2349));
#9511=EDGE_LOOP('',(#2350,#2351,#2352,#2353));
#9512=EDGE_LOOP('',(#2354,#2355,#2356,#2357));
#9513=EDGE_LOOP('',(#2358,#2359,#2360,#2361));
#9514=EDGE_LOOP('',(#2362,#2363,#2364,#2365));
#9515=EDGE_LOOP('',(#2366,#2367,#2368,#2369));
#9516=EDGE_LOOP('',(#2370,#2371,#2372,#2373));
#9517=EDGE_LOOP('',(#2374,#2375,#2376,#2377));
#9518=EDGE_LOOP('',(#2378,#2379,#2380,#2381));
#9519=EDGE_LOOP('',(#2382,#2383,#2384,#2385));
#9520=EDGE_LOOP('',(#2386,#2387,#2388,#2389));
#9521=EDGE_LOOP('',(#2390,#2391,#2392,#2393));
#9522=EDGE_LOOP('',(#2394,#2395,#2396,#2397));
#9523=EDGE_LOOP('',(#2398,#2399,#2400,#2401));
#9524=EDGE_LOOP('',(#2402,#2403,#2404,#2405));
#9525=EDGE_LOOP('',(#2406,#2407,#2408,#2409));
#9526=EDGE_LOOP('',(#2410,#2411,#2412,#2413));
#9527=EDGE_LOOP('',(#2414,#2415,#2416,#2417));
#9528=EDGE_LOOP('',(#2418,#2419,#2420,#2421));
#9529=EDGE_LOOP('',(#2422,#2423,#2424,#2425));
#9530=EDGE_LOOP('',(#2426,#2427,#2428,#2429));
#9531=EDGE_LOOP('',(#2430,#2431,#2432,#2433));
#9532=EDGE_LOOP('',(#2434,#2435,#2436,#2437));
#9533=EDGE_LOOP('',(#2438,#2439,#2440,#2441));
#9534=EDGE_LOOP('',(#2442,#2443,#2444,#2445));
#9535=EDGE_LOOP('',(#2446,#2447,#2448,#2449));
#9536=EDGE_LOOP('',(#2450,#2451,#2452,#2453));
#9537=EDGE_LOOP('',(#2454,#2455,#2456,#2457));
#9538=EDGE_LOOP('',(#2458,#2459,#2460,#2461));
#9539=EDGE_LOOP('',(#2462,#2463,#2464,#2465));
#9540=EDGE_LOOP('',(#2466,#2467,#2468,#2469));
#9541=EDGE_LOOP('',(#2470,#2471,#2472,#2473));
#9542=EDGE_LOOP('',(#2474,#2475,#2476,#2477));
#9543=EDGE_LOOP('',(#2478,#2479,#2480,#2481));
#9544=EDGE_LOOP('',(#2482,#2483,#2484,#2485));
#9545=EDGE_LOOP('',(#2486,#2487,#2488,#2489));
#9546=EDGE_LOOP('',(#2490,#2491,#2492,#2493));
#9547=EDGE_LOOP('',(#2494,#2495,#2496,#2497));
#9548=EDGE_LOOP('',(#2498,#2499,#2500,#2501));
#9549=EDGE_LOOP('',(#2502,#2503,#2504,#2505));
#9550=EDGE_LOOP('',(#2506,#2507,#2508,#2509));
#9551=EDGE_LOOP('',(#2510,#2511,#2512,#2513));
#9552=EDGE_LOOP('',(#2514,#2515,#2516,#2517));
#9553=EDGE_LOOP('',(#2518,#2519,#2520,#2521));
#9554=EDGE_LOOP('',(#2522,#2523,#2524,#2525));
#9555=EDGE_LOOP('',(#2526,#2527,#2528,#2529));
#9556=EDGE_LOOP('',(#2530,#2531,#2532,#2533));
#9557=EDGE_LOOP('',(#2534,#2535,#2536,#2537));
#9558=EDGE_LOOP('',(#2538,#2539,#2540,#2541));
#9559=EDGE_LOOP('',(#2542,#2543,#2544,#2545));
#9560=EDGE_LOOP('',(#2546,#2547,#2548,#2549));
#9561=EDGE_LOOP('',(#2550,#2551,#2552,#2553));
#9562=EDGE_LOOP('',(#2554,#2555,#2556,#2557));
#9563=EDGE_LOOP('',(#2558,#2559,#2560,#2561));
#9564=EDGE_LOOP('',(#2562,#2563,#2564,#2565));
#9565=EDGE_LOOP('',(#2566,#2567,#2568,#2569));
#9566=EDGE_LOOP('',(#2570,#2571,#2572,#2573));
#9567=EDGE_LOOP('',(#2574,#2575,#2576,#2577));
#9568=EDGE_LOOP('',(#2578,#2579,#2580,#2581));
#9569=EDGE_LOOP('',(#2582,#2583,#2584,#2585));
#9570=EDGE_LOOP('',(#2586,#2587,#2588,#2589));
#9571=EDGE_LOOP('',(#2590,#2591,#2592,#2593));
#9572=EDGE_LOOP('',(#2594,#2595,#2596,#2597));
#9573=EDGE_LOOP('',(#2598,#2599,#2600,#2601));
#9574=EDGE_LOOP('',(#2602,#2603,#2604,#2605));
#9575=EDGE_LOOP('',(#2606,#2607,#2608,#2609));
#9576=EDGE_LOOP('',(#2610,#2611,#2612,#2613));
#9577=EDGE_LOOP('',(#2614,#2615,#2616,#2617));
#9578=EDGE_LOOP('',(#2618,#2619,#2620,#2621));
#9579=EDGE_LOOP('',(#2622,#2623,#2624,#2625));
#9580=EDGE_LOOP('',(#2626,#2627,#2628,#2629));
#9581=EDGE_LOOP('',(#2630,#2631,#2632,#2633));
#9582=EDGE_LOOP('',(#2634,#2635,#2636,#2637));
#9583=EDGE_LOOP('',(#2638,#2639,#2640,#2641));
#9584=EDGE_LOOP('',(#2642,#2643,#2644,#2645));
#9585=EDGE_LOOP('',(#2646,#2647,#2648,#2649));
#9586=EDGE_LOOP('',(#2650,#2651,#2652,#2653));
#9587=EDGE_LOOP('',(#2654,#2655,#2656,#2657));
#9588=EDGE_LOOP('',(#2658,#2659,#2660,#2661));
#9589=EDGE_LOOP('',(#2662,#2663,#2664,#2665));
#9590=EDGE_LOOP('',(#2666,#2667,#2668,#2669));
#9591=EDGE_LOOP('',(#2670,#2671,#2672,#2673));
#9592=EDGE_LOOP('',(#2674,#2675,#2676,#2677));
#9593=EDGE_LOOP('',(#2678,#2679,#2680,#2681));
#9594=EDGE_LOOP('',(#2682,#2683,#2684,#2685));
#9595=EDGE_LOOP('',(#2686,#2687,#2688,#2689));
#9596=EDGE_LOOP('',(#2690,#2691,#2692,#2693));
#9597=EDGE_LOOP('',(#2694,#2695,#2696,#2697));
#9598=EDGE_LOOP('',(#2698,#2699,#2700,#2701));
#9599=EDGE_LOOP('',(#2702,#2703,#2704,#2705));
#9600=EDGE_LOOP('',(#2706,#2707,#2708,#2709));
#9601=EDGE_LOOP('',(#2710,#2711,#2712,#2713));
#9602=EDGE_LOOP('',(#2714,#2715,#2716,#2717));
#9603=EDGE_LOOP('',(#2718,#2719,#2720,#2721));
#9604=EDGE_LOOP('',(#2722,#2723,#2724,#2725));
#9605=EDGE_LOOP('',(#2726,#2727,#2728,#2729));
#9606=EDGE_LOOP('',(#2730,#2731,#2732,#2733));
#9607=EDGE_LOOP('',(#2734,#2735,#2736,#2737));
#9608=EDGE_LOOP('',(#2738,#2739,#2740,#2741));
#9609=EDGE_LOOP('',(#2742,#2743,#2744,#2745));
#9610=EDGE_LOOP('',(#2746,#2747,#2748,#2749));
#9611=EDGE_LOOP('',(#2750,#2751,#2752,#2753));
#9612=EDGE_LOOP('',(#2754,#2755,#2756,#2757));
#9613=EDGE_LOOP('',(#2758,#2759,#2760,#2761));
#9614=EDGE_LOOP('',(#2762,#2763,#2764,#2765));
#9615=EDGE_LOOP('',(#2766,#2767,#2768,#2769));
#9616=EDGE_LOOP('',(#2770,#2771,#2772,#2773));
#9617=EDGE_LOOP('',(#2774,#2775,#2776,#2777));
#9618=EDGE_LOOP('',(#2778,#2779,#2780,#2781));
#9619=EDGE_LOOP('',(#2782,#2783,#2784,#2785));
#9620=EDGE_LOOP('',(#2786,#2787,#2788,#2789));
#9621=EDGE_LOOP('',(#2790,#2791,#2792,#2793));
#9622=EDGE_LOOP('',(#2794,#2795,#2796,#2797));
#9623=EDGE_LOOP('',(#2798,#2799,#2800,#2801));
#9624=EDGE_LOOP('',(#2802,#2803,#2804,#2805));
#9625=EDGE_LOOP('',(#2806,#2807,#2808,#2809));
#9626=EDGE_LOOP('',(#2810,#2811,#2812,#2813));
#9627=EDGE_LOOP('',(#2814,#2815,#2816,#2817));
#9628=EDGE_LOOP('',(#2818,#2819,#2820,#2821));
#9629=EDGE_LOOP('',(#2822,#2823,#2824,#2825));
#9630=EDGE_LOOP('',(#2826,#2827,#2828,#2829));
#9631=EDGE_LOOP('',(#2830,#2831,#2832,#2833));
#9632=EDGE_LOOP('',(#2834,#2835,#2836,#2837));
#9633=EDGE_LOOP('',(#2838,#2839,#2840,#2841));
#9634=EDGE_LOOP('',(#2842,#2843,#2844,#2845));
#9635=EDGE_LOOP('',(#2846,#2847,#2848,#2849));
#9636=EDGE_LOOP('',(#2850,#2851,#2852,#2853));
#9637=EDGE_LOOP('',(#2854,#2855,#2856,#2857));
#9638=EDGE_LOOP('',(#2858,#2859,#2860,#2861));
#9639=EDGE_LOOP('',(#2862,#2863,#2864,#2865));
#9640=EDGE_LOOP('',(#2866,#2867,#2868,#2869));
#9641=EDGE_LOOP('',(#2870,#2871,#2872,#2873));
#9642=EDGE_LOOP('',(#2874,#2875,#2876,#2877));
#9643=EDGE_LOOP('',(#2878,#2879,#2880,#2881));
#9644=EDGE_LOOP('',(#2882,#2883,#2884,#2885));
#9645=EDGE_LOOP('',(#2886,#2887,#2888,#2889));
#9646=EDGE_LOOP('',(#2890,#2891,#2892,#2893));
#9647=EDGE_LOOP('',(#2894,#2895,#2896,#2897));
#9648=EDGE_LOOP('',(#2898,#2899,#2900,#2901));
#9649=EDGE_LOOP('',(#2902,#2903,#2904,#2905));
#9650=EDGE_LOOP('',(#2906,#2907,#2908,#2909));
#9651=EDGE_LOOP('',(#2910,#2911,#2912,#2913));
#9652=EDGE_LOOP('',(#2914,#2915,#2916,#2917));
#9653=EDGE_LOOP('',(#2918,#2919,#2920,#2921));
#9654=EDGE_LOOP('',(#2922,#2923,#2924,#2925));
#9655=EDGE_LOOP('',(#2926,#2927,#2928,#2929));
#9656=EDGE_LOOP('',(#2930,#2931,#2932,#2933));
#9657=EDGE_LOOP('',(#2934,#2935,#2936,#2937));
#9658=EDGE_LOOP('',(#2938,#2939,#2940,#2941));
#9659=EDGE_LOOP('',(#2942,#2943,#2944,#2945));
#9660=EDGE_LOOP('',(#2946,#2947,#2948,#2949));
#9661=EDGE_LOOP('',(#2950,#2951,#2952,#2953));
#9662=EDGE_LOOP('',(#2954,#2955,#2956,#2957));
#9663=EDGE_LOOP('',(#2958,#2959,#2960,#2961));
#9664=EDGE_LOOP('',(#2962,#2963,#2964,#2965));
#9665=EDGE_LOOP('',(#2966,#2967,#2968,#2969));
#9666=EDGE_LOOP('',(#2970,#2971,#2972,#2973));
#9667=EDGE_LOOP('',(#2974,#2975,#2976,#2977));
#9668=EDGE_LOOP('',(#2978,#2979,#2980,#2981));
#9669=EDGE_LOOP('',(#2982,#2983,#2984,#2985));
#9670=EDGE_LOOP('',(#2986,#2987,#2988,#2989));
#9671=EDGE_LOOP('',(#2990,#2991,#2992,#2993));
#9672=EDGE_LOOP('',(#2994,#2995,#2996,#2997));
#9673=EDGE_LOOP('',(#2998,#2999,#3000,#3001));
#9674=EDGE_LOOP('',(#3002,#3003,#3004,#3005));
#9675=EDGE_LOOP('',(#3006,#3007,#3008,#3009));
#9676=EDGE_LOOP('',(#3010,#3011,#3012,#3013));
#9677=EDGE_LOOP('',(#3014,#3015,#3016,#3017));
#9678=EDGE_LOOP('',(#3018,#3019,#3020,#3021));
#9679=EDGE_LOOP('',(#3022,#3023,#3024,#3025));
#9680=EDGE_LOOP('',(#3026,#3027,#3028,#3029));
#9681=EDGE_LOOP('',(#3030,#3031,#3032,#3033));
#9682=EDGE_LOOP('',(#3034,#3035,#3036,#3037));
#9683=EDGE_LOOP('',(#3038,#3039,#3040,#3041));
#9684=EDGE_LOOP('',(#3042,#3043,#3044,#3045));
#9685=EDGE_LOOP('',(#3046,#3047,#3048,#3049));
#9686=EDGE_LOOP('',(#3050,#3051,#3052,#3053));
#9687=EDGE_LOOP('',(#3054,#3055,#3056,#3057));
#9688=EDGE_LOOP('',(#3058,#3059,#3060,#3061));
#9689=EDGE_LOOP('',(#3062,#3063,#3064,#3065));
#9690=EDGE_LOOP('',(#3066,#3067,#3068,#3069));
#9691=EDGE_LOOP('',(#3070,#3071,#3072,#3073));
#9692=EDGE_LOOP('',(#3074,#3075,#3076,#3077));
#9693=EDGE_LOOP('',(#3078,#3079,#3080,#3081));
#9694=EDGE_LOOP('',(#3082,#3083,#3084,#3085));
#9695=EDGE_LOOP('',(#3086,#3087,#3088,#3089));
#9696=EDGE_LOOP('',(#3090,#3091,#3092,#3093));
#9697=EDGE_LOOP('',(#3094,#3095,#3096,#3097));
#9698=EDGE_LOOP('',(#3098,#3099,#3100,#3101));
#9699=EDGE_LOOP('',(#3102,#3103,#3104,#3105));
#9700=EDGE_LOOP('',(#3106,#3107,#3108,#3109));
#9701=EDGE_LOOP('',(#3110,#3111,#3112,#3113));
#9702=EDGE_LOOP('',(#3114,#3115,#3116,#3117));
#9703=EDGE_LOOP('',(#3118,#3119,#3120,#3121));
#9704=EDGE_LOOP('',(#3122,#3123,#3124,#3125));
#9705=EDGE_LOOP('',(#3126,#3127,#3128,#3129));
#9706=EDGE_LOOP('',(#3130,#3131,#3132,#3133));
#9707=EDGE_LOOP('',(#3134,#3135,#3136,#3137));
#9708=EDGE_LOOP('',(#3138,#3139,#3140,#3141));
#9709=EDGE_LOOP('',(#3142,#3143,#3144,#3145));
#9710=EDGE_LOOP('',(#3146,#3147,#3148,#3149,#3150,#3151));
#9711=EDGE_LOOP('',(#3152,#3153,#3154,#3155));
#9712=EDGE_LOOP('',(#3156,#3157,#3158,#3159,#3160,#3161));
#9713=EDGE_LOOP('',(#3162,#3163,#3164,#3165));
#9714=EDGE_LOOP('',(#3166,#3167,#3168,#3169));
#9715=EDGE_LOOP('',(#3170,#3171,#3172));
#9716=EDGE_LOOP('',(#3173,#3174,#3175,#3176));
#9717=EDGE_LOOP('',(#3177,#3178,#3179));
#9718=FACE_BOUND('',#8936,.T.);
#9719=FACE_BOUND('',#8937,.T.);
#9720=FACE_BOUND('',#8938,.T.);
#9721=FACE_BOUND('',#8939,.T.);
#9722=FACE_BOUND('',#8940,.T.);
#9723=FACE_BOUND('',#8941,.T.);
#9724=FACE_BOUND('',#8942,.T.);
#9725=FACE_BOUND('',#8943,.T.);
#9726=FACE_BOUND('',#8944,.T.);
#9727=FACE_BOUND('',#8945,.T.);
#9728=FACE_BOUND('',#8946,.T.);
#9729=FACE_BOUND('',#8947,.T.);
#9730=FACE_BOUND('',#8948,.T.);
#9731=FACE_BOUND('',#8949,.T.);
#9732=FACE_BOUND('',#8950,.T.);
#9733=FACE_BOUND('',#8951,.T.);
#9734=FACE_BOUND('',#8952,.T.);
#9735=FACE_BOUND('',#8953,.T.);
#9736=FACE_BOUND('',#8954,.T.);
#9737=FACE_BOUND('',#8955,.T.);
#9738=FACE_BOUND('',#8956,.T.);
#9739=FACE_BOUND('',#8957,.T.);
#9740=FACE_BOUND('',#8958,.T.);
#9741=FACE_BOUND('',#8959,.T.);
#9742=FACE_BOUND('',#8960,.T.);
#9743=FACE_BOUND('',#8961,.T.);
#9744=FACE_BOUND('',#8962,.T.);
#9745=FACE_BOUND('',#8963,.T.);
#9746=FACE_BOUND('',#8964,.T.);
#9747=FACE_BOUND('',#8965,.T.);
#9748=FACE_BOUND('',#8966,.T.);
#9749=FACE_BOUND('',#8967,.T.);
#9750=FACE_BOUND('',#8968,.T.);
#9751=FACE_BOUND('',#8969,.T.);
#9752=FACE_BOUND('',#8970,.T.);
#9753=FACE_BOUND('',#8971,.T.);
#9754=FACE_BOUND('',#8972,.T.);
#9755=FACE_BOUND('',#8973,.T.);
#9756=FACE_BOUND('',#8974,.T.);
#9757=FACE_BOUND('',#8975,.T.);
#9758=FACE_BOUND('',#8976,.T.);
#9759=FACE_BOUND('',#8977,.T.);
#9760=FACE_BOUND('',#8978,.T.);
#9761=FACE_BOUND('',#8979,.T.);
#9762=FACE_BOUND('',#8980,.T.);
#9763=FACE_BOUND('',#8981,.T.);
#9764=FACE_BOUND('',#8982,.T.);
#9765=FACE_BOUND('',#8983,.T.);
#9766=FACE_BOUND('',#8984,.T.);
#9767=FACE_BOUND('',#8985,.T.);
#9768=FACE_BOUND('',#8986,.T.);
#9769=FACE_BOUND('',#8987,.T.);
#9770=FACE_BOUND('',#8988,.T.);
#9771=FACE_BOUND('',#8989,.T.);
#9772=FACE_BOUND('',#8990,.T.);
#9773=FACE_BOUND('',#8991,.T.);
#9774=FACE_BOUND('',#8992,.T.);
#9775=FACE_BOUND('',#8993,.T.);
#9776=FACE_BOUND('',#8994,.T.);
#9777=FACE_BOUND('',#8995,.T.);
#9778=FACE_BOUND('',#8996,.T.);
#9779=FACE_BOUND('',#8997,.T.);
#9780=FACE_BOUND('',#8998,.T.);
#9781=FACE_BOUND('',#8999,.T.);
#9782=FACE_BOUND('',#9000,.T.);
#9783=FACE_BOUND('',#9001,.T.);
#9784=FACE_BOUND('',#9002,.T.);
#9785=FACE_BOUND('',#9003,.T.);
#9786=FACE_BOUND('',#9004,.T.);
#9787=FACE_BOUND('',#9005,.T.);
#9788=FACE_BOUND('',#9006,.T.);
#9789=FACE_BOUND('',#9007,.T.);
#9790=FACE_BOUND('',#9008,.T.);
#9791=FACE_BOUND('',#9009,.T.);
#9792=FACE_BOUND('',#9010,.T.);
#9793=FACE_BOUND('',#9011,.T.);
#9794=FACE_BOUND('',#9012,.T.);
#9795=FACE_BOUND('',#9013,.T.);
#9796=FACE_BOUND('',#9014,.T.);
#9797=FACE_BOUND('',#9015,.T.);
#9798=FACE_BOUND('',#9016,.T.);
#9799=FACE_BOUND('',#9017,.T.);
#9800=FACE_BOUND('',#9018,.T.);
#9801=FACE_BOUND('',#9019,.T.);
#9802=FACE_BOUND('',#9020,.T.);
#9803=FACE_BOUND('',#9021,.T.);
#9804=FACE_BOUND('',#9022,.T.);
#9805=FACE_BOUND('',#9023,.T.);
#9806=FACE_BOUND('',#9024,.T.);
#9807=FACE_BOUND('',#9025,.T.);
#9808=FACE_BOUND('',#9026,.T.);
#9809=FACE_BOUND('',#9027,.T.);
#9810=FACE_BOUND('',#9028,.T.);
#9811=FACE_BOUND('',#9029,.T.);
#9812=FACE_BOUND('',#9030,.T.);
#9813=FACE_BOUND('',#9031,.T.);
#9814=FACE_BOUND('',#9032,.T.);
#9815=FACE_BOUND('',#9033,.T.);
#9816=FACE_BOUND('',#9034,.T.);
#9817=FACE_BOUND('',#9035,.T.);
#9818=FACE_BOUND('',#9036,.T.);
#9819=FACE_BOUND('',#9037,.T.);
#9820=FACE_BOUND('',#9038,.T.);
#9821=FACE_BOUND('',#9039,.T.);
#9822=FACE_BOUND('',#9040,.T.);
#9823=FACE_BOUND('',#9041,.T.);
#9824=FACE_BOUND('',#9042,.T.);
#9825=FACE_BOUND('',#9043,.T.);
#9826=FACE_BOUND('',#9044,.T.);
#9827=FACE_BOUND('',#9045,.T.);
#9828=FACE_BOUND('',#9046,.T.);
#9829=FACE_BOUND('',#9047,.T.);
#9830=FACE_BOUND('',#9048,.T.);
#9831=FACE_BOUND('',#9049,.T.);
#9832=FACE_BOUND('',#9050,.T.);
#9833=FACE_BOUND('',#9051,.T.);
#9834=FACE_BOUND('',#9052,.T.);
#9835=FACE_BOUND('',#9053,.T.);
#9836=FACE_BOUND('',#9054,.T.);
#9837=FACE_BOUND('',#9055,.T.);
#9838=FACE_BOUND('',#9056,.T.);
#9839=FACE_BOUND('',#9057,.T.);
#9840=FACE_BOUND('',#9058,.T.);
#9841=FACE_BOUND('',#9059,.T.);
#9842=FACE_BOUND('',#9060,.T.);
#9843=FACE_BOUND('',#9061,.T.);
#9844=FACE_BOUND('',#9062,.T.);
#9845=FACE_BOUND('',#9063,.T.);
#9846=FACE_BOUND('',#9064,.T.);
#9847=FACE_BOUND('',#9065,.T.);
#9848=FACE_BOUND('',#9066,.T.);
#9849=FACE_BOUND('',#9067,.T.);
#9850=FACE_BOUND('',#9068,.T.);
#9851=FACE_BOUND('',#9069,.T.);
#9852=FACE_BOUND('',#9070,.T.);
#9853=FACE_BOUND('',#9071,.T.);
#9854=FACE_BOUND('',#9072,.T.);
#9855=FACE_BOUND('',#9073,.T.);
#9856=FACE_BOUND('',#9074,.T.);
#9857=FACE_BOUND('',#9075,.T.);
#9858=FACE_BOUND('',#9076,.T.);
#9859=FACE_BOUND('',#9077,.T.);
#9860=FACE_BOUND('',#9078,.T.);
#9861=FACE_BOUND('',#9079,.T.);
#9862=FACE_BOUND('',#9080,.T.);
#9863=FACE_BOUND('',#9081,.T.);
#9864=FACE_BOUND('',#9082,.T.);
#9865=FACE_BOUND('',#9083,.T.);
#9866=FACE_BOUND('',#9084,.T.);
#9867=FACE_BOUND('',#9085,.T.);
#9868=FACE_BOUND('',#9086,.T.);
#9869=FACE_BOUND('',#9087,.T.);
#9870=FACE_BOUND('',#9088,.T.);
#9871=FACE_BOUND('',#9089,.T.);
#9872=FACE_BOUND('',#9090,.T.);
#9873=FACE_BOUND('',#9091,.T.);
#9874=FACE_BOUND('',#9092,.T.);
#9875=FACE_BOUND('',#9093,.T.);
#9876=FACE_BOUND('',#9094,.T.);
#9877=FACE_BOUND('',#9095,.T.);
#9878=FACE_BOUND('',#9096,.T.);
#9879=FACE_BOUND('',#9097,.T.);
#9880=FACE_BOUND('',#9098,.T.);
#9881=FACE_BOUND('',#9099,.T.);
#9882=FACE_BOUND('',#9100,.T.);
#9883=FACE_BOUND('',#9101,.T.);
#9884=FACE_BOUND('',#9102,.T.);
#9885=FACE_BOUND('',#9103,.T.);
#9886=FACE_BOUND('',#9104,.T.);
#9887=FACE_BOUND('',#9105,.T.);
#9888=FACE_BOUND('',#9106,.T.);
#9889=FACE_BOUND('',#9107,.T.);
#9890=FACE_BOUND('',#9108,.T.);
#9891=FACE_BOUND('',#9109,.T.);
#9892=FACE_BOUND('',#9110,.T.);
#9893=FACE_BOUND('',#9111,.T.);
#9894=FACE_BOUND('',#9112,.T.);
#9895=FACE_BOUND('',#9113,.T.);
#9896=FACE_BOUND('',#9114,.T.);
#9897=FACE_BOUND('',#9115,.T.);
#9898=FACE_BOUND('',#9116,.T.);
#9899=FACE_BOUND('',#9117,.T.);
#9900=FACE_BOUND('',#9118,.T.);
#9901=FACE_BOUND('',#9119,.T.);
#9902=FACE_BOUND('',#9120,.T.);
#9903=FACE_BOUND('',#9121,.T.);
#9904=FACE_BOUND('',#9122,.T.);
#9905=FACE_BOUND('',#9123,.T.);
#9906=FACE_BOUND('',#9124,.T.);
#9907=FACE_BOUND('',#9125,.T.);
#9908=FACE_BOUND('',#9126,.T.);
#9909=FACE_BOUND('',#9127,.T.);
#9910=FACE_BOUND('',#9128,.T.);
#9911=FACE_BOUND('',#9129,.T.);
#9912=FACE_BOUND('',#9130,.T.);
#9913=FACE_BOUND('',#9131,.T.);
#9914=FACE_BOUND('',#9132,.T.);
#9915=FACE_BOUND('',#9133,.T.);
#9916=FACE_BOUND('',#9134,.T.);
#9917=FACE_BOUND('',#9135,.T.);
#9918=FACE_BOUND('',#9136,.T.);
#9919=FACE_BOUND('',#9137,.T.);
#9920=FACE_BOUND('',#9138,.T.);
#9921=FACE_BOUND('',#9139,.T.);
#9922=FACE_BOUND('',#9140,.T.);
#9923=FACE_BOUND('',#9141,.T.);
#9924=FACE_BOUND('',#9142,.T.);
#9925=FACE_BOUND('',#9143,.T.);
#9926=FACE_BOUND('',#9144,.T.);
#9927=FACE_BOUND('',#9145,.T.);
#9928=FACE_BOUND('',#9146,.T.);
#9929=FACE_BOUND('',#9147,.T.);
#9930=FACE_BOUND('',#9148,.T.);
#9931=FACE_BOUND('',#9149,.T.);
#9932=FACE_BOUND('',#9150,.T.);
#9933=FACE_BOUND('',#9151,.T.);
#9934=FACE_BOUND('',#9152,.T.);
#9935=FACE_BOUND('',#9153,.T.);
#9936=FACE_BOUND('',#9154,.T.);
#9937=FACE_BOUND('',#9155,.T.);
#9938=FACE_BOUND('',#9156,.T.);
#9939=FACE_BOUND('',#9157,.T.);
#9940=FACE_BOUND('',#9158,.T.);
#9941=FACE_BOUND('',#9159,.T.);
#9942=FACE_BOUND('',#9160,.T.);
#9943=FACE_BOUND('',#9161,.T.);
#9944=FACE_BOUND('',#9162,.T.);
#9945=FACE_BOUND('',#9163,.T.);
#9946=FACE_BOUND('',#9164,.T.);
#9947=FACE_BOUND('',#9165,.T.);
#9948=FACE_BOUND('',#9166,.T.);
#9949=FACE_BOUND('',#9167,.T.);
#9950=FACE_BOUND('',#9168,.T.);
#9951=FACE_BOUND('',#9169,.T.);
#9952=FACE_BOUND('',#9170,.T.);
#9953=FACE_BOUND('',#9171,.T.);
#9954=FACE_BOUND('',#9172,.T.);
#9955=FACE_BOUND('',#9173,.T.);
#9956=FACE_BOUND('',#9174,.T.);
#9957=FACE_BOUND('',#9175,.T.);
#9958=FACE_BOUND('',#9176,.T.);
#9959=FACE_BOUND('',#9177,.T.);
#9960=FACE_BOUND('',#9178,.T.);
#9961=FACE_BOUND('',#9179,.T.);
#9962=FACE_BOUND('',#9180,.T.);
#9963=FACE_BOUND('',#9181,.T.);
#9964=FACE_BOUND('',#9182,.T.);
#9965=FACE_BOUND('',#9183,.T.);
#9966=FACE_BOUND('',#9184,.T.);
#9967=FACE_BOUND('',#9185,.T.);
#9968=FACE_BOUND('',#9186,.T.);
#9969=FACE_BOUND('',#9187,.T.);
#9970=FACE_BOUND('',#9188,.T.);
#9971=FACE_BOUND('',#9189,.T.);
#9972=FACE_BOUND('',#9190,.T.);
#9973=FACE_BOUND('',#9191,.T.);
#9974=FACE_BOUND('',#9192,.T.);
#9975=FACE_BOUND('',#9193,.T.);
#9976=FACE_BOUND('',#9194,.T.);
#9977=FACE_BOUND('',#9195,.T.);
#9978=FACE_BOUND('',#9196,.T.);
#9979=FACE_BOUND('',#9197,.T.);
#9980=FACE_BOUND('',#9198,.T.);
#9981=FACE_BOUND('',#9199,.T.);
#9982=FACE_BOUND('',#9200,.T.);
#9983=FACE_BOUND('',#9201,.T.);
#9984=FACE_BOUND('',#9202,.T.);
#9985=FACE_BOUND('',#9203,.T.);
#9986=FACE_BOUND('',#9204,.T.);
#9987=FACE_BOUND('',#9205,.T.);
#9988=FACE_BOUND('',#9206,.T.);
#9989=FACE_BOUND('',#9207,.T.);
#9990=FACE_BOUND('',#9208,.T.);
#9991=FACE_BOUND('',#9209,.T.);
#9992=FACE_BOUND('',#9210,.T.);
#9993=FACE_BOUND('',#9211,.T.);
#9994=FACE_BOUND('',#9212,.T.);
#9995=FACE_BOUND('',#9213,.T.);
#9996=FACE_BOUND('',#9214,.T.);
#9997=FACE_BOUND('',#9215,.T.);
#9998=FACE_BOUND('',#9216,.T.);
#9999=FACE_BOUND('',#9217,.T.);
#10000=FACE_BOUND('',#9218,.T.);
#10001=FACE_BOUND('',#9219,.T.);
#10002=FACE_BOUND('',#9220,.T.);
#10003=FACE_BOUND('',#9221,.T.);
#10004=FACE_BOUND('',#9222,.T.);
#10005=FACE_BOUND('',#9223,.T.);
#10006=FACE_BOUND('',#9224,.T.);
#10007=FACE_BOUND('',#9225,.T.);
#10008=FACE_BOUND('',#9226,.T.);
#10009=FACE_BOUND('',#9227,.T.);
#10010=FACE_BOUND('',#9228,.T.);
#10011=FACE_BOUND('',#9229,.T.);
#10012=FACE_BOUND('',#9230,.T.);
#10013=FACE_BOUND('',#9231,.T.);
#10014=FACE_BOUND('',#9232,.T.);
#10015=FACE_BOUND('',#9233,.T.);
#10016=FACE_BOUND('',#9234,.T.);
#10017=FACE_BOUND('',#9235,.T.);
#10018=FACE_BOUND('',#9236,.T.);
#10019=FACE_BOUND('',#9237,.T.);
#10020=FACE_BOUND('',#9238,.T.);
#10021=FACE_BOUND('',#9239,.T.);
#10022=FACE_BOUND('',#9240,.T.);
#10023=FACE_BOUND('',#9241,.T.);
#10024=FACE_BOUND('',#9242,.T.);
#10025=FACE_BOUND('',#9243,.T.);
#10026=FACE_BOUND('',#9244,.T.);
#10027=FACE_BOUND('',#9245,.T.);
#10028=FACE_BOUND('',#9246,.T.);
#10029=FACE_BOUND('',#9247,.T.);
#10030=FACE_BOUND('',#9248,.T.);
#10031=FACE_BOUND('',#9249,.T.);
#10032=FACE_BOUND('',#9250,.T.);
#10033=FACE_BOUND('',#9251,.T.);
#10034=FACE_BOUND('',#9252,.T.);
#10035=FACE_BOUND('',#9253,.T.);
#10036=FACE_BOUND('',#9254,.T.);
#10037=FACE_BOUND('',#9255,.T.);
#10038=FACE_BOUND('',#9256,.T.);
#10039=FACE_BOUND('',#9257,.T.);
#10040=FACE_BOUND('',#9258,.T.);
#10041=FACE_BOUND('',#9259,.T.);
#10042=FACE_BOUND('',#9260,.T.);
#10043=FACE_BOUND('',#9261,.T.);
#10044=FACE_BOUND('',#9262,.T.);
#10045=FACE_BOUND('',#9263,.T.);
#10046=FACE_BOUND('',#9264,.T.);
#10047=FACE_BOUND('',#9265,.T.);
#10048=FACE_BOUND('',#9266,.T.);
#10049=FACE_BOUND('',#9267,.T.);
#10050=FACE_BOUND('',#9268,.T.);
#10051=FACE_BOUND('',#9269,.T.);
#10052=FACE_BOUND('',#9270,.T.);
#10053=FACE_BOUND('',#9271,.T.);
#10054=FACE_BOUND('',#9272,.T.);
#10055=FACE_BOUND('',#9273,.T.);
#10056=FACE_BOUND('',#9274,.T.);
#10057=FACE_BOUND('',#9275,.T.);
#10058=FACE_BOUND('',#9276,.T.);
#10059=FACE_BOUND('',#9277,.T.);
#10060=FACE_BOUND('',#9278,.T.);
#10061=FACE_BOUND('',#9279,.T.);
#10062=FACE_BOUND('',#9280,.T.);
#10063=FACE_BOUND('',#9281,.T.);
#10064=FACE_BOUND('',#9282,.T.);
#10065=FACE_BOUND('',#9283,.T.);
#10066=FACE_BOUND('',#9284,.T.);
#10067=FACE_BOUND('',#9285,.T.);
#10068=FACE_BOUND('',#9286,.T.);
#10069=FACE_BOUND('',#9287,.T.);
#10070=FACE_BOUND('',#9288,.T.);
#10071=FACE_BOUND('',#9289,.T.);
#10072=FACE_BOUND('',#9290,.T.);
#10073=FACE_BOUND('',#9291,.T.);
#10074=FACE_BOUND('',#9292,.T.);
#10075=FACE_BOUND('',#9293,.T.);
#10076=FACE_BOUND('',#9294,.T.);
#10077=FACE_BOUND('',#9295,.T.);
#10078=FACE_BOUND('',#9296,.T.);
#10079=FACE_BOUND('',#9297,.T.);
#10080=FACE_BOUND('',#9298,.T.);
#10081=FACE_BOUND('',#9299,.T.);
#10082=FACE_BOUND('',#9300,.T.);
#10083=FACE_BOUND('',#9301,.T.);
#10084=FACE_BOUND('',#9302,.T.);
#10085=FACE_BOUND('',#9303,.T.);
#10086=FACE_BOUND('',#9304,.T.);
#10087=FACE_BOUND('',#9305,.T.);
#10088=FACE_BOUND('',#9306,.T.);
#10089=FACE_BOUND('',#9307,.T.);
#10090=FACE_BOUND('',#9308,.T.);
#10091=FACE_BOUND('',#9309,.T.);
#10092=FACE_BOUND('',#9310,.T.);
#10093=FACE_BOUND('',#9311,.T.);
#10094=FACE_BOUND('',#9312,.T.);
#10095=FACE_BOUND('',#9313,.T.);
#10096=FACE_BOUND('',#9314,.T.);
#10097=FACE_BOUND('',#9315,.T.);
#10098=FACE_BOUND('',#9316,.T.);
#10099=FACE_BOUND('',#9317,.T.);
#10100=FACE_BOUND('',#9318,.T.);
#10101=FACE_BOUND('',#9319,.T.);
#10102=FACE_BOUND('',#9320,.T.);
#10103=FACE_BOUND('',#9321,.T.);
#10104=FACE_BOUND('',#9322,.T.);
#10105=FACE_BOUND('',#9323,.T.);
#10106=FACE_BOUND('',#9324,.T.);
#10107=FACE_BOUND('',#9325,.T.);
#10108=FACE_BOUND('',#9326,.T.);
#10109=FACE_BOUND('',#9327,.T.);
#10110=FACE_BOUND('',#9328,.T.);
#10111=FACE_BOUND('',#9329,.T.);
#10112=FACE_BOUND('',#9330,.T.);
#10113=FACE_BOUND('',#9331,.T.);
#10114=FACE_BOUND('',#9332,.T.);
#10115=FACE_BOUND('',#9333,.T.);
#10116=FACE_BOUND('',#9334,.T.);
#10117=FACE_BOUND('',#9335,.T.);
#10118=FACE_BOUND('',#9336,.T.);
#10119=FACE_BOUND('',#9337,.T.);
#10120=FACE_BOUND('',#9338,.T.);
#10121=FACE_BOUND('',#9339,.T.);
#10122=FACE_BOUND('',#9340,.T.);
#10123=FACE_BOUND('',#9341,.T.);
#10124=FACE_BOUND('',#9342,.T.);
#10125=FACE_BOUND('',#9343,.T.);
#10126=FACE_BOUND('',#9344,.T.);
#10127=FACE_BOUND('',#9345,.T.);
#10128=FACE_BOUND('',#9346,.T.);
#10129=FACE_BOUND('',#9347,.T.);
#10130=FACE_BOUND('',#9348,.T.);
#10131=FACE_BOUND('',#9349,.T.);
#10132=FACE_BOUND('',#9350,.T.);
#10133=FACE_BOUND('',#9351,.T.);
#10134=FACE_BOUND('',#9352,.T.);
#10135=FACE_BOUND('',#9353,.T.);
#10136=FACE_BOUND('',#9354,.T.);
#10137=FACE_BOUND('',#9355,.T.);
#10138=FACE_BOUND('',#9356,.T.);
#10139=FACE_BOUND('',#9357,.T.);
#10140=FACE_BOUND('',#9358,.T.);
#10141=FACE_BOUND('',#9359,.T.);
#10142=FACE_BOUND('',#9360,.T.);
#10143=FACE_BOUND('',#9361,.T.);
#10144=FACE_BOUND('',#9362,.T.);
#10145=FACE_BOUND('',#9363,.T.);
#10146=FACE_BOUND('',#9364,.T.);
#10147=FACE_BOUND('',#9365,.T.);
#10148=FACE_BOUND('',#9366,.T.);
#10149=FACE_BOUND('',#9367,.T.);
#10150=FACE_BOUND('',#9368,.T.);
#10151=FACE_BOUND('',#9369,.T.);
#10152=FACE_BOUND('',#9370,.T.);
#10153=FACE_BOUND('',#9371,.T.);
#10154=FACE_BOUND('',#9372,.T.);
#10155=FACE_BOUND('',#9373,.T.);
#10156=FACE_BOUND('',#9374,.T.);
#10157=FACE_BOUND('',#9375,.T.);
#10158=FACE_BOUND('',#9376,.T.);
#10159=FACE_BOUND('',#9377,.T.);
#10160=FACE_BOUND('',#9378,.T.);
#10161=FACE_BOUND('',#9379,.T.);
#10162=FACE_BOUND('',#9380,.T.);
#10163=FACE_BOUND('',#9381,.T.);
#10164=FACE_BOUND('',#9382,.T.);
#10165=FACE_BOUND('',#9383,.T.);
#10166=FACE_BOUND('',#9384,.T.);
#10167=FACE_BOUND('',#9385,.T.);
#10168=FACE_BOUND('',#9386,.T.);
#10169=FACE_BOUND('',#9387,.T.);
#10170=FACE_BOUND('',#9388,.T.);
#10171=FACE_BOUND('',#9389,.T.);
#10172=FACE_BOUND('',#9390,.T.);
#10173=FACE_BOUND('',#9391,.T.);
#10174=FACE_BOUND('',#9392,.T.);
#10175=FACE_BOUND('',#9393,.T.);
#10176=FACE_BOUND('',#9394,.T.);
#10177=FACE_BOUND('',#9395,.T.);
#10178=FACE_BOUND('',#9396,.T.);
#10179=FACE_BOUND('',#9397,.T.);
#10180=FACE_BOUND('',#9398,.T.);
#10181=FACE_BOUND('',#9399,.T.);
#10182=FACE_BOUND('',#9400,.T.);
#10183=FACE_BOUND('',#9401,.T.);
#10184=FACE_BOUND('',#9402,.T.);
#10185=FACE_BOUND('',#9403,.T.);
#10186=FACE_BOUND('',#9404,.T.);
#10187=FACE_BOUND('',#9405,.T.);
#10188=FACE_BOUND('',#9406,.T.);
#10189=FACE_BOUND('',#9407,.T.);
#10190=FACE_BOUND('',#9408,.T.);
#10191=FACE_BOUND('',#9409,.T.);
#10192=FACE_BOUND('',#9410,.T.);
#10193=FACE_BOUND('',#9411,.T.);
#10194=FACE_BOUND('',#9412,.T.);
#10195=FACE_BOUND('',#9413,.T.);
#10196=FACE_BOUND('',#9414,.T.);
#10197=FACE_BOUND('',#9415,.T.);
#10198=FACE_BOUND('',#9416,.T.);
#10199=FACE_BOUND('',#9417,.T.);
#10200=FACE_BOUND('',#9418,.T.);
#10201=FACE_BOUND('',#9419,.T.);
#10202=FACE_BOUND('',#9420,.T.);
#10203=FACE_BOUND('',#9421,.T.);
#10204=FACE_BOUND('',#9422,.T.);
#10205=FACE_BOUND('',#9423,.T.);
#10206=FACE_BOUND('',#9424,.T.);
#10207=FACE_BOUND('',#9425,.T.);
#10208=FACE_BOUND('',#9426,.T.);
#10209=FACE_BOUND('',#9427,.T.);
#10210=FACE_BOUND('',#9428,.T.);
#10211=FACE_BOUND('',#9429,.T.);
#10212=FACE_BOUND('',#9430,.T.);
#10213=FACE_BOUND('',#9431,.T.);
#10214=FACE_BOUND('',#9432,.T.);
#10215=FACE_BOUND('',#9433,.T.);
#10216=FACE_BOUND('',#9434,.T.);
#10217=FACE_BOUND('',#9435,.T.);
#10218=FACE_BOUND('',#9436,.T.);
#10219=FACE_BOUND('',#9437,.T.);
#10220=FACE_BOUND('',#9438,.T.);
#10221=FACE_BOUND('',#9439,.T.);
#10222=FACE_BOUND('',#9440,.T.);
#10223=FACE_BOUND('',#9441,.T.);
#10224=FACE_BOUND('',#9442,.T.);
#10225=FACE_BOUND('',#9443,.T.);
#10226=FACE_BOUND('',#9444,.T.);
#10227=FACE_BOUND('',#9445,.T.);
#10228=FACE_BOUND('',#9446,.T.);
#10229=FACE_BOUND('',#9447,.T.);
#10230=FACE_BOUND('',#9448,.T.);
#10231=FACE_BOUND('',#9449,.T.);
#10232=FACE_BOUND('',#9450,.T.);
#10233=FACE_BOUND('',#9451,.T.);
#10234=FACE_BOUND('',#9452,.T.);
#10235=FACE_BOUND('',#9453,.T.);
#10236=FACE_BOUND('',#9454,.T.);
#10237=FACE_BOUND('',#9455,.T.);
#10238=FACE_BOUND('',#9456,.T.);
#10239=FACE_BOUND('',#9457,.T.);
#10240=FACE_BOUND('',#9458,.T.);
#10241=FACE_BOUND('',#9459,.T.);
#10242=FACE_BOUND('',#9460,.T.);
#10243=FACE_BOUND('',#9461,.T.);
#10244=FACE_BOUND('',#9462,.T.);
#10245=FACE_BOUND('',#9463,.T.);
#10246=FACE_BOUND('',#9464,.T.);
#10247=FACE_BOUND('',#9465,.T.);
#10248=FACE_BOUND('',#9466,.T.);
#10249=FACE_BOUND('',#9467,.T.);
#10250=FACE_BOUND('',#9468,.T.);
#10251=FACE_BOUND('',#9469,.T.);
#10252=FACE_BOUND('',#9470,.T.);
#10253=FACE_BOUND('',#9471,.T.);
#10254=FACE_BOUND('',#9472,.T.);
#10255=FACE_BOUND('',#9473,.T.);
#10256=FACE_BOUND('',#9474,.T.);
#10257=FACE_BOUND('',#9475,.T.);
#10258=FACE_BOUND('',#9476,.T.);
#10259=FACE_BOUND('',#9477,.T.);
#10260=FACE_BOUND('',#9478,.T.);
#10261=FACE_BOUND('',#9479,.T.);
#10262=FACE_BOUND('',#9480,.T.);
#10263=FACE_BOUND('',#9481,.T.);
#10264=FACE_BOUND('',#9482,.T.);
#10265=FACE_BOUND('',#9483,.T.);
#10266=FACE_BOUND('',#9484,.T.);
#10267=FACE_BOUND('',#9485,.T.);
#10268=FACE_BOUND('',#9486,.T.);
#10269=FACE_BOUND('',#9487,.T.);
#10270=FACE_BOUND('',#9488,.T.);
#10271=FACE_BOUND('',#9489,.T.);
#10272=FACE_BOUND('',#9490,.T.);
#10273=FACE_BOUND('',#9491,.T.);
#10274=FACE_BOUND('',#9492,.T.);
#10275=FACE_BOUND('',#9493,.T.);
#10276=FACE_BOUND('',#9494,.T.);
#10277=FACE_BOUND('',#9495,.T.);
#10278=FACE_BOUND('',#9496,.T.);
#10279=FACE_BOUND('',#9497,.T.);
#10280=FACE_BOUND('',#9498,.T.);
#10281=FACE_BOUND('',#9499,.T.);
#10282=FACE_BOUND('',#9500,.T.);
#10283=FACE_BOUND('',#9501,.T.);
#10284=FACE_BOUND('',#9502,.T.);
#10285=FACE_BOUND('',#9503,.T.);
#10286=FACE_BOUND('',#9504,.T.);
#10287=FACE_BOUND('',#9505,.T.);
#10288=FACE_BOUND('',#9506,.T.);
#10289=FACE_BOUND('',#9507,.T.);
#10290=FACE_BOUND('',#9508,.T.);
#10291=FACE_BOUND('',#9509,.T.);
#10292=FACE_BOUND('',#9510,.T.);
#10293=FACE_BOUND('',#9511,.T.);
#10294=FACE_BOUND('',#9512,.T.);
#10295=FACE_BOUND('',#9513,.T.);
#10296=FACE_BOUND('',#9514,.T.);
#10297=FACE_BOUND('',#9515,.T.);
#10298=FACE_BOUND('',#9516,.T.);
#10299=FACE_BOUND('',#9517,.T.);
#10300=FACE_BOUND('',#9518,.T.);
#10301=FACE_BOUND('',#9519,.T.);
#10302=FACE_BOUND('',#9520,.T.);
#10303=FACE_BOUND('',#9521,.T.);
#10304=FACE_BOUND('',#9522,.T.);
#10305=FACE_BOUND('',#9523,.T.);
#10306=FACE_BOUND('',#9524,.T.);
#10307=FACE_BOUND('',#9525,.T.);
#10308=FACE_BOUND('',#9526,.T.);
#10309=FACE_BOUND('',#9527,.T.);
#10310=FACE_BOUND('',#9528,.T.);
#10311=FACE_BOUND('',#9529,.T.);
#10312=FACE_BOUND('',#9530,.T.);
#10313=FACE_BOUND('',#9531,.T.);
#10314=FACE_BOUND('',#9532,.T.);
#10315=FACE_BOUND('',#9533,.T.);
#10316=FACE_BOUND('',#9534,.T.);
#10317=FACE_BOUND('',#9535,.T.);
#10318=FACE_BOUND('',#9536,.T.);
#10319=FACE_BOUND('',#9537,.T.);
#10320=FACE_BOUND('',#9538,.T.);
#10321=FACE_BOUND('',#9539,.T.);
#10322=FACE_BOUND('',#9540,.T.);
#10323=FACE_BOUND('',#9541,.T.);
#10324=FACE_BOUND('',#9542,.T.);
#10325=FACE_BOUND('',#9543,.T.);
#10326=FACE_BOUND('',#9544,.T.);
#10327=FACE_BOUND('',#9545,.T.);
#10328=FACE_BOUND('',#9546,.T.);
#10329=FACE_BOUND('',#9547,.T.);
#10330=FACE_BOUND('',#9548,.T.);
#10331=FACE_BOUND('',#9549,.T.);
#10332=FACE_BOUND('',#9550,.T.);
#10333=FACE_BOUND('',#9551,.T.);
#10334=FACE_BOUND('',#9552,.T.);
#10335=FACE_BOUND('',#9553,.T.);
#10336=FACE_BOUND('',#9554,.T.);
#10337=FACE_BOUND('',#9555,.T.);
#10338=FACE_BOUND('',#9556,.T.);
#10339=FACE_BOUND('',#9557,.T.);
#10340=FACE_BOUND('',#9558,.T.);
#10341=FACE_BOUND('',#9559,.T.);
#10342=FACE_BOUND('',#9560,.T.);
#10343=FACE_BOUND('',#9561,.T.);
#10344=FACE_BOUND('',#9562,.T.);
#10345=FACE_BOUND('',#9563,.T.);
#10346=FACE_BOUND('',#9564,.T.);
#10347=FACE_BOUND('',#9565,.T.);
#10348=FACE_BOUND('',#9566,.T.);
#10349=FACE_BOUND('',#9567,.T.);
#10350=FACE_BOUND('',#9568,.T.);
#10351=FACE_BOUND('',#9569,.T.);
#10352=FACE_BOUND('',#9570,.T.);
#10353=FACE_BOUND('',#9571,.T.);
#10354=FACE_BOUND('',#9572,.T.);
#10355=FACE_BOUND('',#9573,.T.);
#10356=FACE_BOUND('',#9574,.T.);
#10357=FACE_BOUND('',#9575,.T.);
#10358=FACE_BOUND('',#9576,.T.);
#10359=FACE_BOUND('',#9577,.T.);
#10360=FACE_BOUND('',#9578,.T.);
#10361=FACE_BOUND('',#9579,.T.);
#10362=FACE_BOUND('',#9580,.T.);
#10363=FACE_BOUND('',#9581,.T.);
#10364=FACE_BOUND('',#9582,.T.);
#10365=FACE_BOUND('',#9583,.T.);
#10366=FACE_BOUND('',#9584,.T.);
#10367=FACE_BOUND('',#9585,.T.);
#10368=FACE_BOUND('',#9586,.T.);
#10369=FACE_BOUND('',#9587,.T.);
#10370=FACE_BOUND('',#9588,.T.);
#10371=FACE_BOUND('',#9589,.T.);
#10372=FACE_BOUND('',#9590,.T.);
#10373=FACE_BOUND('',#9591,.T.);
#10374=FACE_BOUND('',#9592,.T.);
#10375=FACE_BOUND('',#9593,.T.);
#10376=FACE_BOUND('',#9594,.T.);
#10377=FACE_BOUND('',#9595,.T.);
#10378=FACE_BOUND('',#9596,.T.);
#10379=FACE_BOUND('',#9597,.T.);
#10380=FACE_BOUND('',#9598,.T.);
#10381=FACE_BOUND('',#9599,.T.);
#10382=FACE_BOUND('',#9600,.T.);
#10383=FACE_BOUND('',#9601,.T.);
#10384=FACE_BOUND('',#9602,.T.);
#10385=FACE_BOUND('',#9603,.T.);
#10386=FACE_BOUND('',#9604,.T.);
#10387=FACE_BOUND('',#9605,.T.);
#10388=FACE_BOUND('',#9606,.T.);
#10389=FACE_BOUND('',#9607,.T.);
#10390=FACE_BOUND('',#9608,.T.);
#10391=FACE_BOUND('',#9609,.T.);
#10392=FACE_BOUND('',#9610,.T.);
#10393=FACE_BOUND('',#9611,.T.);
#10394=FACE_BOUND('',#9612,.T.);
#10395=FACE_BOUND('',#9613,.T.);
#10396=FACE_BOUND('',#9614,.T.);
#10397=FACE_BOUND('',#9615,.T.);
#10398=FACE_BOUND('',#9616,.T.);
#10399=FACE_BOUND('',#9617,.T.);
#10400=FACE_BOUND('',#9618,.T.);
#10401=FACE_BOUND('',#9619,.T.);
#10402=FACE_BOUND('',#9620,.T.);
#10403=FACE_BOUND('',#9621,.T.);
#10404=FACE_BOUND('',#9622,.T.);
#10405=FACE_BOUND('',#9623,.T.);
#10406=FACE_BOUND('',#9624,.T.);
#10407=FACE_BOUND('',#9625,.T.);
#10408=FACE_BOUND('',#9626,.T.);
#10409=FACE_BOUND('',#9627,.T.);
#10410=FACE_BOUND('',#9628,.T.);
#10411=FACE_BOUND('',#9629,.T.);
#10412=FACE_BOUND('',#9630,.T.);
#10413=FACE_BOUND('',#9631,.T.);
#10414=FACE_BOUND('',#9632,.T.);
#10415=FACE_BOUND('',#9633,.T.);
#10416=FACE_BOUND('',#9634,.T.);
#10417=FACE_BOUND('',#9635,.T.);
#10418=FACE_BOUND('',#9636,.T.);
#10419=FACE_BOUND('',#9637,.T.);
#10420=FACE_BOUND('',#9638,.T.);
#10421=FACE_BOUND('',#9639,.T.);
#10422=FACE_BOUND('',#9640,.T.);
#10423=FACE_BOUND('',#9641,.T.);
#10424=FACE_BOUND('',#9642,.T.);
#10425=FACE_BOUND('',#9643,.T.);
#10426=FACE_BOUND('',#9644,.T.);
#10427=FACE_BOUND('',#9645,.T.);
#10428=FACE_BOUND('',#9646,.T.);
#10429=FACE_BOUND('',#9647,.T.);
#10430=FACE_BOUND('',#9648,.T.);
#10431=FACE_BOUND('',#9649,.T.);
#10432=FACE_BOUND('',#9650,.T.);
#10433=FACE_BOUND('',#9651,.T.);
#10434=FACE_BOUND('',#9652,.T.);
#10435=FACE_BOUND('',#9653,.T.);
#10436=FACE_BOUND('',#9654,.T.);
#10437=FACE_BOUND('',#9655,.T.);
#10438=FACE_BOUND('',#9656,.T.);
#10439=FACE_BOUND('',#9657,.T.);
#10440=FACE_BOUND('',#9658,.T.);
#10441=FACE_BOUND('',#9659,.T.);
#10442=FACE_BOUND('',#9660,.T.);
#10443=FACE_BOUND('',#9661,.T.);
#10444=FACE_BOUND('',#9662,.T.);
#10445=FACE_BOUND('',#9663,.T.);
#10446=FACE_BOUND('',#9664,.T.);
#10447=FACE_BOUND('',#9665,.T.);
#10448=FACE_BOUND('',#9666,.T.);
#10449=FACE_BOUND('',#9667,.T.);
#10450=FACE_BOUND('',#9668,.T.);
#10451=FACE_BOUND('',#9669,.T.);
#10452=FACE_BOUND('',#9670,.T.);
#10453=FACE_BOUND('',#9671,.T.);
#10454=FACE_BOUND('',#9672,.T.);
#10455=FACE_BOUND('',#9673,.T.);
#10456=FACE_BOUND('',#9674,.T.);
#10457=FACE_BOUND('',#9675,.T.);
#10458=FACE_BOUND('',#9676,.T.);
#10459=FACE_BOUND('',#9677,.T.);
#10460=FACE_BOUND('',#9678,.T.);
#10461=FACE_BOUND('',#9679,.T.);
#10462=FACE_BOUND('',#9680,.T.);
#10463=FACE_BOUND('',#9681,.T.);
#10464=FACE_BOUND('',#9682,.T.);
#10465=FACE_BOUND('',#9683,.T.);
#10466=FACE_BOUND('',#9684,.T.);
#10467=FACE_BOUND('',#9685,.T.);
#10468=FACE_BOUND('',#9686,.T.);
#10469=FACE_BOUND('',#9687,.T.);
#10470=FACE_BOUND('',#9688,.T.);
#10471=FACE_BOUND('',#9689,.T.);
#10472=FACE_BOUND('',#9690,.T.);
#10473=FACE_BOUND('',#9691,.T.);
#10474=FACE_BOUND('',#9692,.T.);
#10475=FACE_BOUND('',#9693,.T.);
#10476=FACE_BOUND('',#9694,.T.);
#10477=FACE_BOUND('',#9695,.T.);
#10478=FACE_BOUND('',#9696,.T.);
#10479=FACE_BOUND('',#9697,.T.);
#10480=FACE_BOUND('',#9698,.T.);
#10481=FACE_BOUND('',#9699,.T.);
#10482=FACE_BOUND('',#9700,.T.);
#10483=FACE_BOUND('',#9701,.T.);
#10484=FACE_BOUND('',#9702,.T.);
#10485=FACE_BOUND('',#9703,.T.);
#10486=FACE_BOUND('',#9704,.T.);
#10487=FACE_BOUND('',#9705,.T.);
#10488=FACE_BOUND('',#9706,.T.);
#10489=FACE_BOUND('',#9707,.T.);
#10490=FACE_BOUND('',#9708,.T.);
#10491=FACE_BOUND('',#9709,.T.);
#10492=FACE_BOUND('',#9710,.T.);
#10493=FACE_BOUND('',#9711,.T.);
#10494=FACE_BOUND('',#9712,.T.);
#10495=FACE_BOUND('',#9713,.T.);
#10496=FACE_BOUND('',#9714,.T.);
#10497=FACE_BOUND('',#9715,.T.);
#10498=FACE_BOUND('',#9716,.T.);
#10499=FACE_BOUND('',#9717,.T.);
#10500=B_SPLINE_SURFACE_WITH_KNOTS('',1,1,((#13420,#13421),(#13422,#13423)),
 .PLANE_SURF.,.F.,.F.,.F.,(2,2),(2,2),(0.,1.),(0.,1.),.UNSPECIFIED.);
#10501=B_SPLINE_SURFACE_WITH_KNOTS('',1,1,((#14468,#14469),(#14470,#14471)),
 .PLANE_SURF.,.F.,.F.,.F.,(2,2),(2,2),(0.,1.),(0.,1.),.UNSPECIFIED.);
#10502=B_SPLINE_SURFACE_WITH_KNOTS('',1,1,((#14485,#14486),(#14487,#14488)),
 .PLANE_SURF.,.F.,.F.,.F.,(2,2),(2,2),(0.,1.),(0.,1.),.UNSPECIFIED.);
#10503=B_SPLINE_SURFACE_WITH_KNOTS('',1,1,((#14499,#14500),(#14501,#14502)),
 .PLANE_SURF.,.F.,.F.,.F.,(2,2),(2,2),(0.,1.),(0.,1.),.UNSPECIFIED.);
#10504=B_SPLINE_SURFACE_WITH_KNOTS('',1,1,((#14513,#14514),(#14515,#14516)),
 .PLANE_SURF.,.F.,.F.,.F.,(2,2),(2,2),(0.,1.),(0.,1.),.UNSPECIFIED.);
#10505=B_SPLINE_SURFACE_WITH_KNOTS('',1,1,((#14524,#14525),(#14526,#14527)),
 .PLANE_SURF.,.F.,.F.,.F.,(2,2),(2,2),(0.,1.),(0.,1.),.UNSPECIFIED.);
#10506=B_SPLINE_SURFACE_WITH_KNOTS('',1,1,((#14528,#14529),(#14530,#14531)),
 .PLANE_SURF.,.F.,.F.,.F.,(2,2),(2,2),(0.,1.),(0.,1.),.UNSPECIFIED.);
#10507=B_SPLINE_SURFACE_WITH_KNOTS('',1,1,((#14537,#14538),(#14539,#14540)),
 .PLANE_SURF.,.F.,.F.,.F.,(2,2),(2,2),(0.,1.),(0.,1.),.UNSPECIFIED.);
#10508=B_SPLINE_SURFACE_WITH_KNOTS('',1,1,((#14544,#14545),(#14546,#14547)),
 .PLANE_SURF.,.F.,.F.,.F.,(2,2),(2,2),(0.,1.),(0.,1.),.UNSPECIFIED.);
#10509=B_SPLINE_SURFACE_WITH_KNOTS('',1,1,((#14551,#14552),(#14553,#14554)),
 .PLANE_SURF.,.F.,.F.,.F.,(2,2),(2,2),(0.,1.),(0.,1.),.UNSPECIFIED.);
#10510=B_SPLINE_SURFACE_WITH_KNOTS('',1,1,((#14556,#14557),(#14558,#14559)),
 .PLANE_SURF.,.F.,.F.,.F.,(2,2),(2,2),(0.,1.),(0.,1.),.UNSPECIFIED.);
#10511=B_SPLINE_SURFACE_WITH_KNOTS('',1,1,((#14560,#14561),(#14562,#14563)),
 .PLANE_SURF.,.F.,.F.,.F.,(2,2),(2,2),(0.,1.),(0.,1.),.UNSPECIFIED.);
#10512=B_SPLINE_SURFACE_WITH_KNOTS('',1,1,((#14569,#14570),(#14571,#14572)),
 .PLANE_SURF.,.F.,.F.,.F.,(2,2),(2,2),(0.,1.),(0.,1.),.UNSPECIFIED.);
#10513=B_SPLINE_SURFACE_WITH_KNOTS('',1,1,((#14576,#14577),(#14578,#14579)),
 .PLANE_SURF.,.F.,.F.,.F.,(2,2),(2,2),(0.,1.),(0.,1.),.UNSPECIFIED.);
#10514=B_SPLINE_SURFACE_WITH_KNOTS('',1,1,((#14583,#14584),(#14585,#14586)),
 .PLANE_SURF.,.F.,.F.,.F.,(2,2),(2,2),(0.,1.),(0.,1.),.UNSPECIFIED.);
#10515=B_SPLINE_SURFACE_WITH_KNOTS('',1,1,((#14588,#14589),(#14590,#14591)),
 .PLANE_SURF.,.F.,.F.,.F.,(2,2),(2,2),(0.,1.),(0.,1.),.UNSPECIFIED.);
#10516=B_SPLINE_SURFACE_WITH_KNOTS('',1,1,((#14592,#14593),(#14594,#14595)),
 .PLANE_SURF.,.F.,.F.,.F.,(2,2),(2,2),(0.,1.),(0.,1.),.UNSPECIFIED.);
#10517=B_SPLINE_SURFACE_WITH_KNOTS('',1,1,((#14601,#14602),(#14603,#14604)),
 .PLANE_SURF.,.F.,.F.,.F.,(2,2),(2,2),(0.,1.),(0.,1.),.UNSPECIFIED.);
#10518=B_SPLINE_SURFACE_WITH_KNOTS('',1,1,((#14608,#14609),(#14610,#14611)),
 .PLANE_SURF.,.F.,.F.,.F.,(2,2),(2,2),(0.,1.),(0.,1.),.UNSPECIFIED.);
#10519=B_SPLINE_SURFACE_WITH_KNOTS('',1,1,((#14615,#14616),(#14617,#14618)),
 .PLANE_SURF.,.F.,.F.,.F.,(2,2),(2,2),(0.,1.),(0.,1.),.UNSPECIFIED.);
#10520=B_SPLINE_SURFACE_WITH_KNOTS('',1,1,((#14620,#14621),(#14622,#14623)),
 .PLANE_SURF.,.F.,.F.,.F.,(2,2),(2,2),(0.,1.),(0.,1.),.UNSPECIFIED.);
#10521=B_SPLINE_SURFACE_WITH_KNOTS('',1,1,((#14624,#14625),(#14626,#14627)),
 .PLANE_SURF.,.F.,.F.,.F.,(2,2),(2,2),(0.,1.),(0.,1.),.UNSPECIFIED.);
#10522=B_SPLINE_SURFACE_WITH_KNOTS('',1,1,((#14633,#14634),(#14635,#14636)),
 .PLANE_SURF.,.F.,.F.,.F.,(2,2),(2,2),(0.,1.),(0.,1.),.UNSPECIFIED.);
#10523=B_SPLINE_SURFACE_WITH_KNOTS('',1,1,((#14640,#14641),(#14642,#14643)),
 .PLANE_SURF.,.F.,.F.,.F.,(2,2),(2,2),(0.,1.),(0.,1.),.UNSPECIFIED.);
#10524=B_SPLINE_SURFACE_WITH_KNOTS('',1,1,((#14647,#14648),(#14649,#14650)),
 .PLANE_SURF.,.F.,.F.,.F.,(2,2),(2,2),(0.,1.),(0.,1.),.UNSPECIFIED.);
#10525=B_SPLINE_SURFACE_WITH_KNOTS('',1,1,((#14652,#14653),(#14654,#14655)),
 .PLANE_SURF.,.F.,.F.,.F.,(2,2),(2,2),(0.,1.),(0.,1.),.UNSPECIFIED.);
#10526=B_SPLINE_SURFACE_WITH_KNOTS('',1,1,((#14656,#14657),(#14658,#14659)),
 .PLANE_SURF.,.F.,.F.,.F.,(2,2),(2,2),(0.,1.),(0.,1.),.UNSPECIFIED.);
#10527=B_SPLINE_SURFACE_WITH_KNOTS('',1,1,((#14665,#14666),(#14667,#14668)),
 .PLANE_SURF.,.F.,.F.,.F.,(2,2),(2,2),(0.,1.),(0.,1.),.UNSPECIFIED.);
#10528=B_SPLINE_SURFACE_WITH_KNOTS('',1,1,((#14672,#14673),(#14674,#14675)),
 .PLANE_SURF.,.F.,.F.,.F.,(2,2),(2,2),(0.,1.),(0.,1.),.UNSPECIFIED.);
#10529=B_SPLINE_SURFACE_WITH_KNOTS('',1,1,((#14679,#14680),(#14681,#14682)),
 .PLANE_SURF.,.F.,.F.,.F.,(2,2),(2,2),(0.,1.),(0.,1.),.UNSPECIFIED.);
#10530=B_SPLINE_SURFACE_WITH_KNOTS('',1,1,((#14684,#14685),(#14686,#14687)),
 .PLANE_SURF.,.F.,.F.,.F.,(2,2),(2,2),(0.,1.),(0.,1.),.UNSPECIFIED.);
#10531=B_SPLINE_SURFACE_WITH_KNOTS('',1,1,((#14688,#14689),(#14690,#14691)),
 .PLANE_SURF.,.F.,.F.,.F.,(2,2),(2,2),(0.,1.),(0.,1.),.UNSPECIFIED.);
#10532=B_SPLINE_SURFACE_WITH_KNOTS('',1,1,((#14697,#14698),(#14699,#14700)),
 .PLANE_SURF.,.F.,.F.,.F.,(2,2),(2,2),(0.,1.),(0.,1.),.UNSPECIFIED.);
#10533=B_SPLINE_SURFACE_WITH_KNOTS('',1,1,((#14704,#14705),(#14706,#14707)),
 .PLANE_SURF.,.F.,.F.,.F.,(2,2),(2,2),(0.,1.),(0.,1.),.UNSPECIFIED.);
#10534=B_SPLINE_SURFACE_WITH_KNOTS('',1,1,((#14711,#14712),(#14713,#14714)),
 .PLANE_SURF.,.F.,.F.,.F.,(2,2),(2,2),(0.,1.),(0.,1.),.UNSPECIFIED.);
#10535=B_SPLINE_SURFACE_WITH_KNOTS('',1,1,((#14716,#14717),(#14718,#14719)),
 .PLANE_SURF.,.F.,.F.,.F.,(2,2),(2,2),(0.,1.),(0.,1.),.UNSPECIFIED.);
#10536=B_SPLINE_SURFACE_WITH_KNOTS('',1,1,((#14720,#14721),(#14722,#14723)),
 .PLANE_SURF.,.F.,.F.,.F.,(2,2),(2,2),(0.,1.),(0.,1.),.UNSPECIFIED.);
#10537=B_SPLINE_SURFACE_WITH_KNOTS('',1,1,((#14729,#14730),(#14731,#14732)),
 .PLANE_SURF.,.F.,.F.,.F.,(2,2),(2,2),(0.,1.),(0.,1.),.UNSPECIFIED.);
#10538=B_SPLINE_SURFACE_WITH_KNOTS('',1,1,((#14736,#14737),(#14738,#14739)),
 .PLANE_SURF.,.F.,.F.,.F.,(2,2),(2,2),(0.,1.),(0.,1.),.UNSPECIFIED.);
#10539=B_SPLINE_SURFACE_WITH_KNOTS('',1,1,((#14743,#14744),(#14745,#14746)),
 .PLANE_SURF.,.F.,.F.,.F.,(2,2),(2,2),(0.,1.),(0.,1.),.UNSPECIFIED.);
#10540=B_SPLINE_SURFACE_WITH_KNOTS('',1,1,((#14748,#14749),(#14750,#14751)),
 .PLANE_SURF.,.F.,.F.,.F.,(2,2),(2,2),(0.,1.),(0.,1.),.UNSPECIFIED.);
#10541=B_SPLINE_SURFACE_WITH_KNOTS('',1,1,((#14752,#14753),(#14754,#14755)),
 .PLANE_SURF.,.F.,.F.,.F.,(2,2),(2,2),(0.,1.),(0.,1.),.UNSPECIFIED.);
#10542=B_SPLINE_SURFACE_WITH_KNOTS('',1,1,((#14761,#14762),(#14763,#14764)),
 .PLANE_SURF.,.F.,.F.,.F.,(2,2),(2,2),(0.,1.),(0.,1.),.UNSPECIFIED.);
#10543=B_SPLINE_SURFACE_WITH_KNOTS('',1,1,((#14768,#14769),(#14770,#14771)),
 .PLANE_SURF.,.F.,.F.,.F.,(2,2),(2,2),(0.,1.),(0.,1.),.UNSPECIFIED.);
#10544=B_SPLINE_SURFACE_WITH_KNOTS('',1,1,((#14775,#14776),(#14777,#14778)),
 .PLANE_SURF.,.F.,.F.,.F.,(2,2),(2,2),(0.,1.),(0.,1.),.UNSPECIFIED.);
#10545=B_SPLINE_SURFACE_WITH_KNOTS('',1,1,((#14780,#14781),(#14782,#14783)),
 .PLANE_SURF.,.F.,.F.,.F.,(2,2),(2,2),(0.,1.),(0.,1.),.UNSPECIFIED.);
#10546=B_SPLINE_SURFACE_WITH_KNOTS('',1,1,((#14784,#14785),(#14786,#14787)),
 .PLANE_SURF.,.F.,.F.,.F.,(2,2),(2,2),(0.,1.),(0.,1.),.UNSPECIFIED.);
#10547=B_SPLINE_SURFACE_WITH_KNOTS('',1,1,((#14793,#14794),(#14795,#14796)),
 .PLANE_SURF.,.F.,.F.,.F.,(2,2),(2,2),(0.,1.),(0.,1.),.UNSPECIFIED.);
#10548=B_SPLINE_SURFACE_WITH_KNOTS('',1,1,((#14800,#14801),(#14802,#14803)),
 .PLANE_SURF.,.F.,.F.,.F.,(2,2),(2,2),(0.,1.),(0.,1.),.UNSPECIFIED.);
#10549=B_SPLINE_SURFACE_WITH_KNOTS('',1,1,((#14807,#14808),(#14809,#14810)),
 .PLANE_SURF.,.F.,.F.,.F.,(2,2),(2,2),(0.,1.),(0.,1.),.UNSPECIFIED.);
#10550=B_SPLINE_SURFACE_WITH_KNOTS('',1,1,((#14812,#14813),(#14814,#14815)),
 .PLANE_SURF.,.F.,.F.,.F.,(2,2),(2,2),(0.,1.),(0.,1.),.UNSPECIFIED.);
#10551=B_SPLINE_SURFACE_WITH_KNOTS('',1,1,((#14816,#14817),(#14818,#14819)),
 .PLANE_SURF.,.F.,.F.,.F.,(2,2),(2,2),(0.,1.),(0.,1.),.UNSPECIFIED.);
#10552=B_SPLINE_SURFACE_WITH_KNOTS('',1,1,((#14825,#14826),(#14827,#14828)),
 .PLANE_SURF.,.F.,.F.,.F.,(2,2),(2,2),(0.,1.),(0.,1.),.UNSPECIFIED.);
#10553=B_SPLINE_SURFACE_WITH_KNOTS('',1,1,((#14832,#14833),(#14834,#14835)),
 .PLANE_SURF.,.F.,.F.,.F.,(2,2),(2,2),(0.,1.),(0.,1.),.UNSPECIFIED.);
#10554=B_SPLINE_SURFACE_WITH_KNOTS('',1,1,((#14839,#14840),(#14841,#14842)),
 .PLANE_SURF.,.F.,.F.,.F.,(2,2),(2,2),(0.,1.),(0.,1.),.UNSPECIFIED.);
#10555=B_SPLINE_SURFACE_WITH_KNOTS('',1,1,((#14844,#14845),(#14846,#14847)),
 .PLANE_SURF.,.F.,.F.,.F.,(2,2),(2,2),(0.,1.),(0.,1.),.UNSPECIFIED.);
#10556=B_SPLINE_SURFACE_WITH_KNOTS('',1,1,((#14848,#14849),(#14850,#14851)),
 .PLANE_SURF.,.F.,.F.,.F.,(2,2),(2,2),(0.,1.),(0.,1.),.UNSPECIFIED.);
#10557=B_SPLINE_SURFACE_WITH_KNOTS('',1,1,((#14857,#14858),(#14859,#14860)),
 .PLANE_SURF.,.F.,.F.,.F.,(2,2),(2,2),(0.,1.),(0.,1.),.UNSPECIFIED.);
#10558=B_SPLINE_SURFACE_WITH_KNOTS('',1,1,((#14864,#14865),(#14866,#14867)),
 .PLANE_SURF.,.F.,.F.,.F.,(2,2),(2,2),(0.,1.),(0.,1.),.UNSPECIFIED.);
#10559=B_SPLINE_SURFACE_WITH_KNOTS('',1,1,((#14871,#14872),(#14873,#14874)),
 .PLANE_SURF.,.F.,.F.,.F.,(2,2),(2,2),(0.,1.),(0.,1.),.UNSPECIFIED.);
#10560=B_SPLINE_SURFACE_WITH_KNOTS('',1,1,((#14876,#14877),(#14878,#14879)),
 .PLANE_SURF.,.F.,.F.,.F.,(2,2),(2,2),(0.,1.),(0.,1.),.UNSPECIFIED.);
#10561=B_SPLINE_SURFACE_WITH_KNOTS('',1,1,((#14880,#14881),(#14882,#14883)),
 .PLANE_SURF.,.F.,.F.,.F.,(2,2),(2,2),(0.,1.),(0.,1.),.UNSPECIFIED.);
#10562=B_SPLINE_SURFACE_WITH_KNOTS('',1,1,((#14889,#14890),(#14891,#14892)),
 .PLANE_SURF.,.F.,.F.,.F.,(2,2),(2,2),(0.,1.),(0.,1.),.UNSPECIFIED.);
#10563=B_SPLINE_SURFACE_WITH_KNOTS('',1,1,((#14896,#14897),(#14898,#14899)),
 .PLANE_SURF.,.F.,.F.,.F.,(2,2),(2,2),(0.,1.),(0.,1.),.UNSPECIFIED.);
#10564=B_SPLINE_SURFACE_WITH_KNOTS('',1,1,((#14903,#14904),(#14905,#14906)),
 .PLANE_SURF.,.F.,.F.,.F.,(2,2),(2,2),(0.,1.),(0.,1.),.UNSPECIFIED.);
#10565=B_SPLINE_SURFACE_WITH_KNOTS('',1,1,((#14908,#14909),(#14910,#14911)),
 .PLANE_SURF.,.F.,.F.,.F.,(2,2),(2,2),(0.,1.),(0.,1.),.UNSPECIFIED.);
#10566=B_SPLINE_SURFACE_WITH_KNOTS('',1,1,((#14912,#14913),(#14914,#14915)),
 .PLANE_SURF.,.F.,.F.,.F.,(2,2),(2,2),(0.,1.),(0.,1.),.UNSPECIFIED.);
#10567=B_SPLINE_SURFACE_WITH_KNOTS('',1,1,((#14921,#14922),(#14923,#14924)),
 .PLANE_SURF.,.F.,.F.,.F.,(2,2),(2,2),(0.,1.),(0.,1.),.UNSPECIFIED.);
#10568=B_SPLINE_SURFACE_WITH_KNOTS('',1,1,((#14928,#14929),(#14930,#14931)),
 .PLANE_SURF.,.F.,.F.,.F.,(2,2),(2,2),(0.,1.),(0.,1.),.UNSPECIFIED.);
#10569=B_SPLINE_SURFACE_WITH_KNOTS('',1,1,((#14935,#14936),(#14937,#14938)),
 .PLANE_SURF.,.F.,.F.,.F.,(2,2),(2,2),(0.,1.),(0.,1.),.UNSPECIFIED.);
#10570=B_SPLINE_SURFACE_WITH_KNOTS('',1,1,((#14940,#14941),(#14942,#14943)),
 .PLANE_SURF.,.F.,.F.,.F.,(2,2),(2,2),(0.,1.),(0.,1.),.UNSPECIFIED.);
#10571=B_SPLINE_SURFACE_WITH_KNOTS('',1,1,((#14944,#14945),(#14946,#14947)),
 .PLANE_SURF.,.F.,.F.,.F.,(2,2),(2,2),(0.,1.),(0.,1.),.UNSPECIFIED.);
#10572=B_SPLINE_SURFACE_WITH_KNOTS('',1,1,((#14953,#14954),(#14955,#14956)),
 .PLANE_SURF.,.F.,.F.,.F.,(2,2),(2,2),(0.,1.),(0.,1.),.UNSPECIFIED.);
#10573=B_SPLINE_SURFACE_WITH_KNOTS('',1,1,((#14960,#14961),(#14962,#14963)),
 .PLANE_SURF.,.F.,.F.,.F.,(2,2),(2,2),(0.,1.),(0.,1.),.UNSPECIFIED.);
#10574=B_SPLINE_SURFACE_WITH_KNOTS('',1,1,((#14967,#14968),(#14969,#14970)),
 .PLANE_SURF.,.F.,.F.,.F.,(2,2),(2,2),(0.,1.),(0.,1.),.UNSPECIFIED.);
#10575=B_SPLINE_SURFACE_WITH_KNOTS('',1,1,((#14972,#14973),(#14974,#14975)),
 .PLANE_SURF.,.F.,.F.,.F.,(2,2),(2,2),(0.,1.),(0.,1.),.UNSPECIFIED.);
#10576=B_SPLINE_SURFACE_WITH_KNOTS('',1,1,((#14976,#14977),(#14978,#14979)),
 .PLANE_SURF.,.F.,.F.,.F.,(2,2),(2,2),(0.,1.),(0.,1.),.UNSPECIFIED.);
#10577=B_SPLINE_SURFACE_WITH_KNOTS('',1,1,((#14985,#14986),(#14987,#14988)),
 .PLANE_SURF.,.F.,.F.,.F.,(2,2),(2,2),(0.,1.),(0.,1.),.UNSPECIFIED.);
#10578=B_SPLINE_SURFACE_WITH_KNOTS('',1,1,((#14992,#14993),(#14994,#14995)),
 .PLANE_SURF.,.F.,.F.,.F.,(2,2),(2,2),(0.,1.),(0.,1.),.UNSPECIFIED.);
#10579=B_SPLINE_SURFACE_WITH_KNOTS('',1,1,((#14999,#15000),(#15001,#15002)),
 .PLANE_SURF.,.F.,.F.,.F.,(2,2),(2,2),(0.,1.),(0.,1.),.UNSPECIFIED.);
#10580=B_SPLINE_SURFACE_WITH_KNOTS('',1,1,((#15004,#15005),(#15006,#15007)),
 .PLANE_SURF.,.F.,.F.,.F.,(2,2),(2,2),(0.,1.),(0.,1.),.UNSPECIFIED.);
#10581=B_SPLINE_SURFACE_WITH_KNOTS('',1,1,((#15008,#15009),(#15010,#15011)),
 .PLANE_SURF.,.F.,.F.,.F.,(2,2),(2,2),(0.,1.),(0.,1.),.UNSPECIFIED.);
#10582=B_SPLINE_SURFACE_WITH_KNOTS('',1,1,((#15017,#15018),(#15019,#15020)),
 .PLANE_SURF.,.F.,.F.,.F.,(2,2),(2,2),(0.,1.),(0.,1.),.UNSPECIFIED.);
#10583=B_SPLINE_SURFACE_WITH_KNOTS('',1,1,((#15024,#15025),(#15026,#15027)),
 .PLANE_SURF.,.F.,.F.,.F.,(2,2),(2,2),(0.,1.),(0.,1.),.UNSPECIFIED.);
#10584=B_SPLINE_SURFACE_WITH_KNOTS('',1,1,((#15031,#15032),(#15033,#15034)),
 .PLANE_SURF.,.F.,.F.,.F.,(2,2),(2,2),(0.,1.),(0.,1.),.UNSPECIFIED.);
#10585=B_SPLINE_SURFACE_WITH_KNOTS('',1,1,((#15036,#15037),(#15038,#15039)),
 .PLANE_SURF.,.F.,.F.,.F.,(2,2),(2,2),(0.,1.),(0.,1.),.UNSPECIFIED.);
#10586=B_SPLINE_SURFACE_WITH_KNOTS('',1,1,((#15040,#15041),(#15042,#15043)),
 .PLANE_SURF.,.F.,.F.,.F.,(2,2),(2,2),(0.,1.),(0.,1.),.UNSPECIFIED.);
#10587=B_SPLINE_SURFACE_WITH_KNOTS('',1,1,((#15049,#15050),(#15051,#15052)),
 .PLANE_SURF.,.F.,.F.,.F.,(2,2),(2,2),(0.,1.),(0.,1.),.UNSPECIFIED.);
#10588=B_SPLINE_SURFACE_WITH_KNOTS('',1,1,((#15056,#15057),(#15058,#15059)),
 .PLANE_SURF.,.F.,.F.,.F.,(2,2),(2,2),(0.,1.),(0.,1.),.UNSPECIFIED.);
#10589=B_SPLINE_SURFACE_WITH_KNOTS('',1,1,((#15063,#15064),(#15065,#15066)),
 .PLANE_SURF.,.F.,.F.,.F.,(2,2),(2,2),(0.,1.),(0.,1.),.UNSPECIFIED.);
#10590=B_SPLINE_SURFACE_WITH_KNOTS('',1,1,((#15068,#15069),(#15070,#15071)),
 .PLANE_SURF.,.F.,.F.,.F.,(2,2),(2,2),(0.,1.),(0.,1.),.UNSPECIFIED.);
#10591=B_SPLINE_SURFACE_WITH_KNOTS('',1,1,((#15072,#15073),(#15074,#15075)),
 .PLANE_SURF.,.F.,.F.,.F.,(2,2),(2,2),(0.,1.),(0.,1.),.UNSPECIFIED.);
#10592=B_SPLINE_SURFACE_WITH_KNOTS('',1,1,((#15081,#15082),(#15083,#15084)),
 .PLANE_SURF.,.F.,.F.,.F.,(2,2),(2,2),(0.,1.),(0.,1.),.UNSPECIFIED.);
#10593=B_SPLINE_SURFACE_WITH_KNOTS('',1,1,((#15088,#15089),(#15090,#15091)),
 .PLANE_SURF.,.F.,.F.,.F.,(2,2),(2,2),(0.,1.),(0.,1.),.UNSPECIFIED.);
#10594=B_SPLINE_SURFACE_WITH_KNOTS('',1,1,((#15095,#15096),(#15097,#15098)),
 .PLANE_SURF.,.F.,.F.,.F.,(2,2),(2,2),(0.,1.),(0.,1.),.UNSPECIFIED.);
#10595=B_SPLINE_SURFACE_WITH_KNOTS('',1,1,((#15100,#15101),(#15102,#15103)),
 .PLANE_SURF.,.F.,.F.,.F.,(2,2),(2,2),(0.,1.),(0.,1.),.UNSPECIFIED.);
#10596=B_SPLINE_SURFACE_WITH_KNOTS('',1,1,((#15104,#15105),(#15106,#15107)),
 .PLANE_SURF.,.F.,.F.,.F.,(2,2),(2,2),(0.,1.),(0.,1.),.UNSPECIFIED.);
#10597=B_SPLINE_SURFACE_WITH_KNOTS('',1,1,((#15113,#15114),(#15115,#15116)),
 .PLANE_SURF.,.F.,.F.,.F.,(2,2),(2,2),(0.,1.),(0.,1.),.UNSPECIFIED.);
#10598=B_SPLINE_SURFACE_WITH_KNOTS('',1,1,((#15120,#15121),(#15122,#15123)),
 .PLANE_SURF.,.F.,.F.,.F.,(2,2),(2,2),(0.,1.),(0.,1.),.UNSPECIFIED.);
#10599=B_SPLINE_SURFACE_WITH_KNOTS('',1,1,((#15127,#15128),(#15129,#15130)),
 .PLANE_SURF.,.F.,.F.,.F.,(2,2),(2,2),(0.,1.),(0.,1.),.UNSPECIFIED.);
#10600=B_SPLINE_SURFACE_WITH_KNOTS('',1,1,((#15132,#15133),(#15134,#15135)),
 .PLANE_SURF.,.F.,.F.,.F.,(2,2),(2,2),(0.,1.),(0.,1.),.UNSPECIFIED.);
#10601=B_SPLINE_SURFACE_WITH_KNOTS('',1,1,((#15136,#15137),(#15138,#15139)),
 .PLANE_SURF.,.F.,.F.,.F.,(2,2),(2,2),(0.,1.),(0.,1.),.UNSPECIFIED.);
#10602=B_SPLINE_SURFACE_WITH_KNOTS('',1,1,((#15145,#15146),(#15147,#15148)),
 .PLANE_SURF.,.F.,.F.,.F.,(2,2),(2,2),(0.,1.),(0.,1.),.UNSPECIFIED.);
#10603=B_SPLINE_SURFACE_WITH_KNOTS('',1,1,((#15152,#15153),(#15154,#15155)),
 .PLANE_SURF.,.F.,.F.,.F.,(2,2),(2,2),(0.,1.),(0.,1.),.UNSPECIFIED.);
#10604=B_SPLINE_SURFACE_WITH_KNOTS('',1,1,((#15159,#15160),(#15161,#15162)),
 .PLANE_SURF.,.F.,.F.,.F.,(2,2),(2,2),(0.,1.),(0.,1.),.UNSPECIFIED.);
#10605=B_SPLINE_SURFACE_WITH_KNOTS('',1,1,((#15164,#15165),(#15166,#15167)),
 .PLANE_SURF.,.F.,.F.,.F.,(2,2),(2,2),(0.,1.),(0.,1.),.UNSPECIFIED.);
#10606=B_SPLINE_SURFACE_WITH_KNOTS('',1,1,((#15168,#15169),(#15170,#15171)),
 .PLANE_SURF.,.F.,.F.,.F.,(2,2),(2,2),(0.,1.),(0.,1.),.UNSPECIFIED.);
#10607=B_SPLINE_SURFACE_WITH_KNOTS('',1,1,((#15177,#15178),(#15179,#15180)),
 .PLANE_SURF.,.F.,.F.,.F.,(2,2),(2,2),(0.,1.),(0.,1.),.UNSPECIFIED.);
#10608=B_SPLINE_SURFACE_WITH_KNOTS('',1,1,((#15184,#15185),(#15186,#15187)),
 .PLANE_SURF.,.F.,.F.,.F.,(2,2),(2,2),(0.,1.),(0.,1.),.UNSPECIFIED.);
#10609=B_SPLINE_SURFACE_WITH_KNOTS('',1,1,((#15191,#15192),(#15193,#15194)),
 .PLANE_SURF.,.F.,.F.,.F.,(2,2),(2,2),(0.,1.),(0.,1.),.UNSPECIFIED.);
#10610=B_SPLINE_SURFACE_WITH_KNOTS('',1,1,((#15196,#15197),(#15198,#15199)),
 .PLANE_SURF.,.F.,.F.,.F.,(2,2),(2,2),(0.,1.),(0.,1.),.UNSPECIFIED.);
#10611=B_SPLINE_SURFACE_WITH_KNOTS('',1,1,((#15200,#15201),(#15202,#15203)),
 .PLANE_SURF.,.F.,.F.,.F.,(2,2),(2,2),(0.,1.),(0.,1.),.UNSPECIFIED.);
#10612=B_SPLINE_SURFACE_WITH_KNOTS('',1,1,((#15209,#15210),(#15211,#15212)),
 .PLANE_SURF.,.F.,.F.,.F.,(2,2),(2,2),(0.,1.),(0.,1.),.UNSPECIFIED.);
#10613=B_SPLINE_SURFACE_WITH_KNOTS('',1,1,((#15216,#15217),(#15218,#15219)),
 .PLANE_SURF.,.F.,.F.,.F.,(2,2),(2,2),(0.,1.),(0.,1.),.UNSPECIFIED.);
#10614=B_SPLINE_SURFACE_WITH_KNOTS('',1,1,((#15223,#15224),(#15225,#15226)),
 .PLANE_SURF.,.F.,.F.,.F.,(2,2),(2,2),(0.,1.),(0.,1.),.UNSPECIFIED.);
#10615=B_SPLINE_SURFACE_WITH_KNOTS('',1,1,((#15228,#15229),(#15230,#15231)),
 .PLANE_SURF.,.F.,.F.,.F.,(2,2),(2,2),(0.,1.),(0.,1.),.UNSPECIFIED.);
#10616=B_SPLINE_SURFACE_WITH_KNOTS('',1,1,((#15232,#15233),(#15234,#15235)),
 .PLANE_SURF.,.F.,.F.,.F.,(2,2),(2,2),(0.,1.),(0.,1.),.UNSPECIFIED.);
#10617=B_SPLINE_SURFACE_WITH_KNOTS('',1,1,((#15241,#15242),(#15243,#15244)),
 .PLANE_SURF.,.F.,.F.,.F.,(2,2),(2,2),(0.,1.),(0.,1.),.UNSPECIFIED.);
#10618=B_SPLINE_SURFACE_WITH_KNOTS('',1,1,((#15248,#15249),(#15250,#15251)),
 .PLANE_SURF.,.F.,.F.,.F.,(2,2),(2,2),(0.,1.),(0.,1.),.UNSPECIFIED.);
#10619=B_SPLINE_SURFACE_WITH_KNOTS('',1,1,((#15255,#15256),(#15257,#15258)),
 .PLANE_SURF.,.F.,.F.,.F.,(2,2),(2,2),(0.,1.),(0.,1.),.UNSPECIFIED.);
#10620=B_SPLINE_SURFACE_WITH_KNOTS('',1,1,((#15260,#15261),(#15262,#15263)),
 .PLANE_SURF.,.F.,.F.,.F.,(2,2),(2,2),(0.,1.),(0.,1.),.UNSPECIFIED.);
#10621=B_SPLINE_SURFACE_WITH_KNOTS('',1,1,((#15264,#15265),(#15266,#15267)),
 .PLANE_SURF.,.F.,.F.,.F.,(2,2),(2,2),(0.,1.),(0.,1.),.UNSPECIFIED.);
#10622=B_SPLINE_SURFACE_WITH_KNOTS('',1,1,((#15273,#15274),(#15275,#15276)),
 .PLANE_SURF.,.F.,.F.,.F.,(2,2),(2,2),(0.,1.),(0.,1.),.UNSPECIFIED.);
#10623=B_SPLINE_SURFACE_WITH_KNOTS('',1,1,((#15280,#15281),(#15282,#15283)),
 .PLANE_SURF.,.F.,.F.,.F.,(2,2),(2,2),(0.,1.),(0.,1.),.UNSPECIFIED.);
#10624=B_SPLINE_SURFACE_WITH_KNOTS('',1,1,((#15287,#15288),(#15289,#15290)),
 .PLANE_SURF.,.F.,.F.,.F.,(2,2),(2,2),(0.,1.),(0.,1.),.UNSPECIFIED.);
#10625=B_SPLINE_SURFACE_WITH_KNOTS('',1,1,((#15292,#15293),(#15294,#15295)),
 .PLANE_SURF.,.F.,.F.,.F.,(2,2),(2,2),(0.,1.),(0.,1.),.UNSPECIFIED.);
#10626=B_SPLINE_SURFACE_WITH_KNOTS('',1,1,((#15296,#15297),(#15298,#15299)),
 .PLANE_SURF.,.F.,.F.,.F.,(2,2),(2,2),(0.,1.),(0.,1.),.UNSPECIFIED.);
#10627=B_SPLINE_SURFACE_WITH_KNOTS('',1,1,((#15305,#15306),(#15307,#15308)),
 .PLANE_SURF.,.F.,.F.,.F.,(2,2),(2,2),(0.,1.),(0.,1.),.UNSPECIFIED.);
#10628=B_SPLINE_SURFACE_WITH_KNOTS('',1,1,((#15312,#15313),(#15314,#15315)),
 .PLANE_SURF.,.F.,.F.,.F.,(2,2),(2,2),(0.,1.),(0.,1.),.UNSPECIFIED.);
#10629=B_SPLINE_SURFACE_WITH_KNOTS('',1,1,((#15319,#15320),(#15321,#15322)),
 .PLANE_SURF.,.F.,.F.,.F.,(2,2),(2,2),(0.,1.),(0.,1.),.UNSPECIFIED.);
#10630=B_SPLINE_SURFACE_WITH_KNOTS('',1,1,((#15324,#15325),(#15326,#15327)),
 .PLANE_SURF.,.F.,.F.,.F.,(2,2),(2,2),(0.,1.),(0.,1.),.UNSPECIFIED.);
#10631=B_SPLINE_SURFACE_WITH_KNOTS('',1,1,((#15328,#15329),(#15330,#15331)),
 .PLANE_SURF.,.F.,.F.,.F.,(2,2),(2,2),(0.,1.),(0.,1.),.UNSPECIFIED.);
#10632=B_SPLINE_SURFACE_WITH_KNOTS('',1,1,((#15337,#15338),(#15339,#15340)),
 .PLANE_SURF.,.F.,.F.,.F.,(2,2),(2,2),(0.,1.),(0.,1.),.UNSPECIFIED.);
#10633=B_SPLINE_SURFACE_WITH_KNOTS('',1,1,((#15344,#15345),(#15346,#15347)),
 .PLANE_SURF.,.F.,.F.,.F.,(2,2),(2,2),(0.,1.),(0.,1.),.UNSPECIFIED.);
#10634=B_SPLINE_SURFACE_WITH_KNOTS('',1,1,((#15351,#15352),(#15353,#15354)),
 .PLANE_SURF.,.F.,.F.,.F.,(2,2),(2,2),(0.,1.),(0.,1.),.UNSPECIFIED.);
#10635=B_SPLINE_SURFACE_WITH_KNOTS('',1,1,((#15356,#15357),(#15358,#15359)),
 .PLANE_SURF.,.F.,.F.,.F.,(2,2),(2,2),(0.,1.),(0.,1.),.UNSPECIFIED.);
#10636=B_SPLINE_SURFACE_WITH_KNOTS('',1,1,((#15360,#15361),(#15362,#15363)),
 .PLANE_SURF.,.F.,.F.,.F.,(2,2),(2,2),(0.,1.),(0.,1.),.UNSPECIFIED.);
#10637=B_SPLINE_SURFACE_WITH_KNOTS('',1,1,((#15369,#15370),(#15371,#15372)),
 .PLANE_SURF.,.F.,.F.,.F.,(2,2),(2,2),(0.,1.),(0.,1.),.UNSPECIFIED.);
#10638=B_SPLINE_SURFACE_WITH_KNOTS('',1,1,((#15376,#15377),(#15378,#15379)),
 .PLANE_SURF.,.F.,.F.,.F.,(2,2),(2,2),(0.,1.),(0.,1.),.UNSPECIFIED.);
#10639=B_SPLINE_SURFACE_WITH_KNOTS('',1,1,((#15383,#15384),(#15385,#15386)),
 .PLANE_SURF.,.F.,.F.,.F.,(2,2),(2,2),(0.,1.),(0.,1.),.UNSPECIFIED.);
#10640=B_SPLINE_SURFACE_WITH_KNOTS('',1,1,((#15388,#15389),(#15390,#15391)),
 .PLANE_SURF.,.F.,.F.,.F.,(2,2),(2,2),(0.,1.),(0.,1.),.UNSPECIFIED.);
#10641=B_SPLINE_SURFACE_WITH_KNOTS('',1,1,((#15392,#15393),(#15394,#15395)),
 .PLANE_SURF.,.F.,.F.,.F.,(2,2),(2,2),(0.,1.),(0.,1.),.UNSPECIFIED.);
#10642=B_SPLINE_SURFACE_WITH_KNOTS('',1,1,((#15401,#15402),(#15403,#15404)),
 .PLANE_SURF.,.F.,.F.,.F.,(2,2),(2,2),(0.,1.),(0.,1.),.UNSPECIFIED.);
#10643=B_SPLINE_SURFACE_WITH_KNOTS('',1,1,((#15408,#15409),(#15410,#15411)),
 .PLANE_SURF.,.F.,.F.,.F.,(2,2),(2,2),(0.,1.),(0.,1.),.UNSPECIFIED.);
#10644=B_SPLINE_SURFACE_WITH_KNOTS('',1,1,((#15415,#15416),(#15417,#15418)),
 .PLANE_SURF.,.F.,.F.,.F.,(2,2),(2,2),(0.,1.),(0.,1.),.UNSPECIFIED.);
#10645=B_SPLINE_SURFACE_WITH_KNOTS('',1,1,((#15420,#15421),(#15422,#15423)),
 .PLANE_SURF.,.F.,.F.,.F.,(2,2),(2,2),(0.,1.),(0.,1.),.UNSPECIFIED.);
#10646=B_SPLINE_SURFACE_WITH_KNOTS('',1,1,((#15424,#15425),(#15426,#15427)),
 .PLANE_SURF.,.F.,.F.,.F.,(2,2),(2,2),(0.,1.),(0.,1.),.UNSPECIFIED.);
#10647=B_SPLINE_SURFACE_WITH_KNOTS('',1,1,((#15433,#15434),(#15435,#15436)),
 .PLANE_SURF.,.F.,.F.,.F.,(2,2),(2,2),(0.,1.),(0.,1.),.UNSPECIFIED.);
#10648=B_SPLINE_SURFACE_WITH_KNOTS('',1,1,((#15440,#15441),(#15442,#15443)),
 .PLANE_SURF.,.F.,.F.,.F.,(2,2),(2,2),(0.,1.),(0.,1.),.UNSPECIFIED.);
#10649=B_SPLINE_SURFACE_WITH_KNOTS('',1,1,((#15447,#15448),(#15449,#15450)),
 .PLANE_SURF.,.F.,.F.,.F.,(2,2),(2,2),(0.,1.),(0.,1.),.UNSPECIFIED.);
#10650=B_SPLINE_SURFACE_WITH_KNOTS('',1,1,((#15452,#15453),(#15454,#15455)),
 .PLANE_SURF.,.F.,.F.,.F.,(2,2),(2,2),(0.,1.),(0.,1.),.UNSPECIFIED.);
#10651=B_SPLINE_SURFACE_WITH_KNOTS('',1,1,((#15456,#15457),(#15458,#15459)),
 .PLANE_SURF.,.F.,.F.,.F.,(2,2),(2,2),(0.,1.),(0.,1.),.UNSPECIFIED.);
#10652=B_SPLINE_SURFACE_WITH_KNOTS('',1,1,((#15465,#15466),(#15467,#15468)),
 .PLANE_SURF.,.F.,.F.,.F.,(2,2),(2,2),(0.,1.),(0.,1.),.UNSPECIFIED.);
#10653=B_SPLINE_SURFACE_WITH_KNOTS('',1,1,((#15472,#15473),(#15474,#15475)),
 .PLANE_SURF.,.F.,.F.,.F.,(2,2),(2,2),(0.,1.),(0.,1.),.UNSPECIFIED.);
#10654=B_SPLINE_SURFACE_WITH_KNOTS('',1,1,((#15479,#15480),(#15481,#15482)),
 .PLANE_SURF.,.F.,.F.,.F.,(2,2),(2,2),(0.,1.),(0.,1.),.UNSPECIFIED.);
#10655=B_SPLINE_SURFACE_WITH_KNOTS('',1,1,((#15484,#15485),(#15486,#15487)),
 .PLANE_SURF.,.F.,.F.,.F.,(2,2),(2,2),(0.,1.),(0.,1.),.UNSPECIFIED.);
#10656=B_SPLINE_SURFACE_WITH_KNOTS('',1,1,((#15488,#15489),(#15490,#15491)),
 .PLANE_SURF.,.F.,.F.,.F.,(2,2),(2,2),(0.,1.),(0.,1.),.UNSPECIFIED.);
#10657=B_SPLINE_SURFACE_WITH_KNOTS('',1,1,((#15497,#15498),(#15499,#15500)),
 .PLANE_SURF.,.F.,.F.,.F.,(2,2),(2,2),(0.,1.),(0.,1.),.UNSPECIFIED.);
#10658=B_SPLINE_SURFACE_WITH_KNOTS('',1,1,((#15504,#15505),(#15506,#15507)),
 .PLANE_SURF.,.F.,.F.,.F.,(2,2),(2,2),(0.,1.),(0.,1.),.UNSPECIFIED.);
#10659=B_SPLINE_SURFACE_WITH_KNOTS('',1,1,((#15511,#15512),(#15513,#15514)),
 .PLANE_SURF.,.F.,.F.,.F.,(2,2),(2,2),(0.,1.),(0.,1.),.UNSPECIFIED.);
#10660=B_SPLINE_SURFACE_WITH_KNOTS('',1,1,((#15516,#15517),(#15518,#15519)),
 .PLANE_SURF.,.F.,.F.,.F.,(2,2),(2,2),(0.,1.),(0.,1.),.UNSPECIFIED.);
#10661=B_SPLINE_SURFACE_WITH_KNOTS('',1,1,((#15520,#15521),(#15522,#15523)),
 .PLANE_SURF.,.F.,.F.,.F.,(2,2),(2,2),(0.,1.),(0.,1.),.UNSPECIFIED.);
#10662=B_SPLINE_SURFACE_WITH_KNOTS('',1,1,((#15529,#15530),(#15531,#15532)),
 .PLANE_SURF.,.F.,.F.,.F.,(2,2),(2,2),(0.,1.),(0.,1.),.UNSPECIFIED.);
#10663=B_SPLINE_SURFACE_WITH_KNOTS('',1,1,((#15536,#15537),(#15538,#15539)),
 .PLANE_SURF.,.F.,.F.,.F.,(2,2),(2,2),(0.,1.),(0.,1.),.UNSPECIFIED.);
#10664=B_SPLINE_SURFACE_WITH_KNOTS('',1,1,((#15543,#15544),(#15545,#15546)),
 .PLANE_SURF.,.F.,.F.,.F.,(2,2),(2,2),(0.,1.),(0.,1.),.UNSPECIFIED.);
#10665=B_SPLINE_SURFACE_WITH_KNOTS('',1,1,((#15548,#15549),(#15550,#15551)),
 .PLANE_SURF.,.F.,.F.,.F.,(2,2),(2,2),(0.,1.),(0.,1.),.UNSPECIFIED.);
#10666=B_SPLINE_SURFACE_WITH_KNOTS('',1,1,((#15552,#15553),(#15554,#15555)),
 .PLANE_SURF.,.F.,.F.,.F.,(2,2),(2,2),(0.,1.),(0.,1.),.UNSPECIFIED.);
#10667=B_SPLINE_SURFACE_WITH_KNOTS('',1,1,((#15561,#15562),(#15563,#15564)),
 .PLANE_SURF.,.F.,.F.,.F.,(2,2),(2,2),(0.,1.),(0.,1.),.UNSPECIFIED.);
#10668=B_SPLINE_SURFACE_WITH_KNOTS('',1,1,((#15568,#15569),(#15570,#15571)),
 .PLANE_SURF.,.F.,.F.,.F.,(2,2),(2,2),(0.,1.),(0.,1.),.UNSPECIFIED.);
#10669=B_SPLINE_SURFACE_WITH_KNOTS('',1,1,((#15575,#15576),(#15577,#15578)),
 .PLANE_SURF.,.F.,.F.,.F.,(2,2),(2,2),(0.,1.),(0.,1.),.UNSPECIFIED.);
#10670=B_SPLINE_SURFACE_WITH_KNOTS('',1,1,((#15580,#15581),(#15582,#15583)),
 .PLANE_SURF.,.F.,.F.,.F.,(2,2),(2,2),(0.,1.),(0.,1.),.UNSPECIFIED.);
#10671=B_SPLINE_SURFACE_WITH_KNOTS('',1,1,((#15584,#15585),(#15586,#15587)),
 .PLANE_SURF.,.F.,.F.,.F.,(2,2),(2,2),(0.,1.),(0.,1.),.UNSPECIFIED.);
#10672=B_SPLINE_SURFACE_WITH_KNOTS('',1,1,((#15593,#15594),(#15595,#15596)),
 .PLANE_SURF.,.F.,.F.,.F.,(2,2),(2,2),(0.,1.),(0.,1.),.UNSPECIFIED.);
#10673=B_SPLINE_SURFACE_WITH_KNOTS('',1,1,((#15600,#15601),(#15602,#15603)),
 .PLANE_SURF.,.F.,.F.,.F.,(2,2),(2,2),(0.,1.),(0.,1.),.UNSPECIFIED.);
#10674=B_SPLINE_SURFACE_WITH_KNOTS('',1,1,((#15607,#15608),(#15609,#15610)),
 .PLANE_SURF.,.F.,.F.,.F.,(2,2),(2,2),(0.,1.),(0.,1.),.UNSPECIFIED.);
#10675=B_SPLINE_SURFACE_WITH_KNOTS('',1,1,((#15612,#15613),(#15614,#15615)),
 .PLANE_SURF.,.F.,.F.,.F.,(2,2),(2,2),(0.,1.),(0.,1.),.UNSPECIFIED.);
#10676=B_SPLINE_SURFACE_WITH_KNOTS('',1,1,((#15616,#15617),(#15618,#15619)),
 .PLANE_SURF.,.F.,.F.,.F.,(2,2),(2,2),(0.,1.),(0.,1.),.UNSPECIFIED.);
#10677=B_SPLINE_SURFACE_WITH_KNOTS('',1,1,((#15625,#15626),(#15627,#15628)),
 .PLANE_SURF.,.F.,.F.,.F.,(2,2),(2,2),(0.,1.),(0.,1.),.UNSPECIFIED.);
#10678=B_SPLINE_SURFACE_WITH_KNOTS('',1,1,((#15632,#15633),(#15634,#15635)),
 .PLANE_SURF.,.F.,.F.,.F.,(2,2),(2,2),(0.,1.),(0.,1.),.UNSPECIFIED.);
#10679=B_SPLINE_SURFACE_WITH_KNOTS('',1,1,((#15639,#15640),(#15641,#15642)),
 .PLANE_SURF.,.F.,.F.,.F.,(2,2),(2,2),(0.,1.),(0.,1.),.UNSPECIFIED.);
#10680=B_SPLINE_SURFACE_WITH_KNOTS('',1,1,((#15644,#15645),(#15646,#15647)),
 .PLANE_SURF.,.F.,.F.,.F.,(2,2),(2,2),(0.,1.),(0.,1.),.UNSPECIFIED.);
#10681=B_SPLINE_SURFACE_WITH_KNOTS('',1,1,((#15648,#15649),(#15650,#15651)),
 .PLANE_SURF.,.F.,.F.,.F.,(2,2),(2,2),(0.,1.),(0.,1.),.UNSPECIFIED.);
#10682=B_SPLINE_SURFACE_WITH_KNOTS('',1,1,((#15657,#15658),(#15659,#15660)),
 .PLANE_SURF.,.F.,.F.,.F.,(2,2),(2,2),(0.,1.),(0.,1.),.UNSPECIFIED.);
#10683=B_SPLINE_SURFACE_WITH_KNOTS('',1,1,((#15664,#15665),(#15666,#15667)),
 .PLANE_SURF.,.F.,.F.,.F.,(2,2),(2,2),(0.,1.),(0.,1.),.UNSPECIFIED.);
#10684=B_SPLINE_SURFACE_WITH_KNOTS('',1,1,((#15671,#15672),(#15673,#15674)),
 .PLANE_SURF.,.F.,.F.,.F.,(2,2),(2,2),(0.,1.),(0.,1.),.UNSPECIFIED.);
#10685=B_SPLINE_SURFACE_WITH_KNOTS('',1,1,((#15676,#15677),(#15678,#15679)),
 .PLANE_SURF.,.F.,.F.,.F.,(2,2),(2,2),(0.,1.),(0.,1.),.UNSPECIFIED.);
#10686=B_SPLINE_SURFACE_WITH_KNOTS('',1,1,((#15680,#15681),(#15682,#15683)),
 .PLANE_SURF.,.F.,.F.,.F.,(2,2),(2,2),(0.,1.),(0.,1.),.UNSPECIFIED.);
#10687=B_SPLINE_SURFACE_WITH_KNOTS('',1,1,((#15689,#15690),(#15691,#15692)),
 .PLANE_SURF.,.F.,.F.,.F.,(2,2),(2,2),(0.,1.),(0.,1.),.UNSPECIFIED.);
#10688=B_SPLINE_SURFACE_WITH_KNOTS('',1,1,((#15696,#15697),(#15698,#15699)),
 .PLANE_SURF.,.F.,.F.,.F.,(2,2),(2,2),(0.,1.),(0.,1.),.UNSPECIFIED.);
#10689=B_SPLINE_SURFACE_WITH_KNOTS('',1,1,((#15703,#15704),(#15705,#15706)),
 .PLANE_SURF.,.F.,.F.,.F.,(2,2),(2,2),(0.,1.),(0.,1.),.UNSPECIFIED.);
#10690=B_SPLINE_SURFACE_WITH_KNOTS('',1,1,((#15708,#15709),(#15710,#15711)),
 .PLANE_SURF.,.F.,.F.,.F.,(2,2),(2,2),(0.,1.),(0.,1.),.UNSPECIFIED.);
#10691=B_SPLINE_SURFACE_WITH_KNOTS('',1,1,((#15712,#15713),(#15714,#15715)),
 .PLANE_SURF.,.F.,.F.,.F.,(2,2),(2,2),(0.,1.),(0.,1.),.UNSPECIFIED.);
#10692=B_SPLINE_SURFACE_WITH_KNOTS('',1,1,((#15721,#15722),(#15723,#15724)),
 .PLANE_SURF.,.F.,.F.,.F.,(2,2),(2,2),(0.,1.),(0.,1.),.UNSPECIFIED.);
#10693=B_SPLINE_SURFACE_WITH_KNOTS('',1,1,((#15728,#15729),(#15730,#15731)),
 .PLANE_SURF.,.F.,.F.,.F.,(2,2),(2,2),(0.,1.),(0.,1.),.UNSPECIFIED.);
#10694=B_SPLINE_SURFACE_WITH_KNOTS('',1,1,((#15735,#15736),(#15737,#15738)),
 .PLANE_SURF.,.F.,.F.,.F.,(2,2),(2,2),(0.,1.),(0.,1.),.UNSPECIFIED.);
#10695=B_SPLINE_SURFACE_WITH_KNOTS('',1,1,((#15740,#15741),(#15742,#15743)),
 .PLANE_SURF.,.F.,.F.,.F.,(2,2),(2,2),(0.,1.),(0.,1.),.UNSPECIFIED.);
#10696=B_SPLINE_SURFACE_WITH_KNOTS('',1,1,((#15744,#15745),(#15746,#15747)),
 .PLANE_SURF.,.F.,.F.,.F.,(2,2),(2,2),(0.,1.),(0.,1.),.UNSPECIFIED.);
#10697=B_SPLINE_SURFACE_WITH_KNOTS('',1,1,((#15753,#15754),(#15755,#15756)),
 .PLANE_SURF.,.F.,.F.,.F.,(2,2),(2,2),(0.,1.),(0.,1.),.UNSPECIFIED.);
#10698=B_SPLINE_SURFACE_WITH_KNOTS('',1,1,((#15760,#15761),(#15762,#15763)),
 .PLANE_SURF.,.F.,.F.,.F.,(2,2),(2,2),(0.,1.),(0.,1.),.UNSPECIFIED.);
#10699=B_SPLINE_SURFACE_WITH_KNOTS('',1,1,((#15767,#15768),(#15769,#15770)),
 .PLANE_SURF.,.F.,.F.,.F.,(2,2),(2,2),(0.,1.),(0.,1.),.UNSPECIFIED.);
#10700=B_SPLINE_SURFACE_WITH_KNOTS('',1,1,((#15772,#15773),(#15774,#15775)),
 .PLANE_SURF.,.F.,.F.,.F.,(2,2),(2,2),(0.,1.),(0.,1.),.UNSPECIFIED.);
#10701=B_SPLINE_SURFACE_WITH_KNOTS('',1,1,((#15776,#15777),(#15778,#15779)),
 .PLANE_SURF.,.F.,.F.,.F.,(2,2),(2,2),(0.,1.),(0.,1.),.UNSPECIFIED.);
#10702=B_SPLINE_SURFACE_WITH_KNOTS('',1,1,((#15785,#15786),(#15787,#15788)),
 .PLANE_SURF.,.F.,.F.,.F.,(2,2),(2,2),(0.,1.),(0.,1.),.UNSPECIFIED.);
#10703=B_SPLINE_SURFACE_WITH_KNOTS('',1,1,((#15792,#15793),(#15794,#15795)),
 .PLANE_SURF.,.F.,.F.,.F.,(2,2),(2,2),(0.,1.),(0.,1.),.UNSPECIFIED.);
#10704=B_SPLINE_SURFACE_WITH_KNOTS('',1,1,((#15799,#15800),(#15801,#15802)),
 .PLANE_SURF.,.F.,.F.,.F.,(2,2),(2,2),(0.,1.),(0.,1.),.UNSPECIFIED.);
#10705=B_SPLINE_SURFACE_WITH_KNOTS('',1,1,((#15804,#15805),(#15806,#15807)),
 .PLANE_SURF.,.F.,.F.,.F.,(2,2),(2,2),(0.,1.),(0.,1.),.UNSPECIFIED.);
#10706=B_SPLINE_SURFACE_WITH_KNOTS('',1,1,((#15808,#15809),(#15810,#15811)),
 .PLANE_SURF.,.F.,.F.,.F.,(2,2),(2,2),(0.,1.),(0.,1.),.UNSPECIFIED.);
#10707=B_SPLINE_SURFACE_WITH_KNOTS('',1,1,((#15817,#15818),(#15819,#15820)),
 .PLANE_SURF.,.F.,.F.,.F.,(2,2),(2,2),(0.,1.),(0.,1.),.UNSPECIFIED.);
#10708=B_SPLINE_SURFACE_WITH_KNOTS('',1,1,((#15824,#15825),(#15826,#15827)),
 .PLANE_SURF.,.F.,.F.,.F.,(2,2),(2,2),(0.,1.),(0.,1.),.UNSPECIFIED.);
#10709=B_SPLINE_SURFACE_WITH_KNOTS('',1,1,((#15831,#15832),(#15833,#15834)),
 .PLANE_SURF.,.F.,.F.,.F.,(2,2),(2,2),(0.,1.),(0.,1.),.UNSPECIFIED.);
#10710=B_SPLINE_SURFACE_WITH_KNOTS('',1,1,((#15836,#15837),(#15838,#15839)),
 .PLANE_SURF.,.F.,.F.,.F.,(2,2),(2,2),(0.,1.),(0.,1.),.UNSPECIFIED.);
#10711=B_SPLINE_SURFACE_WITH_KNOTS('',1,1,((#15840,#15841),(#15842,#15843)),
 .PLANE_SURF.,.F.,.F.,.F.,(2,2),(2,2),(0.,1.),(0.,1.),.UNSPECIFIED.);
#10712=B_SPLINE_SURFACE_WITH_KNOTS('',1,1,((#15849,#15850),(#15851,#15852)),
 .PLANE_SURF.,.F.,.F.,.F.,(2,2),(2,2),(0.,1.),(0.,1.),.UNSPECIFIED.);
#10713=B_SPLINE_SURFACE_WITH_KNOTS('',1,1,((#15856,#15857),(#15858,#15859)),
 .PLANE_SURF.,.F.,.F.,.F.,(2,2),(2,2),(0.,1.),(0.,1.),.UNSPECIFIED.);
#10714=B_SPLINE_SURFACE_WITH_KNOTS('',1,1,((#15863,#15864),(#15865,#15866)),
 .PLANE_SURF.,.F.,.F.,.F.,(2,2),(2,2),(0.,1.),(0.,1.),.UNSPECIFIED.);
#10715=B_SPLINE_SURFACE_WITH_KNOTS('',1,1,((#15868,#15869),(#15870,#15871)),
 .PLANE_SURF.,.F.,.F.,.F.,(2,2),(2,2),(0.,1.),(0.,1.),.UNSPECIFIED.);
#10716=B_SPLINE_SURFACE_WITH_KNOTS('',1,1,((#15872,#15873),(#15874,#15875)),
 .PLANE_SURF.,.F.,.F.,.F.,(2,2),(2,2),(0.,1.),(0.,1.),.UNSPECIFIED.);
#10717=B_SPLINE_SURFACE_WITH_KNOTS('',1,1,((#15881,#15882),(#15883,#15884)),
 .PLANE_SURF.,.F.,.F.,.F.,(2,2),(2,2),(0.,1.),(0.,1.),.UNSPECIFIED.);
#10718=B_SPLINE_SURFACE_WITH_KNOTS('',1,1,((#15888,#15889),(#15890,#15891)),
 .PLANE_SURF.,.F.,.F.,.F.,(2,2),(2,2),(0.,1.),(0.,1.),.UNSPECIFIED.);
#10719=B_SPLINE_SURFACE_WITH_KNOTS('',1,1,((#15895,#15896),(#15897,#15898)),
 .PLANE_SURF.,.F.,.F.,.F.,(2,2),(2,2),(0.,1.),(0.,1.),.UNSPECIFIED.);
#10720=B_SPLINE_SURFACE_WITH_KNOTS('',1,1,((#15900,#15901),(#15902,#15903)),
 .PLANE_SURF.,.F.,.F.,.F.,(2,2),(2,2),(0.,1.),(0.,1.),.UNSPECIFIED.);
#10721=B_SPLINE_SURFACE_WITH_KNOTS('',1,1,((#15904,#15905),(#15906,#15907)),
 .PLANE_SURF.,.F.,.F.,.F.,(2,2),(2,2),(0.,1.),(0.,1.),.UNSPECIFIED.);
#10722=B_SPLINE_SURFACE_WITH_KNOTS('',1,1,((#15913,#15914),(#15915,#15916)),
 .PLANE_SURF.,.F.,.F.,.F.,(2,2),(2,2),(0.,1.),(0.,1.),.UNSPECIFIED.);
#10723=B_SPLINE_SURFACE_WITH_KNOTS('',1,1,((#15920,#15921),(#15922,#15923)),
 .PLANE_SURF.,.F.,.F.,.F.,(2,2),(2,2),(0.,1.),(0.,1.),.UNSPECIFIED.);
#10724=B_SPLINE_SURFACE_WITH_KNOTS('',1,1,((#15927,#15928),(#15929,#15930)),
 .PLANE_SURF.,.F.,.F.,.F.,(2,2),(2,2),(0.,1.),(0.,1.),.UNSPECIFIED.);
#10725=B_SPLINE_SURFACE_WITH_KNOTS('',1,1,((#15932,#15933),(#15934,#15935)),
 .PLANE_SURF.,.F.,.F.,.F.,(2,2),(2,2),(0.,1.),(0.,1.),.UNSPECIFIED.);
#10726=B_SPLINE_SURFACE_WITH_KNOTS('',1,1,((#15936,#15937),(#15938,#15939)),
 .PLANE_SURF.,.F.,.F.,.F.,(2,2),(2,2),(0.,1.),(0.,1.),.UNSPECIFIED.);
#10727=B_SPLINE_SURFACE_WITH_KNOTS('',1,1,((#15945,#15946),(#15947,#15948)),
 .PLANE_SURF.,.F.,.F.,.F.,(2,2),(2,2),(0.,1.),(0.,1.),.UNSPECIFIED.);
#10728=B_SPLINE_SURFACE_WITH_KNOTS('',1,1,((#15952,#15953),(#15954,#15955)),
 .PLANE_SURF.,.F.,.F.,.F.,(2,2),(2,2),(0.,1.),(0.,1.),.UNSPECIFIED.);
#10729=B_SPLINE_SURFACE_WITH_KNOTS('',1,1,((#15959,#15960),(#15961,#15962)),
 .PLANE_SURF.,.F.,.F.,.F.,(2,2),(2,2),(0.,1.),(0.,1.),.UNSPECIFIED.);
#10730=B_SPLINE_SURFACE_WITH_KNOTS('',1,1,((#15964,#15965),(#15966,#15967)),
 .PLANE_SURF.,.F.,.F.,.F.,(2,2),(2,2),(0.,1.),(0.,1.),.UNSPECIFIED.);
#10731=B_SPLINE_SURFACE_WITH_KNOTS('',1,1,((#15968,#15969),(#15970,#15971)),
 .PLANE_SURF.,.F.,.F.,.F.,(2,2),(2,2),(0.,1.),(0.,1.),.UNSPECIFIED.);
#10732=B_SPLINE_SURFACE_WITH_KNOTS('',1,1,((#15977,#15978),(#15979,#15980)),
 .PLANE_SURF.,.F.,.F.,.F.,(2,2),(2,2),(0.,1.),(0.,1.),.UNSPECIFIED.);
#10733=B_SPLINE_SURFACE_WITH_KNOTS('',1,1,((#15984,#15985),(#15986,#15987)),
 .PLANE_SURF.,.F.,.F.,.F.,(2,2),(2,2),(0.,1.),(0.,1.),.UNSPECIFIED.);
#10734=B_SPLINE_SURFACE_WITH_KNOTS('',1,1,((#15991,#15992),(#15993,#15994)),
 .PLANE_SURF.,.F.,.F.,.F.,(2,2),(2,2),(0.,1.),(0.,1.),.UNSPECIFIED.);
#10735=B_SPLINE_SURFACE_WITH_KNOTS('',1,1,((#15996,#15997),(#15998,#15999)),
 .PLANE_SURF.,.F.,.F.,.F.,(2,2),(2,2),(0.,1.),(0.,1.),.UNSPECIFIED.);
#10736=B_SPLINE_SURFACE_WITH_KNOTS('',1,1,((#16000,#16001),(#16002,#16003)),
 .PLANE_SURF.,.F.,.F.,.F.,(2,2),(2,2),(0.,1.),(0.,1.),.UNSPECIFIED.);
#10737=B_SPLINE_SURFACE_WITH_KNOTS('',1,1,((#16009,#16010),(#16011,#16012)),
 .PLANE_SURF.,.F.,.F.,.F.,(2,2),(2,2),(0.,1.),(0.,1.),.UNSPECIFIED.);
#10738=B_SPLINE_SURFACE_WITH_KNOTS('',1,1,((#16016,#16017),(#16018,#16019)),
 .PLANE_SURF.,.F.,.F.,.F.,(2,2),(2,2),(0.,1.),(0.,1.),.UNSPECIFIED.);
#10739=B_SPLINE_SURFACE_WITH_KNOTS('',1,1,((#16023,#16024),(#16025,#16026)),
 .PLANE_SURF.,.F.,.F.,.F.,(2,2),(2,2),(0.,1.),(0.,1.),.UNSPECIFIED.);
#10740=B_SPLINE_SURFACE_WITH_KNOTS('',1,1,((#16028,#16029),(#16030,#16031)),
 .PLANE_SURF.,.F.,.F.,.F.,(2,2),(2,2),(0.,1.),(0.,1.),.UNSPECIFIED.);
#10741=B_SPLINE_SURFACE_WITH_KNOTS('',1,1,((#16032,#16033),(#16034,#16035)),
 .PLANE_SURF.,.F.,.F.,.F.,(2,2),(2,2),(0.,1.),(0.,1.),.UNSPECIFIED.);
#10742=B_SPLINE_SURFACE_WITH_KNOTS('',1,1,((#16041,#16042),(#16043,#16044)),
 .PLANE_SURF.,.F.,.F.,.F.,(2,2),(2,2),(0.,1.),(0.,1.),.UNSPECIFIED.);
#10743=B_SPLINE_SURFACE_WITH_KNOTS('',1,1,((#16048,#16049),(#16050,#16051)),
 .PLANE_SURF.,.F.,.F.,.F.,(2,2),(2,2),(0.,1.),(0.,1.),.UNSPECIFIED.);
#10744=B_SPLINE_SURFACE_WITH_KNOTS('',1,1,((#16055,#16056),(#16057,#16058)),
 .PLANE_SURF.,.F.,.F.,.F.,(2,2),(2,2),(0.,1.),(0.,1.),.UNSPECIFIED.);
#10745=B_SPLINE_SURFACE_WITH_KNOTS('',1,1,((#16060,#16061),(#16062,#16063)),
 .PLANE_SURF.,.F.,.F.,.F.,(2,2),(2,2),(0.,1.),(0.,1.),.UNSPECIFIED.);
#10746=B_SPLINE_SURFACE_WITH_KNOTS('',1,1,((#16064,#16065),(#16066,#16067)),
 .PLANE_SURF.,.F.,.F.,.F.,(2,2),(2,2),(0.,1.),(0.,1.),.UNSPECIFIED.);
#10747=B_SPLINE_SURFACE_WITH_KNOTS('',1,1,((#16073,#16074),(#16075,#16076)),
 .PLANE_SURF.,.F.,.F.,.F.,(2,2),(2,2),(0.,1.),(0.,1.),.UNSPECIFIED.);
#10748=B_SPLINE_SURFACE_WITH_KNOTS('',1,1,((#16080,#16081),(#16082,#16083)),
 .PLANE_SURF.,.F.,.F.,.F.,(2,2),(2,2),(0.,1.),(0.,1.),.UNSPECIFIED.);
#10749=B_SPLINE_SURFACE_WITH_KNOTS('',1,1,((#16087,#16088),(#16089,#16090)),
 .PLANE_SURF.,.F.,.F.,.F.,(2,2),(2,2),(0.,1.),(0.,1.),.UNSPECIFIED.);
#10750=B_SPLINE_SURFACE_WITH_KNOTS('',1,1,((#16092,#16093),(#16094,#16095)),
 .PLANE_SURF.,.F.,.F.,.F.,(2,2),(2,2),(0.,1.),(0.,1.),.UNSPECIFIED.);
#10751=B_SPLINE_SURFACE_WITH_KNOTS('',1,1,((#16096,#16097),(#16098,#16099)),
 .PLANE_SURF.,.F.,.F.,.F.,(2,2),(2,2),(0.,1.),(0.,1.),.UNSPECIFIED.);
#10752=B_SPLINE_SURFACE_WITH_KNOTS('',1,1,((#16105,#16106),(#16107,#16108)),
 .PLANE_SURF.,.F.,.F.,.F.,(2,2),(2,2),(0.,1.),(0.,1.),.UNSPECIFIED.);
#10753=B_SPLINE_SURFACE_WITH_KNOTS('',1,1,((#16112,#16113),(#16114,#16115)),
 .PLANE_SURF.,.F.,.F.,.F.,(2,2),(2,2),(0.,1.),(0.,1.),.UNSPECIFIED.);
#10754=B_SPLINE_SURFACE_WITH_KNOTS('',1,1,((#16119,#16120),(#16121,#16122)),
 .PLANE_SURF.,.F.,.F.,.F.,(2,2),(2,2),(0.,1.),(0.,1.),.UNSPECIFIED.);
#10755=B_SPLINE_SURFACE_WITH_KNOTS('',1,1,((#16124,#16125),(#16126,#16127)),
 .PLANE_SURF.,.F.,.F.,.F.,(2,2),(2,2),(0.,1.),(0.,1.),.UNSPECIFIED.);
#10756=B_SPLINE_SURFACE_WITH_KNOTS('',1,1,((#16128,#16129),(#16130,#16131)),
 .PLANE_SURF.,.F.,.F.,.F.,(2,2),(2,2),(0.,1.),(0.,1.),.UNSPECIFIED.);
#10757=B_SPLINE_SURFACE_WITH_KNOTS('',1,1,((#16137,#16138),(#16139,#16140)),
 .PLANE_SURF.,.F.,.F.,.F.,(2,2),(2,2),(0.,1.),(0.,1.),.UNSPECIFIED.);
#10758=B_SPLINE_SURFACE_WITH_KNOTS('',1,1,((#16144,#16145),(#16146,#16147)),
 .PLANE_SURF.,.F.,.F.,.F.,(2,2),(2,2),(0.,1.),(0.,1.),.UNSPECIFIED.);
#10759=B_SPLINE_SURFACE_WITH_KNOTS('',1,1,((#16151,#16152),(#16153,#16154)),
 .PLANE_SURF.,.F.,.F.,.F.,(2,2),(2,2),(0.,1.),(0.,1.),.UNSPECIFIED.);
#10760=B_SPLINE_SURFACE_WITH_KNOTS('',1,1,((#16156,#16157),(#16158,#16159)),
 .PLANE_SURF.,.F.,.F.,.F.,(2,2),(2,2),(0.,1.),(0.,1.),.UNSPECIFIED.);
#10761=B_SPLINE_SURFACE_WITH_KNOTS('',1,1,((#16160,#16161),(#16162,#16163)),
 .PLANE_SURF.,.F.,.F.,.F.,(2,2),(2,2),(0.,1.),(0.,1.),.UNSPECIFIED.);
#10762=B_SPLINE_SURFACE_WITH_KNOTS('',1,1,((#16169,#16170),(#16171,#16172)),
 .PLANE_SURF.,.F.,.F.,.F.,(2,2),(2,2),(0.,1.),(0.,1.),.UNSPECIFIED.);
#10763=B_SPLINE_SURFACE_WITH_KNOTS('',1,1,((#16176,#16177),(#16178,#16179)),
 .PLANE_SURF.,.F.,.F.,.F.,(2,2),(2,2),(0.,1.),(0.,1.),.UNSPECIFIED.);
#10764=B_SPLINE_SURFACE_WITH_KNOTS('',1,1,((#16183,#16184),(#16185,#16186)),
 .PLANE_SURF.,.F.,.F.,.F.,(2,2),(2,2),(0.,1.),(0.,1.),.UNSPECIFIED.);
#10765=B_SPLINE_SURFACE_WITH_KNOTS('',1,1,((#16188,#16189),(#16190,#16191)),
 .PLANE_SURF.,.F.,.F.,.F.,(2,2),(2,2),(0.,1.),(0.,1.),.UNSPECIFIED.);
#10766=B_SPLINE_SURFACE_WITH_KNOTS('',1,1,((#16192,#16193),(#16194,#16195)),
 .PLANE_SURF.,.F.,.F.,.F.,(2,2),(2,2),(0.,1.),(0.,1.),.UNSPECIFIED.);
#10767=B_SPLINE_SURFACE_WITH_KNOTS('',1,1,((#16201,#16202),(#16203,#16204)),
 .PLANE_SURF.,.F.,.F.,.F.,(2,2),(2,2),(0.,1.),(0.,1.),.UNSPECIFIED.);
#10768=B_SPLINE_SURFACE_WITH_KNOTS('',1,1,((#16208,#16209),(#16210,#16211)),
 .PLANE_SURF.,.F.,.F.,.F.,(2,2),(2,2),(0.,1.),(0.,1.),.UNSPECIFIED.);
#10769=B_SPLINE_SURFACE_WITH_KNOTS('',1,1,((#16215,#16216),(#16217,#16218)),
 .PLANE_SURF.,.F.,.F.,.F.,(2,2),(2,2),(0.,1.),(0.,1.),.UNSPECIFIED.);
#10770=B_SPLINE_SURFACE_WITH_KNOTS('',1,1,((#16220,#16221),(#16222,#16223)),
 .PLANE_SURF.,.F.,.F.,.F.,(2,2),(2,2),(0.,1.),(0.,1.),.UNSPECIFIED.);
#10771=B_SPLINE_SURFACE_WITH_KNOTS('',1,1,((#16224,#16225),(#16226,#16227)),
 .PLANE_SURF.,.F.,.F.,.F.,(2,2),(2,2),(0.,1.),(0.,1.),.UNSPECIFIED.);
#10772=B_SPLINE_SURFACE_WITH_KNOTS('',1,1,((#16233,#16234),(#16235,#16236)),
 .PLANE_SURF.,.F.,.F.,.F.,(2,2),(2,2),(0.,1.),(0.,1.),.UNSPECIFIED.);
#10773=B_SPLINE_SURFACE_WITH_KNOTS('',1,1,((#16240,#16241),(#16242,#16243)),
 .PLANE_SURF.,.F.,.F.,.F.,(2,2),(2,2),(0.,1.),(0.,1.),.UNSPECIFIED.);
#10774=B_SPLINE_SURFACE_WITH_KNOTS('',1,1,((#16247,#16248),(#16249,#16250)),
 .PLANE_SURF.,.F.,.F.,.F.,(2,2),(2,2),(0.,1.),(0.,1.),.UNSPECIFIED.);
#10775=B_SPLINE_SURFACE_WITH_KNOTS('',1,1,((#16252,#16253),(#16254,#16255)),
 .PLANE_SURF.,.F.,.F.,.F.,(2,2),(2,2),(0.,1.),(0.,1.),.UNSPECIFIED.);
#10776=B_SPLINE_SURFACE_WITH_KNOTS('',1,1,((#16256,#16257),(#16258,#16259)),
 .PLANE_SURF.,.F.,.F.,.F.,(2,2),(2,2),(0.,1.),(0.,1.),.UNSPECIFIED.);
#10777=B_SPLINE_SURFACE_WITH_KNOTS('',1,1,((#16265,#16266),(#16267,#16268)),
 .PLANE_SURF.,.F.,.F.,.F.,(2,2),(2,2),(0.,1.),(0.,1.),.UNSPECIFIED.);
#10778=B_SPLINE_SURFACE_WITH_KNOTS('',1,1,((#16272,#16273),(#16274,#16275)),
 .PLANE_SURF.,.F.,.F.,.F.,(2,2),(2,2),(0.,1.),(0.,1.),.UNSPECIFIED.);
#10779=B_SPLINE_SURFACE_WITH_KNOTS('',1,1,((#16279,#16280),(#16281,#16282)),
 .PLANE_SURF.,.F.,.F.,.F.,(2,2),(2,2),(0.,1.),(0.,1.),.UNSPECIFIED.);
#10780=B_SPLINE_SURFACE_WITH_KNOTS('',1,1,((#16284,#16285),(#16286,#16287)),
 .PLANE_SURF.,.F.,.F.,.F.,(2,2),(2,2),(0.,1.),(0.,1.),.UNSPECIFIED.);
#10781=B_SPLINE_SURFACE_WITH_KNOTS('',1,1,((#16288,#16289),(#16290,#16291)),
 .PLANE_SURF.,.F.,.F.,.F.,(2,2),(2,2),(0.,1.),(0.,1.),.UNSPECIFIED.);
#10782=B_SPLINE_SURFACE_WITH_KNOTS('',1,1,((#16297,#16298),(#16299,#16300)),
 .PLANE_SURF.,.F.,.F.,.F.,(2,2),(2,2),(0.,1.),(0.,1.),.UNSPECIFIED.);
#10783=B_SPLINE_SURFACE_WITH_KNOTS('',1,1,((#16304,#16305),(#16306,#16307)),
 .PLANE_SURF.,.F.,.F.,.F.,(2,2),(2,2),(0.,1.),(0.,1.),.UNSPECIFIED.);
#10784=B_SPLINE_SURFACE_WITH_KNOTS('',1,1,((#16311,#16312),(#16313,#16314)),
 .PLANE_SURF.,.F.,.F.,.F.,(2,2),(2,2),(0.,1.),(0.,1.),.UNSPECIFIED.);
#10785=B_SPLINE_SURFACE_WITH_KNOTS('',1,1,((#16316,#16317),(#16318,#16319)),
 .PLANE_SURF.,.F.,.F.,.F.,(2,2),(2,2),(0.,1.),(0.,1.),.UNSPECIFIED.);
#10786=B_SPLINE_SURFACE_WITH_KNOTS('',1,1,((#16320,#16321),(#16322,#16323)),
 .PLANE_SURF.,.F.,.F.,.F.,(2,2),(2,2),(0.,1.),(0.,1.),.UNSPECIFIED.);
#10787=B_SPLINE_SURFACE_WITH_KNOTS('',1,1,((#16329,#16330),(#16331,#16332)),
 .PLANE_SURF.,.F.,.F.,.F.,(2,2),(2,2),(0.,1.),(0.,1.),.UNSPECIFIED.);
#10788=B_SPLINE_SURFACE_WITH_KNOTS('',1,1,((#16336,#16337),(#16338,#16339)),
 .PLANE_SURF.,.F.,.F.,.F.,(2,2),(2,2),(0.,1.),(0.,1.),.UNSPECIFIED.);
#10789=B_SPLINE_SURFACE_WITH_KNOTS('',1,1,((#16343,#16344),(#16345,#16346)),
 .PLANE_SURF.,.F.,.F.,.F.,(2,2),(2,2),(0.,1.),(0.,1.),.UNSPECIFIED.);
#10790=B_SPLINE_SURFACE_WITH_KNOTS('',1,1,((#16348,#16349),(#16350,#16351)),
 .PLANE_SURF.,.F.,.F.,.F.,(2,2),(2,2),(0.,1.),(0.,1.),.UNSPECIFIED.);
#10791=B_SPLINE_SURFACE_WITH_KNOTS('',1,1,((#16352,#16353),(#16354,#16355)),
 .PLANE_SURF.,.F.,.F.,.F.,(2,2),(2,2),(0.,1.),(0.,1.),.UNSPECIFIED.);
#10792=B_SPLINE_SURFACE_WITH_KNOTS('',1,1,((#16361,#16362),(#16363,#16364)),
 .PLANE_SURF.,.F.,.F.,.F.,(2,2),(2,2),(0.,1.),(0.,1.),.UNSPECIFIED.);
#10793=B_SPLINE_SURFACE_WITH_KNOTS('',1,1,((#16368,#16369),(#16370,#16371)),
 .PLANE_SURF.,.F.,.F.,.F.,(2,2),(2,2),(0.,1.),(0.,1.),.UNSPECIFIED.);
#10794=B_SPLINE_SURFACE_WITH_KNOTS('',1,1,((#16375,#16376),(#16377,#16378)),
 .PLANE_SURF.,.F.,.F.,.F.,(2,2),(2,2),(0.,1.),(0.,1.),.UNSPECIFIED.);
#10795=B_SPLINE_SURFACE_WITH_KNOTS('',1,1,((#16380,#16381),(#16382,#16383)),
 .PLANE_SURF.,.F.,.F.,.F.,(2,2),(2,2),(0.,1.),(0.,1.),.UNSPECIFIED.);
#10796=B_SPLINE_SURFACE_WITH_KNOTS('',1,1,((#16384,#16385),(#16386,#16387)),
 .PLANE_SURF.,.F.,.F.,.F.,(2,2),(2,2),(0.,1.),(0.,1.),.UNSPECIFIED.);
#10797=B_SPLINE_SURFACE_WITH_KNOTS('',1,1,((#16393,#16394),(#16395,#16396)),
 .PLANE_SURF.,.F.,.F.,.F.,(2,2),(2,2),(0.,1.),(0.,1.),.UNSPECIFIED.);
#10798=B_SPLINE_SURFACE_WITH_KNOTS('',1,1,((#16400,#16401),(#16402,#16403)),
 .PLANE_SURF.,.F.,.F.,.F.,(2,2),(2,2),(0.,1.),(0.,1.),.UNSPECIFIED.);
#10799=B_SPLINE_SURFACE_WITH_KNOTS('',1,1,((#16407,#16408),(#16409,#16410)),
 .PLANE_SURF.,.F.,.F.,.F.,(2,2),(2,2),(0.,1.),(0.,1.),.UNSPECIFIED.);
#10800=B_SPLINE_SURFACE_WITH_KNOTS('',1,1,((#16412,#16413),(#16414,#16415)),
 .PLANE_SURF.,.F.,.F.,.F.,(2,2),(2,2),(0.,1.),(0.,1.),.UNSPECIFIED.);
#10801=B_SPLINE_SURFACE_WITH_KNOTS('',1,1,((#16416,#16417),(#16418,#16419)),
 .PLANE_SURF.,.F.,.F.,.F.,(2,2),(2,2),(0.,1.),(0.,1.),.UNSPECIFIED.);
#10802=B_SPLINE_SURFACE_WITH_KNOTS('',1,1,((#16425,#16426),(#16427,#16428)),
 .PLANE_SURF.,.F.,.F.,.F.,(2,2),(2,2),(0.,1.),(0.,1.),.UNSPECIFIED.);
#10803=B_SPLINE_SURFACE_WITH_KNOTS('',1,1,((#16432,#16433),(#16434,#16435)),
 .PLANE_SURF.,.F.,.F.,.F.,(2,2),(2,2),(0.,1.),(0.,1.),.UNSPECIFIED.);
#10804=B_SPLINE_SURFACE_WITH_KNOTS('',1,1,((#16439,#16440),(#16441,#16442)),
 .PLANE_SURF.,.F.,.F.,.F.,(2,2),(2,2),(0.,1.),(0.,1.),.UNSPECIFIED.);
#10805=B_SPLINE_SURFACE_WITH_KNOTS('',1,1,((#16444,#16445),(#16446,#16447)),
 .PLANE_SURF.,.F.,.F.,.F.,(2,2),(2,2),(0.,1.),(0.,1.),.UNSPECIFIED.);
#10806=B_SPLINE_SURFACE_WITH_KNOTS('',1,1,((#16448,#16449),(#16450,#16451)),
 .PLANE_SURF.,.F.,.F.,.F.,(2,2),(2,2),(0.,1.),(0.,1.),.UNSPECIFIED.);
#10807=B_SPLINE_SURFACE_WITH_KNOTS('',1,1,((#16457,#16458),(#16459,#16460)),
 .PLANE_SURF.,.F.,.F.,.F.,(2,2),(2,2),(0.,1.),(0.,1.),.UNSPECIFIED.);
#10808=B_SPLINE_SURFACE_WITH_KNOTS('',1,1,((#16464,#16465),(#16466,#16467)),
 .PLANE_SURF.,.F.,.F.,.F.,(2,2),(2,2),(0.,1.),(0.,1.),.UNSPECIFIED.);
#10809=B_SPLINE_SURFACE_WITH_KNOTS('',1,1,((#16471,#16472),(#16473,#16474)),
 .PLANE_SURF.,.F.,.F.,.F.,(2,2),(2,2),(0.,1.),(0.,1.),.UNSPECIFIED.);
#10810=B_SPLINE_SURFACE_WITH_KNOTS('',1,1,((#16476,#16477),(#16478,#16479)),
 .PLANE_SURF.,.F.,.F.,.F.,(2,2),(2,2),(0.,1.),(0.,1.),.UNSPECIFIED.);
#10811=B_SPLINE_SURFACE_WITH_KNOTS('',1,1,((#16480,#16481),(#16482,#16483)),
 .PLANE_SURF.,.F.,.F.,.F.,(2,2),(2,2),(0.,1.),(0.,1.),.UNSPECIFIED.);
#10812=B_SPLINE_SURFACE_WITH_KNOTS('',1,1,((#16489,#16490),(#16491,#16492)),
 .PLANE_SURF.,.F.,.F.,.F.,(2,2),(2,2),(0.,1.),(0.,1.),.UNSPECIFIED.);
#10813=B_SPLINE_SURFACE_WITH_KNOTS('',1,1,((#16496,#16497),(#16498,#16499)),
 .PLANE_SURF.,.F.,.F.,.F.,(2,2),(2,2),(0.,1.),(0.,1.),.UNSPECIFIED.);
#10814=B_SPLINE_SURFACE_WITH_KNOTS('',1,1,((#16503,#16504),(#16505,#16506)),
 .PLANE_SURF.,.F.,.F.,.F.,(2,2),(2,2),(0.,1.),(0.,1.),.UNSPECIFIED.);
#10815=B_SPLINE_SURFACE_WITH_KNOTS('',1,1,((#16508,#16509),(#16510,#16511)),
 .PLANE_SURF.,.F.,.F.,.F.,(2,2),(2,2),(0.,1.),(0.,1.),.UNSPECIFIED.);
#10816=B_SPLINE_SURFACE_WITH_KNOTS('',1,1,((#16512,#16513),(#16514,#16515)),
 .PLANE_SURF.,.F.,.F.,.F.,(2,2),(2,2),(0.,1.),(0.,1.),.UNSPECIFIED.);
#10817=B_SPLINE_SURFACE_WITH_KNOTS('',1,1,((#16521,#16522),(#16523,#16524)),
 .PLANE_SURF.,.F.,.F.,.F.,(2,2),(2,2),(0.,1.),(0.,1.),.UNSPECIFIED.);
#10818=B_SPLINE_SURFACE_WITH_KNOTS('',1,1,((#16528,#16529),(#16530,#16531)),
 .PLANE_SURF.,.F.,.F.,.F.,(2,2),(2,2),(0.,1.),(0.,1.),.UNSPECIFIED.);
#10819=B_SPLINE_SURFACE_WITH_KNOTS('',1,1,((#16535,#16536),(#16537,#16538)),
 .PLANE_SURF.,.F.,.F.,.F.,(2,2),(2,2),(0.,1.),(0.,1.),.UNSPECIFIED.);
#10820=B_SPLINE_SURFACE_WITH_KNOTS('',1,1,((#16540,#16541),(#16542,#16543)),
 .PLANE_SURF.,.F.,.F.,.F.,(2,2),(2,2),(0.,1.),(0.,1.),.UNSPECIFIED.);
#10821=B_SPLINE_SURFACE_WITH_KNOTS('',1,1,((#16544,#16545),(#16546,#16547)),
 .PLANE_SURF.,.F.,.F.,.F.,(2,2),(2,2),(0.,1.),(0.,1.),.UNSPECIFIED.);
#10822=B_SPLINE_SURFACE_WITH_KNOTS('',1,1,((#16553,#16554),(#16555,#16556)),
 .PLANE_SURF.,.F.,.F.,.F.,(2,2),(2,2),(0.,1.),(0.,1.),.UNSPECIFIED.);
#10823=B_SPLINE_SURFACE_WITH_KNOTS('',1,1,((#16560,#16561),(#16562,#16563)),
 .PLANE_SURF.,.F.,.F.,.F.,(2,2),(2,2),(0.,1.),(0.,1.),.UNSPECIFIED.);
#10824=B_SPLINE_SURFACE_WITH_KNOTS('',1,1,((#16567,#16568),(#16569,#16570)),
 .PLANE_SURF.,.F.,.F.,.F.,(2,2),(2,2),(0.,1.),(0.,1.),.UNSPECIFIED.);
#10825=B_SPLINE_SURFACE_WITH_KNOTS('',1,1,((#16572,#16573),(#16574,#16575)),
 .PLANE_SURF.,.F.,.F.,.F.,(2,2),(2,2),(0.,1.),(0.,1.),.UNSPECIFIED.);
#10826=B_SPLINE_SURFACE_WITH_KNOTS('',1,1,((#16576,#16577),(#16578,#16579)),
 .PLANE_SURF.,.F.,.F.,.F.,(2,2),(2,2),(0.,1.),(0.,1.),.UNSPECIFIED.);
#10827=B_SPLINE_SURFACE_WITH_KNOTS('',1,1,((#16585,#16586),(#16587,#16588)),
 .PLANE_SURF.,.F.,.F.,.F.,(2,2),(2,2),(0.,1.),(0.,1.),.UNSPECIFIED.);
#10828=B_SPLINE_SURFACE_WITH_KNOTS('',1,1,((#16592,#16593),(#16594,#16595)),
 .PLANE_SURF.,.F.,.F.,.F.,(2,2),(2,2),(0.,1.),(0.,1.),.UNSPECIFIED.);
#10829=B_SPLINE_SURFACE_WITH_KNOTS('',1,1,((#16599,#16600),(#16601,#16602)),
 .PLANE_SURF.,.F.,.F.,.F.,(2,2),(2,2),(0.,1.),(0.,1.),.UNSPECIFIED.);
#10830=B_SPLINE_SURFACE_WITH_KNOTS('',1,1,((#16604,#16605),(#16606,#16607)),
 .PLANE_SURF.,.F.,.F.,.F.,(2,2),(2,2),(0.,1.),(0.,1.),.UNSPECIFIED.);
#10831=B_SPLINE_SURFACE_WITH_KNOTS('',1,1,((#16608,#16609),(#16610,#16611)),
 .PLANE_SURF.,.F.,.F.,.F.,(2,2),(2,2),(0.,1.),(0.,1.),.UNSPECIFIED.);
#10832=B_SPLINE_SURFACE_WITH_KNOTS('',1,1,((#16617,#16618),(#16619,#16620)),
 .PLANE_SURF.,.F.,.F.,.F.,(2,2),(2,2),(0.,1.),(0.,1.),.UNSPECIFIED.);
#10833=B_SPLINE_SURFACE_WITH_KNOTS('',1,1,((#16624,#16625),(#16626,#16627)),
 .PLANE_SURF.,.F.,.F.,.F.,(2,2),(2,2),(0.,1.),(0.,1.),.UNSPECIFIED.);
#10834=B_SPLINE_SURFACE_WITH_KNOTS('',1,1,((#16631,#16632),(#16633,#16634)),
 .PLANE_SURF.,.F.,.F.,.F.,(2,2),(2,2),(0.,1.),(0.,1.),.UNSPECIFIED.);
#10835=B_SPLINE_SURFACE_WITH_KNOTS('',1,1,((#16636,#16637),(#16638,#16639)),
 .PLANE_SURF.,.F.,.F.,.F.,(2,2),(2,2),(0.,1.),(0.,1.),.UNSPECIFIED.);
#10836=B_SPLINE_SURFACE_WITH_KNOTS('',1,1,((#16640,#16641),(#16642,#16643)),
 .PLANE_SURF.,.F.,.F.,.F.,(2,2),(2,2),(0.,1.),(0.,1.),.UNSPECIFIED.);
#10837=B_SPLINE_SURFACE_WITH_KNOTS('',1,1,((#16649,#16650),(#16651,#16652)),
 .PLANE_SURF.,.F.,.F.,.F.,(2,2),(2,2),(0.,1.),(0.,1.),.UNSPECIFIED.);
#10838=B_SPLINE_SURFACE_WITH_KNOTS('',1,1,((#16656,#16657),(#16658,#16659)),
 .PLANE_SURF.,.F.,.F.,.F.,(2,2),(2,2),(0.,1.),(0.,1.),.UNSPECIFIED.);
#10839=B_SPLINE_SURFACE_WITH_KNOTS('',1,1,((#16663,#16664),(#16665,#16666)),
 .PLANE_SURF.,.F.,.F.,.F.,(2,2),(2,2),(0.,1.),(0.,1.),.UNSPECIFIED.);
#10840=B_SPLINE_SURFACE_WITH_KNOTS('',1,1,((#16668,#16669),(#16670,#16671)),
 .PLANE_SURF.,.F.,.F.,.F.,(2,2),(2,2),(0.,1.),(0.,1.),.UNSPECIFIED.);
#10841=B_SPLINE_SURFACE_WITH_KNOTS('',1,1,((#16672,#16673),(#16674,#16675)),
 .PLANE_SURF.,.F.,.F.,.F.,(2,2),(2,2),(0.,1.),(0.,1.),.UNSPECIFIED.);
#10842=B_SPLINE_SURFACE_WITH_KNOTS('',1,1,((#16681,#16682),(#16683,#16684)),
 .PLANE_SURF.,.F.,.F.,.F.,(2,2),(2,2),(0.,1.),(0.,1.),.UNSPECIFIED.);
#10843=B_SPLINE_SURFACE_WITH_KNOTS('',1,1,((#16688,#16689),(#16690,#16691)),
 .PLANE_SURF.,.F.,.F.,.F.,(2,2),(2,2),(0.,1.),(0.,1.),.UNSPECIFIED.);
#10844=B_SPLINE_SURFACE_WITH_KNOTS('',1,1,((#16695,#16696),(#16697,#16698)),
 .PLANE_SURF.,.F.,.F.,.F.,(2,2),(2,2),(0.,1.),(0.,1.),.UNSPECIFIED.);
#10845=B_SPLINE_SURFACE_WITH_KNOTS('',1,1,((#16700,#16701),(#16702,#16703)),
 .PLANE_SURF.,.F.,.F.,.F.,(2,2),(2,2),(0.,1.),(0.,1.),.UNSPECIFIED.);
#10846=B_SPLINE_SURFACE_WITH_KNOTS('',1,1,((#16704,#16705),(#16706,#16707)),
 .PLANE_SURF.,.F.,.F.,.F.,(2,2),(2,2),(0.,1.),(0.,1.),.UNSPECIFIED.);
#10847=B_SPLINE_SURFACE_WITH_KNOTS('',1,1,((#16713,#16714),(#16715,#16716)),
 .PLANE_SURF.,.F.,.F.,.F.,(2,2),(2,2),(0.,1.),(0.,1.),.UNSPECIFIED.);
#10848=B_SPLINE_SURFACE_WITH_KNOTS('',1,1,((#16720,#16721),(#16722,#16723)),
 .PLANE_SURF.,.F.,.F.,.F.,(2,2),(2,2),(0.,1.),(0.,1.),.UNSPECIFIED.);
#10849=B_SPLINE_SURFACE_WITH_KNOTS('',1,1,((#16727,#16728),(#16729,#16730)),
 .PLANE_SURF.,.F.,.F.,.F.,(2,2),(2,2),(0.,1.),(0.,1.),.UNSPECIFIED.);
#10850=B_SPLINE_SURFACE_WITH_KNOTS('',1,1,((#16732,#16733),(#16734,#16735)),
 .PLANE_SURF.,.F.,.F.,.F.,(2,2),(2,2),(0.,1.),(0.,1.),.UNSPECIFIED.);
#10851=B_SPLINE_SURFACE_WITH_KNOTS('',1,1,((#16736,#16737),(#16738,#16739)),
 .PLANE_SURF.,.F.,.F.,.F.,(2,2),(2,2),(0.,1.),(0.,1.),.UNSPECIFIED.);
#10852=B_SPLINE_SURFACE_WITH_KNOTS('',1,1,((#16745,#16746),(#16747,#16748)),
 .PLANE_SURF.,.F.,.F.,.F.,(2,2),(2,2),(0.,1.),(0.,1.),.UNSPECIFIED.);
#10853=B_SPLINE_SURFACE_WITH_KNOTS('',1,1,((#16752,#16753),(#16754,#16755)),
 .PLANE_SURF.,.F.,.F.,.F.,(2,2),(2,2),(0.,1.),(0.,1.),.UNSPECIFIED.);
#10854=B_SPLINE_SURFACE_WITH_KNOTS('',1,1,((#16759,#16760),(#16761,#16762)),
 .PLANE_SURF.,.F.,.F.,.F.,(2,2),(2,2),(0.,1.),(0.,1.),.UNSPECIFIED.);
#10855=B_SPLINE_SURFACE_WITH_KNOTS('',1,1,((#16764,#16765),(#16766,#16767)),
 .PLANE_SURF.,.F.,.F.,.F.,(2,2),(2,2),(0.,1.),(0.,1.),.UNSPECIFIED.);
#10856=B_SPLINE_SURFACE_WITH_KNOTS('',1,1,((#16768,#16769),(#16770,#16771)),
 .PLANE_SURF.,.F.,.F.,.F.,(2,2),(2,2),(0.,1.),(0.,1.),.UNSPECIFIED.);
#10857=B_SPLINE_SURFACE_WITH_KNOTS('',1,1,((#16777,#16778),(#16779,#16780)),
 .PLANE_SURF.,.F.,.F.,.F.,(2,2),(2,2),(0.,1.),(0.,1.),.UNSPECIFIED.);
#10858=B_SPLINE_SURFACE_WITH_KNOTS('',1,1,((#16784,#16785),(#16786,#16787)),
 .PLANE_SURF.,.F.,.F.,.F.,(2,2),(2,2),(0.,1.),(0.,1.),.UNSPECIFIED.);
#10859=B_SPLINE_SURFACE_WITH_KNOTS('',1,1,((#16791,#16792),(#16793,#16794)),
 .PLANE_SURF.,.F.,.F.,.F.,(2,2),(2,2),(0.,1.),(0.,1.),.UNSPECIFIED.);
#10860=B_SPLINE_SURFACE_WITH_KNOTS('',1,1,((#16796,#16797),(#16798,#16799)),
 .PLANE_SURF.,.F.,.F.,.F.,(2,2),(2,2),(0.,1.),(0.,1.),.UNSPECIFIED.);
#10861=B_SPLINE_SURFACE_WITH_KNOTS('',1,1,((#16800,#16801),(#16802,#16803)),
 .PLANE_SURF.,.F.,.F.,.F.,(2,2),(2,2),(0.,1.),(0.,1.),.UNSPECIFIED.);
#10862=B_SPLINE_SURFACE_WITH_KNOTS('',1,1,((#16809,#16810),(#16811,#16812)),
 .PLANE_SURF.,.F.,.F.,.F.,(2,2),(2,2),(0.,1.),(0.,1.),.UNSPECIFIED.);
#10863=B_SPLINE_SURFACE_WITH_KNOTS('',1,1,((#16816,#16817),(#16818,#16819)),
 .PLANE_SURF.,.F.,.F.,.F.,(2,2),(2,2),(0.,1.),(0.,1.),.UNSPECIFIED.);
#10864=B_SPLINE_SURFACE_WITH_KNOTS('',1,1,((#16823,#16824),(#16825,#16826)),
 .PLANE_SURF.,.F.,.F.,.F.,(2,2),(2,2),(0.,1.),(0.,1.),.UNSPECIFIED.);
#10865=B_SPLINE_SURFACE_WITH_KNOTS('',1,1,((#16828,#16829),(#16830,#16831)),
 .PLANE_SURF.,.F.,.F.,.F.,(2,2),(2,2),(0.,1.),(0.,1.),.UNSPECIFIED.);
#10866=B_SPLINE_SURFACE_WITH_KNOTS('',1,1,((#16832,#16833),(#16834,#16835)),
 .PLANE_SURF.,.F.,.F.,.F.,(2,2),(2,2),(0.,1.),(0.,1.),.UNSPECIFIED.);
#10867=B_SPLINE_SURFACE_WITH_KNOTS('',1,1,((#16841,#16842),(#16843,#16844)),
 .PLANE_SURF.,.F.,.F.,.F.,(2,2),(2,2),(0.,1.),(0.,1.),.UNSPECIFIED.);
#10868=B_SPLINE_SURFACE_WITH_KNOTS('',1,1,((#16848,#16849),(#16850,#16851)),
 .PLANE_SURF.,.F.,.F.,.F.,(2,2),(2,2),(0.,1.),(0.,1.),.UNSPECIFIED.);
#10869=B_SPLINE_SURFACE_WITH_KNOTS('',1,1,((#16855,#16856),(#16857,#16858)),
 .PLANE_SURF.,.F.,.F.,.F.,(2,2),(2,2),(0.,1.),(0.,1.),.UNSPECIFIED.);
#10870=B_SPLINE_SURFACE_WITH_KNOTS('',1,1,((#16860,#16861),(#16862,#16863)),
 .PLANE_SURF.,.F.,.F.,.F.,(2,2),(2,2),(0.,1.),(0.,1.),.UNSPECIFIED.);
#10871=B_SPLINE_SURFACE_WITH_KNOTS('',1,1,((#16864,#16865),(#16866,#16867)),
 .PLANE_SURF.,.F.,.F.,.F.,(2,2),(2,2),(0.,1.),(0.,1.),.UNSPECIFIED.);
#10872=B_SPLINE_SURFACE_WITH_KNOTS('',1,1,((#16873,#16874),(#16875,#16876)),
 .PLANE_SURF.,.F.,.F.,.F.,(2,2),(2,2),(0.,1.),(0.,1.),.UNSPECIFIED.);
#10873=B_SPLINE_SURFACE_WITH_KNOTS('',1,1,((#16880,#16881),(#16882,#16883)),
 .PLANE_SURF.,.F.,.F.,.F.,(2,2),(2,2),(0.,1.),(0.,1.),.UNSPECIFIED.);
#10874=B_SPLINE_SURFACE_WITH_KNOTS('',1,1,((#16887,#16888),(#16889,#16890)),
 .PLANE_SURF.,.F.,.F.,.F.,(2,2),(2,2),(0.,1.),(0.,1.),.UNSPECIFIED.);
#10875=B_SPLINE_SURFACE_WITH_KNOTS('',1,1,((#16892,#16893),(#16894,#16895)),
 .PLANE_SURF.,.F.,.F.,.F.,(2,2),(2,2),(0.,1.),(0.,1.),.UNSPECIFIED.);
#10876=B_SPLINE_SURFACE_WITH_KNOTS('',1,1,((#16896,#16897),(#16898,#16899)),
 .PLANE_SURF.,.F.,.F.,.F.,(2,2),(2,2),(0.,1.),(0.,1.),.UNSPECIFIED.);
#10877=B_SPLINE_SURFACE_WITH_KNOTS('',1,1,((#16905,#16906),(#16907,#16908)),
 .PLANE_SURF.,.F.,.F.,.F.,(2,2),(2,2),(0.,1.),(0.,1.),.UNSPECIFIED.);
#10878=B_SPLINE_SURFACE_WITH_KNOTS('',1,1,((#16912,#16913),(#16914,#16915)),
 .PLANE_SURF.,.F.,.F.,.F.,(2,2),(2,2),(0.,1.),(0.,1.),.UNSPECIFIED.);
#10879=B_SPLINE_SURFACE_WITH_KNOTS('',1,1,((#16919,#16920),(#16921,#16922)),
 .PLANE_SURF.,.F.,.F.,.F.,(2,2),(2,2),(0.,1.),(0.,1.),.UNSPECIFIED.);
#10880=B_SPLINE_SURFACE_WITH_KNOTS('',1,1,((#16924,#16925),(#16926,#16927)),
 .PLANE_SURF.,.F.,.F.,.F.,(2,2),(2,2),(0.,1.),(0.,1.),.UNSPECIFIED.);
#10881=B_SPLINE_SURFACE_WITH_KNOTS('',1,1,((#16928,#16929),(#16930,#16931)),
 .PLANE_SURF.,.F.,.F.,.F.,(2,2),(2,2),(0.,1.),(0.,1.),.UNSPECIFIED.);
#10882=B_SPLINE_SURFACE_WITH_KNOTS('',1,1,((#16937,#16938),(#16939,#16940)),
 .PLANE_SURF.,.F.,.F.,.F.,(2,2),(2,2),(0.,1.),(0.,1.),.UNSPECIFIED.);
#10883=B_SPLINE_SURFACE_WITH_KNOTS('',1,1,((#16944,#16945),(#16946,#16947)),
 .PLANE_SURF.,.F.,.F.,.F.,(2,2),(2,2),(0.,1.),(0.,1.),.UNSPECIFIED.);
#10884=B_SPLINE_SURFACE_WITH_KNOTS('',1,1,((#16951,#16952),(#16953,#16954)),
 .PLANE_SURF.,.F.,.F.,.F.,(2,2),(2,2),(0.,1.),(0.,1.),.UNSPECIFIED.);
#10885=B_SPLINE_SURFACE_WITH_KNOTS('',1,1,((#16956,#16957),(#16958,#16959)),
 .PLANE_SURF.,.F.,.F.,.F.,(2,2),(2,2),(0.,1.),(0.,1.),.UNSPECIFIED.);
#10886=B_SPLINE_SURFACE_WITH_KNOTS('',1,1,((#16960,#16961),(#16962,#16963)),
 .PLANE_SURF.,.F.,.F.,.F.,(2,2),(2,2),(0.,1.),(0.,1.),.UNSPECIFIED.);
#10887=B_SPLINE_SURFACE_WITH_KNOTS('',1,1,((#16969,#16970),(#16971,#16972)),
 .PLANE_SURF.,.F.,.F.,.F.,(2,2),(2,2),(0.,1.),(0.,1.),.UNSPECIFIED.);
#10888=B_SPLINE_SURFACE_WITH_KNOTS('',1,1,((#16976,#16977),(#16978,#16979)),
 .PLANE_SURF.,.F.,.F.,.F.,(2,2),(2,2),(0.,1.),(0.,1.),.UNSPECIFIED.);
#10889=B_SPLINE_SURFACE_WITH_KNOTS('',1,1,((#16983,#16984),(#16985,#16986)),
 .PLANE_SURF.,.F.,.F.,.F.,(2,2),(2,2),(0.,1.),(0.,1.),.UNSPECIFIED.);
#10890=B_SPLINE_SURFACE_WITH_KNOTS('',1,1,((#16988,#16989),(#16990,#16991)),
 .PLANE_SURF.,.F.,.F.,.F.,(2,2),(2,2),(0.,1.),(0.,1.),.UNSPECIFIED.);
#10891=B_SPLINE_SURFACE_WITH_KNOTS('',1,1,((#16992,#16993),(#16994,#16995)),
 .PLANE_SURF.,.F.,.F.,.F.,(2,2),(2,2),(0.,1.),(0.,1.),.UNSPECIFIED.);
#10892=B_SPLINE_SURFACE_WITH_KNOTS('',1,1,((#17001,#17002),(#17003,#17004)),
 .PLANE_SURF.,.F.,.F.,.F.,(2,2),(2,2),(0.,1.),(0.,1.),.UNSPECIFIED.);
#10893=B_SPLINE_SURFACE_WITH_KNOTS('',1,1,((#17008,#17009),(#17010,#17011)),
 .PLANE_SURF.,.F.,.F.,.F.,(2,2),(2,2),(0.,1.),(0.,1.),.UNSPECIFIED.);
#10894=B_SPLINE_SURFACE_WITH_KNOTS('',1,1,((#17015,#17016),(#17017,#17018)),
 .PLANE_SURF.,.F.,.F.,.F.,(2,2),(2,2),(0.,1.),(0.,1.),.UNSPECIFIED.);
#10895=B_SPLINE_SURFACE_WITH_KNOTS('',1,1,((#17020,#17021),(#17022,#17023)),
 .PLANE_SURF.,.F.,.F.,.F.,(2,2),(2,2),(0.,1.),(0.,1.),.UNSPECIFIED.);
#10896=B_SPLINE_SURFACE_WITH_KNOTS('',1,1,((#17024,#17025),(#17026,#17027)),
 .PLANE_SURF.,.F.,.F.,.F.,(2,2),(2,2),(0.,1.),(0.,1.),.UNSPECIFIED.);
#10897=B_SPLINE_SURFACE_WITH_KNOTS('',1,1,((#17033,#17034),(#17035,#17036)),
 .PLANE_SURF.,.F.,.F.,.F.,(2,2),(2,2),(0.,1.),(0.,1.),.UNSPECIFIED.);
#10898=B_SPLINE_SURFACE_WITH_KNOTS('',1,1,((#17040,#17041),(#17042,#17043)),
 .PLANE_SURF.,.F.,.F.,.F.,(2,2),(2,2),(0.,1.),(0.,1.),.UNSPECIFIED.);
#10899=B_SPLINE_SURFACE_WITH_KNOTS('',1,1,((#17047,#17048),(#17049,#17050)),
 .PLANE_SURF.,.F.,.F.,.F.,(2,2),(2,2),(0.,1.),(0.,1.),.UNSPECIFIED.);
#10900=B_SPLINE_SURFACE_WITH_KNOTS('',1,1,((#17052,#17053),(#17054,#17055)),
 .PLANE_SURF.,.F.,.F.,.F.,(2,2),(2,2),(0.,1.),(0.,1.),.UNSPECIFIED.);
#10901=B_SPLINE_SURFACE_WITH_KNOTS('',1,1,((#17056,#17057),(#17058,#17059)),
 .PLANE_SURF.,.F.,.F.,.F.,(2,2),(2,2),(0.,1.),(0.,1.),.UNSPECIFIED.);
#10902=B_SPLINE_SURFACE_WITH_KNOTS('',1,1,((#17065,#17066),(#17067,#17068)),
 .PLANE_SURF.,.F.,.F.,.F.,(2,2),(2,2),(0.,1.),(0.,1.),.UNSPECIFIED.);
#10903=B_SPLINE_SURFACE_WITH_KNOTS('',1,1,((#17072,#17073),(#17074,#17075)),
 .PLANE_SURF.,.F.,.F.,.F.,(2,2),(2,2),(0.,1.),(0.,1.),.UNSPECIFIED.);
#10904=B_SPLINE_SURFACE_WITH_KNOTS('',1,1,((#17079,#17080),(#17081,#17082)),
 .PLANE_SURF.,.F.,.F.,.F.,(2,2),(2,2),(0.,1.),(0.,1.),.UNSPECIFIED.);
#10905=B_SPLINE_SURFACE_WITH_KNOTS('',1,1,((#17084,#17085),(#17086,#17087)),
 .PLANE_SURF.,.F.,.F.,.F.,(2,2),(2,2),(0.,1.),(0.,1.),.UNSPECIFIED.);
#10906=B_SPLINE_SURFACE_WITH_KNOTS('',1,1,((#17088,#17089),(#17090,#17091)),
 .PLANE_SURF.,.F.,.F.,.F.,(2,2),(2,2),(0.,1.),(0.,1.),.UNSPECIFIED.);
#10907=B_SPLINE_SURFACE_WITH_KNOTS('',1,1,((#17097,#17098),(#17099,#17100)),
 .PLANE_SURF.,.F.,.F.,.F.,(2,2),(2,2),(0.,1.),(0.,1.),.UNSPECIFIED.);
#10908=B_SPLINE_SURFACE_WITH_KNOTS('',1,1,((#17104,#17105),(#17106,#17107)),
 .PLANE_SURF.,.F.,.F.,.F.,(2,2),(2,2),(0.,1.),(0.,1.),.UNSPECIFIED.);
#10909=B_SPLINE_SURFACE_WITH_KNOTS('',1,1,((#17111,#17112),(#17113,#17114)),
 .PLANE_SURF.,.F.,.F.,.F.,(2,2),(2,2),(0.,1.),(0.,1.),.UNSPECIFIED.);
#10910=B_SPLINE_SURFACE_WITH_KNOTS('',1,1,((#17116,#17117),(#17118,#17119)),
 .PLANE_SURF.,.F.,.F.,.F.,(2,2),(2,2),(0.,1.),(0.,1.),.UNSPECIFIED.);
#10911=B_SPLINE_SURFACE_WITH_KNOTS('',1,1,((#17120,#17121),(#17122,#17123)),
 .PLANE_SURF.,.F.,.F.,.F.,(2,2),(2,2),(0.,1.),(0.,1.),.UNSPECIFIED.);
#10912=B_SPLINE_SURFACE_WITH_KNOTS('',1,1,((#17129,#17130),(#17131,#17132)),
 .PLANE_SURF.,.F.,.F.,.F.,(2,2),(2,2),(0.,1.),(0.,1.),.UNSPECIFIED.);
#10913=B_SPLINE_SURFACE_WITH_KNOTS('',1,1,((#17136,#17137),(#17138,#17139)),
 .PLANE_SURF.,.F.,.F.,.F.,(2,2),(2,2),(0.,1.),(0.,1.),.UNSPECIFIED.);
#10914=B_SPLINE_SURFACE_WITH_KNOTS('',1,1,((#17143,#17144),(#17145,#17146)),
 .PLANE_SURF.,.F.,.F.,.F.,(2,2),(2,2),(0.,1.),(0.,1.),.UNSPECIFIED.);
#10915=B_SPLINE_SURFACE_WITH_KNOTS('',1,1,((#17148,#17149),(#17150,#17151)),
 .PLANE_SURF.,.F.,.F.,.F.,(2,2),(2,2),(0.,1.),(0.,1.),.UNSPECIFIED.);
#10916=B_SPLINE_SURFACE_WITH_KNOTS('',1,1,((#17152,#17153),(#17154,#17155)),
 .PLANE_SURF.,.F.,.F.,.F.,(2,2),(2,2),(0.,1.),(0.,1.),.UNSPECIFIED.);
#10917=B_SPLINE_SURFACE_WITH_KNOTS('',1,1,((#17161,#17162),(#17163,#17164)),
 .PLANE_SURF.,.F.,.F.,.F.,(2,2),(2,2),(0.,1.),(0.,1.),.UNSPECIFIED.);
#10918=B_SPLINE_SURFACE_WITH_KNOTS('',1,1,((#17168,#17169),(#17170,#17171)),
 .PLANE_SURF.,.F.,.F.,.F.,(2,2),(2,2),(0.,1.),(0.,1.),.UNSPECIFIED.);
#10919=B_SPLINE_SURFACE_WITH_KNOTS('',1,1,((#17175,#17176),(#17177,#17178)),
 .PLANE_SURF.,.F.,.F.,.F.,(2,2),(2,2),(0.,1.),(0.,1.),.UNSPECIFIED.);
#10920=B_SPLINE_SURFACE_WITH_KNOTS('',1,1,((#17180,#17181),(#17182,#17183)),
 .PLANE_SURF.,.F.,.F.,.F.,(2,2),(2,2),(0.,1.),(0.,1.),.UNSPECIFIED.);
#10921=B_SPLINE_SURFACE_WITH_KNOTS('',1,1,((#17184,#17185),(#17186,#17187)),
 .PLANE_SURF.,.F.,.F.,.F.,(2,2),(2,2),(0.,1.),(0.,1.),.UNSPECIFIED.);
#10922=B_SPLINE_SURFACE_WITH_KNOTS('',1,1,((#17193,#17194),(#17195,#17196)),
 .PLANE_SURF.,.F.,.F.,.F.,(2,2),(2,2),(0.,1.),(0.,1.),.UNSPECIFIED.);
#10923=B_SPLINE_SURFACE_WITH_KNOTS('',1,1,((#17200,#17201),(#17202,#17203)),
 .PLANE_SURF.,.F.,.F.,.F.,(2,2),(2,2),(0.,1.),(0.,1.),.UNSPECIFIED.);
#10924=B_SPLINE_SURFACE_WITH_KNOTS('',1,1,((#17207,#17208),(#17209,#17210)),
 .PLANE_SURF.,.F.,.F.,.F.,(2,2),(2,2),(0.,1.),(0.,1.),.UNSPECIFIED.);
#10925=B_SPLINE_SURFACE_WITH_KNOTS('',1,1,((#17212,#17213),(#17214,#17215)),
 .PLANE_SURF.,.F.,.F.,.F.,(2,2),(2,2),(0.,1.),(0.,1.),.UNSPECIFIED.);
#10926=B_SPLINE_SURFACE_WITH_KNOTS('',1,1,((#17216,#17217),(#17218,#17219)),
 .PLANE_SURF.,.F.,.F.,.F.,(2,2),(2,2),(0.,1.),(0.,1.),.UNSPECIFIED.);
#10927=B_SPLINE_SURFACE_WITH_KNOTS('',1,1,((#17225,#17226),(#17227,#17228)),
 .PLANE_SURF.,.F.,.F.,.F.,(2,2),(2,2),(0.,1.),(0.,1.),.UNSPECIFIED.);
#10928=B_SPLINE_SURFACE_WITH_KNOTS('',1,1,((#17232,#17233),(#17234,#17235)),
 .PLANE_SURF.,.F.,.F.,.F.,(2,2),(2,2),(0.,1.),(0.,1.),.UNSPECIFIED.);
#10929=B_SPLINE_SURFACE_WITH_KNOTS('',1,1,((#17239,#17240),(#17241,#17242)),
 .PLANE_SURF.,.F.,.F.,.F.,(2,2),(2,2),(0.,1.),(0.,1.),.UNSPECIFIED.);
#10930=B_SPLINE_SURFACE_WITH_KNOTS('',1,1,((#17244,#17245),(#17246,#17247)),
 .PLANE_SURF.,.F.,.F.,.F.,(2,2),(2,2),(0.,1.),(0.,1.),.UNSPECIFIED.);
#10931=B_SPLINE_SURFACE_WITH_KNOTS('',1,1,((#17248,#17249),(#17250,#17251)),
 .PLANE_SURF.,.F.,.F.,.F.,(2,2),(2,2),(0.,1.),(0.,1.),.UNSPECIFIED.);
#10932=B_SPLINE_SURFACE_WITH_KNOTS('',1,1,((#17257,#17258),(#17259,#17260)),
 .PLANE_SURF.,.F.,.F.,.F.,(2,2),(2,2),(0.,1.),(0.,1.),.UNSPECIFIED.);
#10933=B_SPLINE_SURFACE_WITH_KNOTS('',1,1,((#17264,#17265),(#17266,#17267)),
 .PLANE_SURF.,.F.,.F.,.F.,(2,2),(2,2),(0.,1.),(0.,1.),.UNSPECIFIED.);
#10934=B_SPLINE_SURFACE_WITH_KNOTS('',1,1,((#17271,#17272),(#17273,#17274)),
 .PLANE_SURF.,.F.,.F.,.F.,(2,2),(2,2),(0.,1.),(0.,1.),.UNSPECIFIED.);
#10935=B_SPLINE_SURFACE_WITH_KNOTS('',1,1,((#17276,#17277),(#17278,#17279)),
 .PLANE_SURF.,.F.,.F.,.F.,(2,2),(2,2),(0.,1.),(0.,1.),.UNSPECIFIED.);
#10936=B_SPLINE_SURFACE_WITH_KNOTS('',1,1,((#17280,#17281),(#17282,#17283)),
 .PLANE_SURF.,.F.,.F.,.F.,(2,2),(2,2),(0.,1.),(0.,1.),.UNSPECIFIED.);
#10937=B_SPLINE_SURFACE_WITH_KNOTS('',1,1,((#17289,#17290),(#17291,#17292)),
 .PLANE_SURF.,.F.,.F.,.F.,(2,2),(2,2),(0.,1.),(0.,1.),.UNSPECIFIED.);
#10938=B_SPLINE_SURFACE_WITH_KNOTS('',1,1,((#17296,#17297),(#17298,#17299)),
 .PLANE_SURF.,.F.,.F.,.F.,(2,2),(2,2),(0.,1.),(0.,1.),.UNSPECIFIED.);
#10939=B_SPLINE_SURFACE_WITH_KNOTS('',1,1,((#17303,#17304),(#17305,#17306)),
 .PLANE_SURF.,.F.,.F.,.F.,(2,2),(2,2),(0.,1.),(0.,1.),.UNSPECIFIED.);
#10940=B_SPLINE_SURFACE_WITH_KNOTS('',1,1,((#17308,#17309),(#17310,#17311)),
 .PLANE_SURF.,.F.,.F.,.F.,(2,2),(2,2),(0.,1.),(0.,1.),.UNSPECIFIED.);
#10941=B_SPLINE_SURFACE_WITH_KNOTS('',1,1,((#17312,#17313),(#17314,#17315)),
 .PLANE_SURF.,.F.,.F.,.F.,(2,2),(2,2),(0.,1.),(0.,1.),.UNSPECIFIED.);
#10942=B_SPLINE_SURFACE_WITH_KNOTS('',1,1,((#17321,#17322),(#17323,#17324)),
 .PLANE_SURF.,.F.,.F.,.F.,(2,2),(2,2),(0.,1.),(0.,1.),.UNSPECIFIED.);
#10943=B_SPLINE_SURFACE_WITH_KNOTS('',1,1,((#17328,#17329),(#17330,#17331)),
 .PLANE_SURF.,.F.,.F.,.F.,(2,2),(2,2),(0.,1.),(0.,1.),.UNSPECIFIED.);
#10944=B_SPLINE_SURFACE_WITH_KNOTS('',1,1,((#17335,#17336),(#17337,#17338)),
 .PLANE_SURF.,.F.,.F.,.F.,(2,2),(2,2),(0.,1.),(0.,1.),.UNSPECIFIED.);
#10945=B_SPLINE_SURFACE_WITH_KNOTS('',1,1,((#17340,#17341),(#17342,#17343)),
 .PLANE_SURF.,.F.,.F.,.F.,(2,2),(2,2),(0.,1.),(0.,1.),.UNSPECIFIED.);
#10946=B_SPLINE_SURFACE_WITH_KNOTS('',1,1,((#17344,#17345),(#17346,#17347)),
 .PLANE_SURF.,.F.,.F.,.F.,(2,2),(2,2),(0.,1.),(0.,1.),.UNSPECIFIED.);
#10947=B_SPLINE_SURFACE_WITH_KNOTS('',1,1,((#17353,#17354),(#17355,#17356)),
 .PLANE_SURF.,.F.,.F.,.F.,(2,2),(2,2),(0.,1.),(0.,1.),.UNSPECIFIED.);
#10948=B_SPLINE_SURFACE_WITH_KNOTS('',1,1,((#17360,#17361),(#17362,#17363)),
 .PLANE_SURF.,.F.,.F.,.F.,(2,2),(2,2),(0.,1.),(0.,1.),.UNSPECIFIED.);
#10949=B_SPLINE_SURFACE_WITH_KNOTS('',1,1,((#17367,#17368),(#17369,#17370)),
 .PLANE_SURF.,.F.,.F.,.F.,(2,2),(2,2),(0.,1.),(0.,1.),.UNSPECIFIED.);
#10950=B_SPLINE_SURFACE_WITH_KNOTS('',1,1,((#17372,#17373),(#17374,#17375)),
 .PLANE_SURF.,.F.,.F.,.F.,(2,2),(2,2),(0.,1.),(0.,1.),.UNSPECIFIED.);
#10951=B_SPLINE_SURFACE_WITH_KNOTS('',1,1,((#17376,#17377),(#17378,#17379)),
 .PLANE_SURF.,.F.,.F.,.F.,(2,2),(2,2),(0.,1.),(0.,1.),.UNSPECIFIED.);
#10952=B_SPLINE_SURFACE_WITH_KNOTS('',1,1,((#17385,#17386),(#17387,#17388)),
 .PLANE_SURF.,.F.,.F.,.F.,(2,2),(2,2),(0.,1.),(0.,1.),.UNSPECIFIED.);
#10953=B_SPLINE_SURFACE_WITH_KNOTS('',1,1,((#17392,#17393),(#17394,#17395)),
 .PLANE_SURF.,.F.,.F.,.F.,(2,2),(2,2),(0.,1.),(0.,1.),.UNSPECIFIED.);
#10954=B_SPLINE_SURFACE_WITH_KNOTS('',1,1,((#17399,#17400),(#17401,#17402)),
 .PLANE_SURF.,.F.,.F.,.F.,(2,2),(2,2),(0.,1.),(0.,1.),.UNSPECIFIED.);
#10955=B_SPLINE_SURFACE_WITH_KNOTS('',1,1,((#17404,#17405),(#17406,#17407)),
 .PLANE_SURF.,.F.,.F.,.F.,(2,2),(2,2),(0.,1.),(0.,1.),.UNSPECIFIED.);
#10956=B_SPLINE_SURFACE_WITH_KNOTS('',1,1,((#17408,#17409),(#17410,#17411)),
 .PLANE_SURF.,.F.,.F.,.F.,(2,2),(2,2),(0.,1.),(0.,1.),.UNSPECIFIED.);
#10957=B_SPLINE_SURFACE_WITH_KNOTS('',1,1,((#17417,#17418),(#17419,#17420)),
 .PLANE_SURF.,.F.,.F.,.F.,(2,2),(2,2),(0.,1.),(0.,1.),.UNSPECIFIED.);
#10958=B_SPLINE_SURFACE_WITH_KNOTS('',1,1,((#17424,#17425),(#17426,#17427)),
 .PLANE_SURF.,.F.,.F.,.F.,(2,2),(2,2),(0.,1.),(0.,1.),.UNSPECIFIED.);
#10959=B_SPLINE_SURFACE_WITH_KNOTS('',1,1,((#17431,#17432),(#17433,#17434)),
 .PLANE_SURF.,.F.,.F.,.F.,(2,2),(2,2),(0.,1.),(0.,1.),.UNSPECIFIED.);
#10960=B_SPLINE_SURFACE_WITH_KNOTS('',1,1,((#17436,#17437),(#17438,#17439)),
 .PLANE_SURF.,.F.,.F.,.F.,(2,2),(2,2),(0.,1.),(0.,1.),.UNSPECIFIED.);
#10961=B_SPLINE_SURFACE_WITH_KNOTS('',1,1,((#17440,#17441),(#17442,#17443)),
 .PLANE_SURF.,.F.,.F.,.F.,(2,2),(2,2),(0.,1.),(0.,1.),.UNSPECIFIED.);
#10962=B_SPLINE_SURFACE_WITH_KNOTS('',1,1,((#17449,#17450),(#17451,#17452)),
 .PLANE_SURF.,.F.,.F.,.F.,(2,2),(2,2),(0.,1.),(0.,1.),.UNSPECIFIED.);
#10963=B_SPLINE_SURFACE_WITH_KNOTS('',1,1,((#17456,#17457),(#17458,#17459)),
 .PLANE_SURF.,.F.,.F.,.F.,(2,2),(2,2),(0.,1.),(0.,1.),.UNSPECIFIED.);
#10964=B_SPLINE_SURFACE_WITH_KNOTS('',1,1,((#17463,#17464),(#17465,#17466)),
 .PLANE_SURF.,.F.,.F.,.F.,(2,2),(2,2),(0.,1.),(0.,1.),.UNSPECIFIED.);
#10965=B_SPLINE_SURFACE_WITH_KNOTS('',1,1,((#17468,#17469),(#17470,#17471)),
 .PLANE_SURF.,.F.,.F.,.F.,(2,2),(2,2),(0.,1.),(0.,1.),.UNSPECIFIED.);
#10966=B_SPLINE_SURFACE_WITH_KNOTS('',1,1,((#17472,#17473),(#17474,#17475)),
 .PLANE_SURF.,.F.,.F.,.F.,(2,2),(2,2),(0.,1.),(0.,1.),.UNSPECIFIED.);
#10967=B_SPLINE_SURFACE_WITH_KNOTS('',1,1,((#17481,#17482),(#17483,#17484)),
 .PLANE_SURF.,.F.,.F.,.F.,(2,2),(2,2),(0.,1.),(0.,1.),.UNSPECIFIED.);
#10968=B_SPLINE_SURFACE_WITH_KNOTS('',1,1,((#17488,#17489),(#17490,#17491)),
 .PLANE_SURF.,.F.,.F.,.F.,(2,2),(2,2),(0.,1.),(0.,1.),.UNSPECIFIED.);
#10969=B_SPLINE_SURFACE_WITH_KNOTS('',1,1,((#17495,#17496),(#17497,#17498)),
 .PLANE_SURF.,.F.,.F.,.F.,(2,2),(2,2),(0.,1.),(0.,1.),.UNSPECIFIED.);
#10970=B_SPLINE_SURFACE_WITH_KNOTS('',1,1,((#17500,#17501),(#17502,#17503)),
 .PLANE_SURF.,.F.,.F.,.F.,(2,2),(2,2),(0.,1.),(0.,1.),.UNSPECIFIED.);
#10971=B_SPLINE_SURFACE_WITH_KNOTS('',1,1,((#17504,#17505),(#17506,#17507)),
 .PLANE_SURF.,.F.,.F.,.F.,(2,2),(2,2),(0.,1.),(0.,1.),.UNSPECIFIED.);
#10972=B_SPLINE_SURFACE_WITH_KNOTS('',1,1,((#17513,#17514),(#17515,#17516)),
 .PLANE_SURF.,.F.,.F.,.F.,(2,2),(2,2),(0.,1.),(0.,1.),.UNSPECIFIED.);
#10973=B_SPLINE_SURFACE_WITH_KNOTS('',1,1,((#17520,#17521),(#17522,#17523)),
 .PLANE_SURF.,.F.,.F.,.F.,(2,2),(2,2),(0.,1.),(0.,1.),.UNSPECIFIED.);
#10974=B_SPLINE_SURFACE_WITH_KNOTS('',1,1,((#17527,#17528),(#17529,#17530)),
 .PLANE_SURF.,.F.,.F.,.F.,(2,2),(2,2),(0.,1.),(0.,1.),.UNSPECIFIED.);
#10975=B_SPLINE_SURFACE_WITH_KNOTS('',1,1,((#17532,#17533),(#17534,#17535)),
 .PLANE_SURF.,.F.,.F.,.F.,(2,2),(2,2),(0.,1.),(0.,1.),.UNSPECIFIED.);
#10976=B_SPLINE_SURFACE_WITH_KNOTS('',1,1,((#17536,#17537),(#17538,#17539)),
 .PLANE_SURF.,.F.,.F.,.F.,(2,2),(2,2),(0.,1.),(0.,1.),.UNSPECIFIED.);
#10977=B_SPLINE_SURFACE_WITH_KNOTS('',1,1,((#17545,#17546),(#17547,#17548)),
 .PLANE_SURF.,.F.,.F.,.F.,(2,2),(2,2),(0.,1.),(0.,1.),.UNSPECIFIED.);
#10978=B_SPLINE_SURFACE_WITH_KNOTS('',1,1,((#17552,#17553),(#17554,#17555)),
 .PLANE_SURF.,.F.,.F.,.F.,(2,2),(2,2),(0.,1.),(0.,1.),.UNSPECIFIED.);
#10979=B_SPLINE_SURFACE_WITH_KNOTS('',1,1,((#17559,#17560),(#17561,#17562)),
 .PLANE_SURF.,.F.,.F.,.F.,(2,2),(2,2),(0.,1.),(0.,1.),.UNSPECIFIED.);
#10980=B_SPLINE_SURFACE_WITH_KNOTS('',1,1,((#17564,#17565),(#17566,#17567)),
 .PLANE_SURF.,.F.,.F.,.F.,(2,2),(2,2),(0.,1.),(0.,1.),.UNSPECIFIED.);
#10981=B_SPLINE_SURFACE_WITH_KNOTS('',1,1,((#17568,#17569),(#17570,#17571)),
 .PLANE_SURF.,.F.,.F.,.F.,(2,2),(2,2),(0.,1.),(0.,1.),.UNSPECIFIED.);
#10982=B_SPLINE_SURFACE_WITH_KNOTS('',1,1,((#17577,#17578),(#17579,#17580)),
 .PLANE_SURF.,.F.,.F.,.F.,(2,2),(2,2),(0.,1.),(0.,1.),.UNSPECIFIED.);
#10983=B_SPLINE_SURFACE_WITH_KNOTS('',1,1,((#17584,#17585),(#17586,#17587)),
 .PLANE_SURF.,.F.,.F.,.F.,(2,2),(2,2),(0.,1.),(0.,1.),.UNSPECIFIED.);
#10984=B_SPLINE_SURFACE_WITH_KNOTS('',1,1,((#17591,#17592),(#17593,#17594)),
 .PLANE_SURF.,.F.,.F.,.F.,(2,2),(2,2),(0.,1.),(0.,1.),.UNSPECIFIED.);
#10985=B_SPLINE_SURFACE_WITH_KNOTS('',1,1,((#17596,#17597),(#17598,#17599)),
 .PLANE_SURF.,.F.,.F.,.F.,(2,2),(2,2),(0.,1.),(0.,1.),.UNSPECIFIED.);
#10986=B_SPLINE_SURFACE_WITH_KNOTS('',1,1,((#17600,#17601),(#17602,#17603)),
 .PLANE_SURF.,.F.,.F.,.F.,(2,2),(2,2),(0.,1.),(0.,1.),.UNSPECIFIED.);
#10987=B_SPLINE_SURFACE_WITH_KNOTS('',1,1,((#17609,#17610),(#17611,#17612)),
 .PLANE_SURF.,.F.,.F.,.F.,(2,2),(2,2),(0.,1.),(0.,1.),.UNSPECIFIED.);
#10988=B_SPLINE_SURFACE_WITH_KNOTS('',1,1,((#17616,#17617),(#17618,#17619)),
 .PLANE_SURF.,.F.,.F.,.F.,(2,2),(2,2),(0.,1.),(0.,1.),.UNSPECIFIED.);
#10989=B_SPLINE_SURFACE_WITH_KNOTS('',1,1,((#17623,#17624),(#17625,#17626)),
 .PLANE_SURF.,.F.,.F.,.F.,(2,2),(2,2),(0.,1.),(0.,1.),.UNSPECIFIED.);
#10990=B_SPLINE_SURFACE_WITH_KNOTS('',1,1,((#17628,#17629),(#17630,#17631)),
 .PLANE_SURF.,.F.,.F.,.F.,(2,2),(2,2),(0.,1.),(0.,1.),.UNSPECIFIED.);
#10991=B_SPLINE_SURFACE_WITH_KNOTS('',1,1,((#17632,#17633),(#17634,#17635)),
 .PLANE_SURF.,.F.,.F.,.F.,(2,2),(2,2),(0.,1.),(0.,1.),.UNSPECIFIED.);
#10992=B_SPLINE_SURFACE_WITH_KNOTS('',1,1,((#17641,#17642),(#17643,#17644)),
 .PLANE_SURF.,.F.,.F.,.F.,(2,2),(2,2),(0.,1.),(0.,1.),.UNSPECIFIED.);
#10993=B_SPLINE_SURFACE_WITH_KNOTS('',1,1,((#17648,#17649),(#17650,#17651)),
 .PLANE_SURF.,.F.,.F.,.F.,(2,2),(2,2),(0.,1.),(0.,1.),.UNSPECIFIED.);
#10994=B_SPLINE_SURFACE_WITH_KNOTS('',1,1,((#17655,#17656),(#17657,#17658)),
 .PLANE_SURF.,.F.,.F.,.F.,(2,2),(2,2),(0.,1.),(0.,1.),.UNSPECIFIED.);
#10995=B_SPLINE_SURFACE_WITH_KNOTS('',1,1,((#17660,#17661),(#17662,#17663)),
 .PLANE_SURF.,.F.,.F.,.F.,(2,2),(2,2),(0.,1.),(0.,1.),.UNSPECIFIED.);
#10996=B_SPLINE_SURFACE_WITH_KNOTS('',1,1,((#17664,#17665),(#17666,#17667)),
 .PLANE_SURF.,.F.,.F.,.F.,(2,2),(2,2),(0.,1.),(0.,1.),.UNSPECIFIED.);
#10997=B_SPLINE_SURFACE_WITH_KNOTS('',1,1,((#17673,#17674),(#17675,#17676)),
 .PLANE_SURF.,.F.,.F.,.F.,(2,2),(2,2),(0.,1.),(0.,1.),.UNSPECIFIED.);
#10998=B_SPLINE_SURFACE_WITH_KNOTS('',1,1,((#17680,#17681),(#17682,#17683)),
 .PLANE_SURF.,.F.,.F.,.F.,(2,2),(2,2),(0.,1.),(0.,1.),.UNSPECIFIED.);
#10999=B_SPLINE_SURFACE_WITH_KNOTS('',1,1,((#17687,#17688),(#17689,#17690)),
 .PLANE_SURF.,.F.,.F.,.F.,(2,2),(2,2),(0.,1.),(0.,1.),.UNSPECIFIED.);
#11000=B_SPLINE_SURFACE_WITH_KNOTS('',1,1,((#17692,#17693),(#17694,#17695)),
 .PLANE_SURF.,.F.,.F.,.F.,(2,2),(2,2),(0.,1.),(0.,1.),.UNSPECIFIED.);
#11001=B_SPLINE_SURFACE_WITH_KNOTS('',1,1,((#17696,#17697),(#17698,#17699)),
 .PLANE_SURF.,.F.,.F.,.F.,(2,2),(2,2),(0.,1.),(0.,1.),.UNSPECIFIED.);
#11002=B_SPLINE_SURFACE_WITH_KNOTS('',1,1,((#17705,#17706),(#17707,#17708)),
 .PLANE_SURF.,.F.,.F.,.F.,(2,2),(2,2),(0.,1.),(0.,1.),.UNSPECIFIED.);
#11003=B_SPLINE_SURFACE_WITH_KNOTS('',1,1,((#17712,#17713),(#17714,#17715)),
 .PLANE_SURF.,.F.,.F.,.F.,(2,2),(2,2),(0.,1.),(0.,1.),.UNSPECIFIED.);
#11004=B_SPLINE_SURFACE_WITH_KNOTS('',1,1,((#17719,#17720),(#17721,#17722)),
 .PLANE_SURF.,.F.,.F.,.F.,(2,2),(2,2),(0.,1.),(0.,1.),.UNSPECIFIED.);
#11005=B_SPLINE_SURFACE_WITH_KNOTS('',1,1,((#17724,#17725),(#17726,#17727)),
 .PLANE_SURF.,.F.,.F.,.F.,(2,2),(2,2),(0.,1.),(0.,1.),.UNSPECIFIED.);
#11006=B_SPLINE_SURFACE_WITH_KNOTS('',1,1,((#17728,#17729),(#17730,#17731)),
 .PLANE_SURF.,.F.,.F.,.F.,(2,2),(2,2),(0.,1.),(0.,1.),.UNSPECIFIED.);
#11007=B_SPLINE_SURFACE_WITH_KNOTS('',1,1,((#17737,#17738),(#17739,#17740)),
 .PLANE_SURF.,.F.,.F.,.F.,(2,2),(2,2),(0.,1.),(0.,1.),.UNSPECIFIED.);
#11008=B_SPLINE_SURFACE_WITH_KNOTS('',1,1,((#17744,#17745),(#17746,#17747)),
 .PLANE_SURF.,.F.,.F.,.F.,(2,2),(2,2),(0.,1.),(0.,1.),.UNSPECIFIED.);
#11009=B_SPLINE_SURFACE_WITH_KNOTS('',1,1,((#17751,#17752),(#17753,#17754)),
 .PLANE_SURF.,.F.,.F.,.F.,(2,2),(2,2),(0.,1.),(0.,1.),.UNSPECIFIED.);
#11010=B_SPLINE_SURFACE_WITH_KNOTS('',1,1,((#17756,#17757),(#17758,#17759)),
 .PLANE_SURF.,.F.,.F.,.F.,(2,2),(2,2),(0.,1.),(0.,1.),.UNSPECIFIED.);
#11011=B_SPLINE_SURFACE_WITH_KNOTS('',1,1,((#17760,#17761),(#17762,#17763)),
 .PLANE_SURF.,.F.,.F.,.F.,(2,2),(2,2),(0.,1.),(0.,1.),.UNSPECIFIED.);
#11012=B_SPLINE_SURFACE_WITH_KNOTS('',1,1,((#17769,#17770),(#17771,#17772)),
 .PLANE_SURF.,.F.,.F.,.F.,(2,2),(2,2),(0.,1.),(0.,1.),.UNSPECIFIED.);
#11013=B_SPLINE_SURFACE_WITH_KNOTS('',1,1,((#17776,#17777),(#17778,#17779)),
 .PLANE_SURF.,.F.,.F.,.F.,(2,2),(2,2),(0.,1.),(0.,1.),.UNSPECIFIED.);
#11014=B_SPLINE_SURFACE_WITH_KNOTS('',1,1,((#17783,#17784),(#17785,#17786)),
 .PLANE_SURF.,.F.,.F.,.F.,(2,2),(2,2),(0.,1.),(0.,1.),.UNSPECIFIED.);
#11015=B_SPLINE_SURFACE_WITH_KNOTS('',1,1,((#17788,#17789),(#17790,#17791)),
 .PLANE_SURF.,.F.,.F.,.F.,(2,2),(2,2),(0.,1.),(0.,1.),.UNSPECIFIED.);
#11016=B_SPLINE_SURFACE_WITH_KNOTS('',1,1,((#17792,#17793),(#17794,#17795)),
 .PLANE_SURF.,.F.,.F.,.F.,(2,2),(2,2),(0.,1.),(0.,1.),.UNSPECIFIED.);
#11017=B_SPLINE_SURFACE_WITH_KNOTS('',1,1,((#17801,#17802),(#17803,#17804)),
 .PLANE_SURF.,.F.,.F.,.F.,(2,2),(2,2),(0.,1.),(0.,1.),.UNSPECIFIED.);
#11018=B_SPLINE_SURFACE_WITH_KNOTS('',1,1,((#17808,#17809),(#17810,#17811)),
 .PLANE_SURF.,.F.,.F.,.F.,(2,2),(2,2),(0.,1.),(0.,1.),.UNSPECIFIED.);
#11019=B_SPLINE_SURFACE_WITH_KNOTS('',1,1,((#17815,#17816),(#17817,#17818)),
 .PLANE_SURF.,.F.,.F.,.F.,(2,2),(2,2),(0.,1.),(0.,1.),.UNSPECIFIED.);
#11020=B_SPLINE_SURFACE_WITH_KNOTS('',1,1,((#17820,#17821),(#17822,#17823)),
 .PLANE_SURF.,.F.,.F.,.F.,(2,2),(2,2),(0.,1.),(0.,1.),.UNSPECIFIED.);
#11021=B_SPLINE_SURFACE_WITH_KNOTS('',1,1,((#17824,#17825),(#17826,#17827)),
 .PLANE_SURF.,.F.,.F.,.F.,(2,2),(2,2),(0.,1.),(0.,1.),.UNSPECIFIED.);
#11022=B_SPLINE_SURFACE_WITH_KNOTS('',1,1,((#17833,#17834),(#17835,#17836)),
 .PLANE_SURF.,.F.,.F.,.F.,(2,2),(2,2),(0.,1.),(0.,1.),.UNSPECIFIED.);
#11023=B_SPLINE_SURFACE_WITH_KNOTS('',1,1,((#17840,#17841),(#17842,#17843)),
 .PLANE_SURF.,.F.,.F.,.F.,(2,2),(2,2),(0.,1.),(0.,1.),.UNSPECIFIED.);
#11024=B_SPLINE_SURFACE_WITH_KNOTS('',1,1,((#17847,#17848),(#17849,#17850)),
 .PLANE_SURF.,.F.,.F.,.F.,(2,2),(2,2),(0.,1.),(0.,1.),.UNSPECIFIED.);
#11025=B_SPLINE_SURFACE_WITH_KNOTS('',1,1,((#17852,#17853),(#17854,#17855)),
 .PLANE_SURF.,.F.,.F.,.F.,(2,2),(2,2),(0.,1.),(0.,1.),.UNSPECIFIED.);
#11026=B_SPLINE_SURFACE_WITH_KNOTS('',1,1,((#17856,#17857),(#17858,#17859)),
 .PLANE_SURF.,.F.,.F.,.F.,(2,2),(2,2),(0.,1.),(0.,1.),.UNSPECIFIED.);
#11027=B_SPLINE_SURFACE_WITH_KNOTS('',1,1,((#17865,#17866),(#17867,#17868)),
 .PLANE_SURF.,.F.,.F.,.F.,(2,2),(2,2),(0.,1.),(0.,1.),.UNSPECIFIED.);
#11028=B_SPLINE_SURFACE_WITH_KNOTS('',1,1,((#17872,#17873),(#17874,#17875)),
 .PLANE_SURF.,.F.,.F.,.F.,(2,2),(2,2),(0.,1.),(0.,1.),.UNSPECIFIED.);
#11029=B_SPLINE_SURFACE_WITH_KNOTS('',1,1,((#17879,#17880),(#17881,#17882)),
 .PLANE_SURF.,.F.,.F.,.F.,(2,2),(2,2),(0.,1.),(0.,1.),.UNSPECIFIED.);
#11030=B_SPLINE_SURFACE_WITH_KNOTS('',1,1,((#17884,#17885),(#17886,#17887)),
 .PLANE_SURF.,.F.,.F.,.F.,(2,2),(2,2),(0.,1.),(0.,1.),.UNSPECIFIED.);
#11031=B_SPLINE_SURFACE_WITH_KNOTS('',1,1,((#17888,#17889),(#17890,#17891)),
 .PLANE_SURF.,.F.,.F.,.F.,(2,2),(2,2),(0.,1.),(0.,1.),.UNSPECIFIED.);
#11032=B_SPLINE_SURFACE_WITH_KNOTS('',1,1,((#17897,#17898),(#17899,#17900)),
 .PLANE_SURF.,.F.,.F.,.F.,(2,2),(2,2),(0.,1.),(0.,1.),.UNSPECIFIED.);
#11033=B_SPLINE_SURFACE_WITH_KNOTS('',1,1,((#17904,#17905),(#17906,#17907)),
 .PLANE_SURF.,.F.,.F.,.F.,(2,2),(2,2),(0.,1.),(0.,1.),.UNSPECIFIED.);
#11034=B_SPLINE_SURFACE_WITH_KNOTS('',1,1,((#17911,#17912),(#17913,#17914)),
 .PLANE_SURF.,.F.,.F.,.F.,(2,2),(2,2),(0.,1.),(0.,1.),.UNSPECIFIED.);
#11035=B_SPLINE_SURFACE_WITH_KNOTS('',1,1,((#17916,#17917),(#17918,#17919)),
 .PLANE_SURF.,.F.,.F.,.F.,(2,2),(2,2),(0.,1.),(0.,1.),.UNSPECIFIED.);
#11036=B_SPLINE_SURFACE_WITH_KNOTS('',1,1,((#17920,#17921),(#17922,#17923)),
 .PLANE_SURF.,.F.,.F.,.F.,(2,2),(2,2),(0.,1.),(0.,1.),.UNSPECIFIED.);
#11037=B_SPLINE_SURFACE_WITH_KNOTS('',1,1,((#17929,#17930),(#17931,#17932)),
 .PLANE_SURF.,.F.,.F.,.F.,(2,2),(2,2),(0.,1.),(0.,1.),.UNSPECIFIED.);
#11038=B_SPLINE_SURFACE_WITH_KNOTS('',1,1,((#17936,#17937),(#17938,#17939)),
 .PLANE_SURF.,.F.,.F.,.F.,(2,2),(2,2),(0.,1.),(0.,1.),.UNSPECIFIED.);
#11039=B_SPLINE_SURFACE_WITH_KNOTS('',1,1,((#17943,#17944),(#17945,#17946)),
 .PLANE_SURF.,.F.,.F.,.F.,(2,2),(2,2),(0.,1.),(0.,1.),.UNSPECIFIED.);
#11040=B_SPLINE_SURFACE_WITH_KNOTS('',1,1,((#17948,#17949),(#17950,#17951)),
 .PLANE_SURF.,.F.,.F.,.F.,(2,2),(2,2),(0.,1.),(0.,1.),.UNSPECIFIED.);
#11041=B_SPLINE_SURFACE_WITH_KNOTS('',1,1,((#17952,#17953),(#17954,#17955)),
 .PLANE_SURF.,.F.,.F.,.F.,(2,2),(2,2),(0.,1.),(0.,1.),.UNSPECIFIED.);
#11042=B_SPLINE_SURFACE_WITH_KNOTS('',1,1,((#17961,#17962),(#17963,#17964)),
 .PLANE_SURF.,.F.,.F.,.F.,(2,2),(2,2),(0.,1.),(0.,1.),.UNSPECIFIED.);
#11043=B_SPLINE_SURFACE_WITH_KNOTS('',1,1,((#17968,#17969),(#17970,#17971)),
 .PLANE_SURF.,.F.,.F.,.F.,(2,2),(2,2),(0.,1.),(0.,1.),.UNSPECIFIED.);
#11044=B_SPLINE_SURFACE_WITH_KNOTS('',1,1,((#17975,#17976),(#17977,#17978)),
 .PLANE_SURF.,.F.,.F.,.F.,(2,2),(2,2),(0.,1.),(0.,1.),.UNSPECIFIED.);
#11045=B_SPLINE_SURFACE_WITH_KNOTS('',1,1,((#17980,#17981),(#17982,#17983)),
 .PLANE_SURF.,.F.,.F.,.F.,(2,2),(2,2),(0.,1.),(0.,1.),.UNSPECIFIED.);
#11046=B_SPLINE_SURFACE_WITH_KNOTS('',1,1,((#17984,#17985),(#17986,#17987)),
 .PLANE_SURF.,.F.,.F.,.F.,(2,2),(2,2),(0.,1.),(0.,1.),.UNSPECIFIED.);
#11047=B_SPLINE_SURFACE_WITH_KNOTS('',1,1,((#17993,#17994),(#17995,#17996)),
 .PLANE_SURF.,.F.,.F.,.F.,(2,2),(2,2),(0.,1.),(0.,1.),.UNSPECIFIED.);
#11048=B_SPLINE_SURFACE_WITH_KNOTS('',1,1,((#18000,#18001),(#18002,#18003)),
 .PLANE_SURF.,.F.,.F.,.F.,(2,2),(2,2),(0.,1.),(0.,1.),.UNSPECIFIED.);
#11049=B_SPLINE_SURFACE_WITH_KNOTS('',1,1,((#18007,#18008),(#18009,#18010)),
 .PLANE_SURF.,.F.,.F.,.F.,(2,2),(2,2),(0.,1.),(0.,1.),.UNSPECIFIED.);
#11050=B_SPLINE_SURFACE_WITH_KNOTS('',1,1,((#18012,#18013),(#18014,#18015)),
 .PLANE_SURF.,.F.,.F.,.F.,(2,2),(2,2),(0.,1.),(0.,1.),.UNSPECIFIED.);
#11051=B_SPLINE_SURFACE_WITH_KNOTS('',1,1,((#18016,#18017),(#18018,#18019)),
 .PLANE_SURF.,.F.,.F.,.F.,(2,2),(2,2),(0.,1.),(0.,1.),.UNSPECIFIED.);
#11052=B_SPLINE_SURFACE_WITH_KNOTS('',1,1,((#18025,#18026),(#18027,#18028)),
 .PLANE_SURF.,.F.,.F.,.F.,(2,2),(2,2),(0.,1.),(0.,1.),.UNSPECIFIED.);
#11053=B_SPLINE_SURFACE_WITH_KNOTS('',1,1,((#18032,#18033),(#18034,#18035)),
 .PLANE_SURF.,.F.,.F.,.F.,(2,2),(2,2),(0.,1.),(0.,1.),.UNSPECIFIED.);
#11054=B_SPLINE_SURFACE_WITH_KNOTS('',1,1,((#18039,#18040),(#18041,#18042)),
 .PLANE_SURF.,.F.,.F.,.F.,(2,2),(2,2),(0.,1.),(0.,1.),.UNSPECIFIED.);
#11055=B_SPLINE_SURFACE_WITH_KNOTS('',1,1,((#18044,#18045),(#18046,#18047)),
 .PLANE_SURF.,.F.,.F.,.F.,(2,2),(2,2),(0.,1.),(0.,1.),.UNSPECIFIED.);
#11056=B_SPLINE_SURFACE_WITH_KNOTS('',1,1,((#18048,#18049),(#18050,#18051)),
 .PLANE_SURF.,.F.,.F.,.F.,(2,2),(2,2),(0.,1.),(0.,1.),.UNSPECIFIED.);
#11057=B_SPLINE_SURFACE_WITH_KNOTS('',1,1,((#18057,#18058),(#18059,#18060)),
 .PLANE_SURF.,.F.,.F.,.F.,(2,2),(2,2),(0.,1.),(0.,1.),.UNSPECIFIED.);
#11058=B_SPLINE_SURFACE_WITH_KNOTS('',1,1,((#18064,#18065),(#18066,#18067)),
 .PLANE_SURF.,.F.,.F.,.F.,(2,2),(2,2),(0.,1.),(0.,1.),.UNSPECIFIED.);
#11059=B_SPLINE_SURFACE_WITH_KNOTS('',1,1,((#18071,#18072),(#18073,#18074)),
 .PLANE_SURF.,.F.,.F.,.F.,(2,2),(2,2),(0.,1.),(0.,1.),.UNSPECIFIED.);
#11060=B_SPLINE_SURFACE_WITH_KNOTS('',1,1,((#18076,#18077),(#18078,#18079)),
 .PLANE_SURF.,.F.,.F.,.F.,(2,2),(2,2),(0.,1.),(0.,1.),.UNSPECIFIED.);
#11061=B_SPLINE_SURFACE_WITH_KNOTS('',1,1,((#18080,#18081),(#18082,#18083)),
 .PLANE_SURF.,.F.,.F.,.F.,(2,2),(2,2),(0.,1.),(0.,1.),.UNSPECIFIED.);
#11062=B_SPLINE_SURFACE_WITH_KNOTS('',1,1,((#18089,#18090),(#18091,#18092)),
 .PLANE_SURF.,.F.,.F.,.F.,(2,2),(2,2),(0.,1.),(0.,1.),.UNSPECIFIED.);
#11063=B_SPLINE_SURFACE_WITH_KNOTS('',1,1,((#18096,#18097),(#18098,#18099)),
 .PLANE_SURF.,.F.,.F.,.F.,(2,2),(2,2),(0.,1.),(0.,1.),.UNSPECIFIED.);
#11064=B_SPLINE_SURFACE_WITH_KNOTS('',1,1,((#18103,#18104),(#18105,#18106)),
 .PLANE_SURF.,.F.,.F.,.F.,(2,2),(2,2),(0.,1.),(0.,1.),.UNSPECIFIED.);
#11065=B_SPLINE_SURFACE_WITH_KNOTS('',1,1,((#18108,#18109),(#18110,#18111)),
 .PLANE_SURF.,.F.,.F.,.F.,(2,2),(2,2),(0.,1.),(0.,1.),.UNSPECIFIED.);
#11066=B_SPLINE_SURFACE_WITH_KNOTS('',1,1,((#18112,#18113),(#18114,#18115)),
 .PLANE_SURF.,.F.,.F.,.F.,(2,2),(2,2),(0.,1.),(0.,1.),.UNSPECIFIED.);
#11067=B_SPLINE_SURFACE_WITH_KNOTS('',1,1,((#18121,#18122),(#18123,#18124)),
 .PLANE_SURF.,.F.,.F.,.F.,(2,2),(2,2),(0.,1.),(0.,1.),.UNSPECIFIED.);
#11068=B_SPLINE_SURFACE_WITH_KNOTS('',1,1,((#18128,#18129),(#18130,#18131)),
 .PLANE_SURF.,.F.,.F.,.F.,(2,2),(2,2),(0.,1.),(0.,1.),.UNSPECIFIED.);
#11069=B_SPLINE_SURFACE_WITH_KNOTS('',1,1,((#18135,#18136),(#18137,#18138)),
 .PLANE_SURF.,.F.,.F.,.F.,(2,2),(2,2),(0.,1.),(0.,1.),.UNSPECIFIED.);
#11070=B_SPLINE_SURFACE_WITH_KNOTS('',1,1,((#18140,#18141),(#18142,#18143)),
 .PLANE_SURF.,.F.,.F.,.F.,(2,2),(2,2),(0.,1.),(0.,1.),.UNSPECIFIED.);
#11071=B_SPLINE_SURFACE_WITH_KNOTS('',1,1,((#18144,#18145),(#18146,#18147)),
 .PLANE_SURF.,.F.,.F.,.F.,(2,2),(2,2),(0.,1.),(0.,1.),.UNSPECIFIED.);
#11072=B_SPLINE_SURFACE_WITH_KNOTS('',1,1,((#18153,#18154),(#18155,#18156)),
 .PLANE_SURF.,.F.,.F.,.F.,(2,2),(2,2),(0.,1.),(0.,1.),.UNSPECIFIED.);
#11073=B_SPLINE_SURFACE_WITH_KNOTS('',1,1,((#18160,#18161),(#18162,#18163)),
 .PLANE_SURF.,.F.,.F.,.F.,(2,2),(2,2),(0.,1.),(0.,1.),.UNSPECIFIED.);
#11074=B_SPLINE_SURFACE_WITH_KNOTS('',1,1,((#18167,#18168),(#18169,#18170)),
 .PLANE_SURF.,.F.,.F.,.F.,(2,2),(2,2),(0.,1.),(0.,1.),.UNSPECIFIED.);
#11075=B_SPLINE_SURFACE_WITH_KNOTS('',1,1,((#18172,#18173),(#18174,#18175)),
 .PLANE_SURF.,.F.,.F.,.F.,(2,2),(2,2),(0.,1.),(0.,1.),.UNSPECIFIED.);
#11076=B_SPLINE_SURFACE_WITH_KNOTS('',1,1,((#18176,#18177),(#18178,#18179)),
 .PLANE_SURF.,.F.,.F.,.F.,(2,2),(2,2),(0.,1.),(0.,1.),.UNSPECIFIED.);
#11077=B_SPLINE_SURFACE_WITH_KNOTS('',1,1,((#18185,#18186),(#18187,#18188)),
 .PLANE_SURF.,.F.,.F.,.F.,(2,2),(2,2),(0.,1.),(0.,1.),.UNSPECIFIED.);
#11078=B_SPLINE_SURFACE_WITH_KNOTS('',1,1,((#18192,#18193),(#18194,#18195)),
 .PLANE_SURF.,.F.,.F.,.F.,(2,2),(2,2),(0.,1.),(0.,1.),.UNSPECIFIED.);
#11079=B_SPLINE_SURFACE_WITH_KNOTS('',1,1,((#18199,#18200),(#18201,#18202)),
 .PLANE_SURF.,.F.,.F.,.F.,(2,2),(2,2),(0.,1.),(0.,1.),.UNSPECIFIED.);
#11080=B_SPLINE_SURFACE_WITH_KNOTS('',1,1,((#18204,#18205),(#18206,#18207)),
 .PLANE_SURF.,.F.,.F.,.F.,(2,2),(2,2),(0.,1.),(0.,1.),.UNSPECIFIED.);
#11081=B_SPLINE_SURFACE_WITH_KNOTS('',1,1,((#18208,#18209),(#18210,#18211)),
 .PLANE_SURF.,.F.,.F.,.F.,(2,2),(2,2),(0.,1.),(0.,1.),.UNSPECIFIED.);
#11082=B_SPLINE_SURFACE_WITH_KNOTS('',1,1,((#18217,#18218),(#18219,#18220)),
 .PLANE_SURF.,.F.,.F.,.F.,(2,2),(2,2),(0.,1.),(0.,1.),.UNSPECIFIED.);
#11083=B_SPLINE_SURFACE_WITH_KNOTS('',1,1,((#18224,#18225),(#18226,#18227)),
 .PLANE_SURF.,.F.,.F.,.F.,(2,2),(2,2),(0.,1.),(0.,1.),.UNSPECIFIED.);
#11084=B_SPLINE_SURFACE_WITH_KNOTS('',1,1,((#18231,#18232),(#18233,#18234)),
 .PLANE_SURF.,.F.,.F.,.F.,(2,2),(2,2),(0.,1.),(0.,1.),.UNSPECIFIED.);
#11085=B_SPLINE_SURFACE_WITH_KNOTS('',1,1,((#18236,#18237),(#18238,#18239)),
 .PLANE_SURF.,.F.,.F.,.F.,(2,2),(2,2),(0.,1.),(0.,1.),.UNSPECIFIED.);
#11086=B_SPLINE_SURFACE_WITH_KNOTS('',1,1,((#18240,#18241),(#18242,#18243)),
 .PLANE_SURF.,.F.,.F.,.F.,(2,2),(2,2),(0.,1.),(0.,1.),.UNSPECIFIED.);
#11087=B_SPLINE_SURFACE_WITH_KNOTS('',1,1,((#18249,#18250),(#18251,#18252)),
 .PLANE_SURF.,.F.,.F.,.F.,(2,2),(2,2),(0.,1.),(0.,1.),.UNSPECIFIED.);
#11088=B_SPLINE_SURFACE_WITH_KNOTS('',1,1,((#18256,#18257),(#18258,#18259)),
 .PLANE_SURF.,.F.,.F.,.F.,(2,2),(2,2),(0.,1.),(0.,1.),.UNSPECIFIED.);
#11089=B_SPLINE_SURFACE_WITH_KNOTS('',1,1,((#18263,#18264),(#18265,#18266)),
 .PLANE_SURF.,.F.,.F.,.F.,(2,2),(2,2),(0.,1.),(0.,1.),.UNSPECIFIED.);
#11090=B_SPLINE_SURFACE_WITH_KNOTS('',1,1,((#18268,#18269),(#18270,#18271)),
 .PLANE_SURF.,.F.,.F.,.F.,(2,2),(2,2),(0.,1.),(0.,1.),.UNSPECIFIED.);
#11091=B_SPLINE_SURFACE_WITH_KNOTS('',1,1,((#18272,#18273),(#18274,#18275)),
 .PLANE_SURF.,.F.,.F.,.F.,(2,2),(2,2),(0.,1.),(0.,1.),.UNSPECIFIED.);
#11092=B_SPLINE_SURFACE_WITH_KNOTS('',1,1,((#18281,#18282),(#18283,#18284)),
 .PLANE_SURF.,.F.,.F.,.F.,(2,2),(2,2),(0.,1.),(0.,1.),.UNSPECIFIED.);
#11093=B_SPLINE_SURFACE_WITH_KNOTS('',1,1,((#18288,#18289),(#18290,#18291)),
 .PLANE_SURF.,.F.,.F.,.F.,(2,2),(2,2),(0.,1.),(0.,1.),.UNSPECIFIED.);
#11094=B_SPLINE_SURFACE_WITH_KNOTS('',1,1,((#18295,#18296),(#18297,#18298)),
 .PLANE_SURF.,.F.,.F.,.F.,(2,2),(2,2),(0.,1.),(0.,1.),.UNSPECIFIED.);
#11095=B_SPLINE_SURFACE_WITH_KNOTS('',1,1,((#18300,#18301),(#18302,#18303)),
 .PLANE_SURF.,.F.,.F.,.F.,(2,2),(2,2),(0.,1.),(0.,1.),.UNSPECIFIED.);
#11096=B_SPLINE_SURFACE_WITH_KNOTS('',1,1,((#18304,#18305),(#18306,#18307)),
 .PLANE_SURF.,.F.,.F.,.F.,(2,2),(2,2),(0.,1.),(0.,1.),.UNSPECIFIED.);
#11097=B_SPLINE_SURFACE_WITH_KNOTS('',1,1,((#18313,#18314),(#18315,#18316)),
 .PLANE_SURF.,.F.,.F.,.F.,(2,2),(2,2),(0.,1.),(0.,1.),.UNSPECIFIED.);
#11098=B_SPLINE_SURFACE_WITH_KNOTS('',1,1,((#18320,#18321),(#18322,#18323)),
 .PLANE_SURF.,.F.,.F.,.F.,(2,2),(2,2),(0.,1.),(0.,1.),.UNSPECIFIED.);
#11099=B_SPLINE_SURFACE_WITH_KNOTS('',1,1,((#18327,#18328),(#18329,#18330)),
 .PLANE_SURF.,.F.,.F.,.F.,(2,2),(2,2),(0.,1.),(0.,1.),.UNSPECIFIED.);
#11100=B_SPLINE_SURFACE_WITH_KNOTS('',1,1,((#18332,#18333),(#18334,#18335)),
 .PLANE_SURF.,.F.,.F.,.F.,(2,2),(2,2),(0.,1.),(0.,1.),.UNSPECIFIED.);
#11101=B_SPLINE_SURFACE_WITH_KNOTS('',1,1,((#18336,#18337),(#18338,#18339)),
 .PLANE_SURF.,.F.,.F.,.F.,(2,2),(2,2),(0.,1.),(0.,1.),.UNSPECIFIED.);
#11102=B_SPLINE_SURFACE_WITH_KNOTS('',1,1,((#18345,#18346),(#18347,#18348)),
 .PLANE_SURF.,.F.,.F.,.F.,(2,2),(2,2),(0.,1.),(0.,1.),.UNSPECIFIED.);
#11103=B_SPLINE_SURFACE_WITH_KNOTS('',1,1,((#18352,#18353),(#18354,#18355)),
 .PLANE_SURF.,.F.,.F.,.F.,(2,2),(2,2),(0.,1.),(0.,1.),.UNSPECIFIED.);
#11104=B_SPLINE_SURFACE_WITH_KNOTS('',1,1,((#18359,#18360),(#18361,#18362)),
 .PLANE_SURF.,.F.,.F.,.F.,(2,2),(2,2),(0.,1.),(0.,1.),.UNSPECIFIED.);
#11105=B_SPLINE_SURFACE_WITH_KNOTS('',1,1,((#18364,#18365),(#18366,#18367)),
 .PLANE_SURF.,.F.,.F.,.F.,(2,2),(2,2),(0.,1.),(0.,1.),.UNSPECIFIED.);
#11106=B_SPLINE_SURFACE_WITH_KNOTS('',1,1,((#18368,#18369),(#18370,#18371)),
 .PLANE_SURF.,.F.,.F.,.F.,(2,2),(2,2),(0.,1.),(0.,1.),.UNSPECIFIED.);
#11107=B_SPLINE_SURFACE_WITH_KNOTS('',1,1,((#18377,#18378),(#18379,#18380)),
 .PLANE_SURF.,.F.,.F.,.F.,(2,2),(2,2),(0.,1.),(0.,1.),.UNSPECIFIED.);
#11108=B_SPLINE_SURFACE_WITH_KNOTS('',1,1,((#18384,#18385),(#18386,#18387)),
 .PLANE_SURF.,.F.,.F.,.F.,(2,2),(2,2),(0.,1.),(0.,1.),.UNSPECIFIED.);
#11109=B_SPLINE_SURFACE_WITH_KNOTS('',1,1,((#18391,#18392),(#18393,#18394)),
 .PLANE_SURF.,.F.,.F.,.F.,(2,2),(2,2),(0.,1.),(0.,1.),.UNSPECIFIED.);
#11110=B_SPLINE_SURFACE_WITH_KNOTS('',1,1,((#18396,#18397),(#18398,#18399)),
 .PLANE_SURF.,.F.,.F.,.F.,(2,2),(2,2),(0.,1.),(0.,1.),.UNSPECIFIED.);
#11111=B_SPLINE_SURFACE_WITH_KNOTS('',1,1,((#18400,#18401),(#18402,#18403)),
 .PLANE_SURF.,.F.,.F.,.F.,(2,2),(2,2),(0.,1.),(0.,1.),.UNSPECIFIED.);
#11112=B_SPLINE_SURFACE_WITH_KNOTS('',1,1,((#18409,#18410),(#18411,#18412)),
 .PLANE_SURF.,.F.,.F.,.F.,(2,2),(2,2),(0.,1.),(0.,1.),.UNSPECIFIED.);
#11113=B_SPLINE_SURFACE_WITH_KNOTS('',1,1,((#18416,#18417),(#18418,#18419)),
 .PLANE_SURF.,.F.,.F.,.F.,(2,2),(2,2),(0.,1.),(0.,1.),.UNSPECIFIED.);
#11114=B_SPLINE_SURFACE_WITH_KNOTS('',1,1,((#18423,#18424),(#18425,#18426)),
 .PLANE_SURF.,.F.,.F.,.F.,(2,2),(2,2),(0.,1.),(0.,1.),.UNSPECIFIED.);
#11115=B_SPLINE_SURFACE_WITH_KNOTS('',1,1,((#18428,#18429),(#18430,#18431)),
 .PLANE_SURF.,.F.,.F.,.F.,(2,2),(2,2),(0.,1.),(0.,1.),.UNSPECIFIED.);
#11116=B_SPLINE_SURFACE_WITH_KNOTS('',1,1,((#18432,#18433),(#18434,#18435)),
 .PLANE_SURF.,.F.,.F.,.F.,(2,2),(2,2),(0.,1.),(0.,1.),.UNSPECIFIED.);
#11117=B_SPLINE_SURFACE_WITH_KNOTS('',1,1,((#18441,#18442),(#18443,#18444)),
 .PLANE_SURF.,.F.,.F.,.F.,(2,2),(2,2),(0.,1.),(0.,1.),.UNSPECIFIED.);
#11118=B_SPLINE_SURFACE_WITH_KNOTS('',1,1,((#18448,#18449),(#18450,#18451)),
 .PLANE_SURF.,.F.,.F.,.F.,(2,2),(2,2),(0.,1.),(0.,1.),.UNSPECIFIED.);
#11119=B_SPLINE_SURFACE_WITH_KNOTS('',1,1,((#18455,#18456),(#18457,#18458)),
 .PLANE_SURF.,.F.,.F.,.F.,(2,2),(2,2),(0.,1.),(0.,1.),.UNSPECIFIED.);
#11120=B_SPLINE_SURFACE_WITH_KNOTS('',1,1,((#18460,#18461),(#18462,#18463)),
 .PLANE_SURF.,.F.,.F.,.F.,(2,2),(2,2),(0.,1.),(0.,1.),.UNSPECIFIED.);
#11121=B_SPLINE_SURFACE_WITH_KNOTS('',1,1,((#18464,#18465),(#18466,#18467)),
 .PLANE_SURF.,.F.,.F.,.F.,(2,2),(2,2),(0.,1.),(0.,1.),.UNSPECIFIED.);
#11122=B_SPLINE_SURFACE_WITH_KNOTS('',1,1,((#18473,#18474),(#18475,#18476)),
 .PLANE_SURF.,.F.,.F.,.F.,(2,2),(2,2),(0.,1.),(0.,1.),.UNSPECIFIED.);
#11123=B_SPLINE_SURFACE_WITH_KNOTS('',1,1,((#18480,#18481),(#18482,#18483)),
 .PLANE_SURF.,.F.,.F.,.F.,(2,2),(2,2),(0.,1.),(0.,1.),.UNSPECIFIED.);
#11124=B_SPLINE_SURFACE_WITH_KNOTS('',1,1,((#18487,#18488),(#18489,#18490)),
 .PLANE_SURF.,.F.,.F.,.F.,(2,2),(2,2),(0.,1.),(0.,1.),.UNSPECIFIED.);
#11125=B_SPLINE_SURFACE_WITH_KNOTS('',1,1,((#18492,#18493),(#18494,#18495)),
 .PLANE_SURF.,.F.,.F.,.F.,(2,2),(2,2),(0.,1.),(0.,1.),.UNSPECIFIED.);
#11126=B_SPLINE_SURFACE_WITH_KNOTS('',1,1,((#18496,#18497),(#18498,#18499)),
 .PLANE_SURF.,.F.,.F.,.F.,(2,2),(2,2),(0.,1.),(0.,1.),.UNSPECIFIED.);
#11127=B_SPLINE_SURFACE_WITH_KNOTS('',1,1,((#18505,#18506),(#18507,#18508)),
 .PLANE_SURF.,.F.,.F.,.F.,(2,2),(2,2),(0.,1.),(0.,1.),.UNSPECIFIED.);
#11128=B_SPLINE_SURFACE_WITH_KNOTS('',1,1,((#18512,#18513),(#18514,#18515)),
 .PLANE_SURF.,.F.,.F.,.F.,(2,2),(2,2),(0.,1.),(0.,1.),.UNSPECIFIED.);
#11129=B_SPLINE_SURFACE_WITH_KNOTS('',1,1,((#18519,#18520),(#18521,#18522)),
 .PLANE_SURF.,.F.,.F.,.F.,(2,2),(2,2),(0.,1.),(0.,1.),.UNSPECIFIED.);
#11130=B_SPLINE_SURFACE_WITH_KNOTS('',1,1,((#18524,#18525),(#18526,#18527)),
 .PLANE_SURF.,.F.,.F.,.F.,(2,2),(2,2),(0.,1.),(0.,1.),.UNSPECIFIED.);
#11131=B_SPLINE_SURFACE_WITH_KNOTS('',1,1,((#18528,#18529),(#18530,#18531)),
 .PLANE_SURF.,.F.,.F.,.F.,(2,2),(2,2),(0.,1.),(0.,1.),.UNSPECIFIED.);
#11132=B_SPLINE_SURFACE_WITH_KNOTS('',1,1,((#18537,#18538),(#18539,#18540)),
 .PLANE_SURF.,.F.,.F.,.F.,(2,2),(2,2),(0.,1.),(0.,1.),.UNSPECIFIED.);
#11133=B_SPLINE_SURFACE_WITH_KNOTS('',1,1,((#18544,#18545),(#18546,#18547)),
 .PLANE_SURF.,.F.,.F.,.F.,(2,2),(2,2),(0.,1.),(0.,1.),.UNSPECIFIED.);
#11134=B_SPLINE_SURFACE_WITH_KNOTS('',1,1,((#18551,#18552),(#18553,#18554)),
 .PLANE_SURF.,.F.,.F.,.F.,(2,2),(2,2),(0.,1.),(0.,1.),.UNSPECIFIED.);
#11135=B_SPLINE_SURFACE_WITH_KNOTS('',1,1,((#18556,#18557),(#18558,#18559)),
 .PLANE_SURF.,.F.,.F.,.F.,(2,2),(2,2),(0.,1.),(0.,1.),.UNSPECIFIED.);
#11136=B_SPLINE_SURFACE_WITH_KNOTS('',1,1,((#18560,#18561),(#18562,#18563)),
 .PLANE_SURF.,.F.,.F.,.F.,(2,2),(2,2),(0.,1.),(0.,1.),.UNSPECIFIED.);
#11137=B_SPLINE_SURFACE_WITH_KNOTS('',1,1,((#18569,#18570),(#18571,#18572)),
 .PLANE_SURF.,.F.,.F.,.F.,(2,2),(2,2),(0.,1.),(0.,1.),.UNSPECIFIED.);
#11138=B_SPLINE_SURFACE_WITH_KNOTS('',1,1,((#18576,#18577),(#18578,#18579)),
 .PLANE_SURF.,.F.,.F.,.F.,(2,2),(2,2),(0.,1.),(0.,1.),.UNSPECIFIED.);
#11139=B_SPLINE_SURFACE_WITH_KNOTS('',1,1,((#18583,#18584),(#18585,#18586)),
 .PLANE_SURF.,.F.,.F.,.F.,(2,2),(2,2),(0.,1.),(0.,1.),.UNSPECIFIED.);
#11140=B_SPLINE_SURFACE_WITH_KNOTS('',1,1,((#18588,#18589),(#18590,#18591)),
 .PLANE_SURF.,.F.,.F.,.F.,(2,2),(2,2),(0.,1.),(0.,1.),.UNSPECIFIED.);
#11141=B_SPLINE_SURFACE_WITH_KNOTS('',1,1,((#18592,#18593),(#18594,#18595)),
 .PLANE_SURF.,.F.,.F.,.F.,(2,2),(2,2),(0.,1.),(0.,1.),.UNSPECIFIED.);
#11142=B_SPLINE_SURFACE_WITH_KNOTS('',1,1,((#18601,#18602),(#18603,#18604)),
 .PLANE_SURF.,.F.,.F.,.F.,(2,2),(2,2),(0.,1.),(0.,1.),.UNSPECIFIED.);
#11143=B_SPLINE_SURFACE_WITH_KNOTS('',1,1,((#18608,#18609),(#18610,#18611)),
 .PLANE_SURF.,.F.,.F.,.F.,(2,2),(2,2),(0.,1.),(0.,1.),.UNSPECIFIED.);
#11144=B_SPLINE_SURFACE_WITH_KNOTS('',1,1,((#18615,#18616),(#18617,#18618)),
 .PLANE_SURF.,.F.,.F.,.F.,(2,2),(2,2),(0.,1.),(0.,1.),.UNSPECIFIED.);
#11145=B_SPLINE_SURFACE_WITH_KNOTS('',1,1,((#18620,#18621),(#18622,#18623)),
 .PLANE_SURF.,.F.,.F.,.F.,(2,2),(2,2),(0.,1.),(0.,1.),.UNSPECIFIED.);
#11146=B_SPLINE_SURFACE_WITH_KNOTS('',1,1,((#18641,#18642),(#18643,#18644)),
 .PLANE_SURF.,.F.,.F.,.F.,(2,2),(2,2),(0.0454452722707209,0.956100258366897),
(0.0454383052179257,0.957268400885387),.PIECEWISE_BEZIER_KNOTS.);
#11147=B_SPLINE_SURFACE_WITH_KNOTS('',1,1,((#18662,#18663),(#18664,#18665)),
 .PLANE_SURF.,.F.,.F.,.F.,(2,2),(2,2),(0.0454383052179268,0.957268400885386),
(0.0438997416331023,0.95455472772928),.PIECEWISE_BEZIER_KNOTS.);
#11148=B_SPLINE_SURFACE_WITH_KNOTS('',1,1,((#18681,#18682),(#18683,#18684)),
 .PLANE_SURF.,.F.,.F.,.F.,(2,2),(2,2),(0.0438997416331016,0.95455472772928),
(0.0427315991146135,0.954561694782074),.PIECEWISE_BEZIER_KNOTS.);
#11149=B_SPLINE_SURFACE_WITH_KNOTS('',1,1,((#18700,#18701),(#18702,#18703)),
 .PLANE_SURF.,.F.,.F.,.F.,(2,2),(2,2),(0.0427315991146139,0.954561694782074),
(0.0454452722707199,0.956100258366898),.PIECEWISE_BEZIER_KNOTS.);
#11150=ADVANCED_FACE('',(#9718,#9719,#9720,#9721,#9722,#9723,#9724,#9725,
#9726,#9727,#9728,#9729,#9730,#9731,#9732,#9733,#9734,#9735,#9736,#9737,
#9738,#9739,#9740,#9741,#9742,#9743,#9744,#9745,#9746,#9747,#9748,#9749,
#9750,#9751,#9752,#9753,#9754,#9755,#9756,#9757,#9758,#9759,#9760,#9761,
#9762,#9763,#9764,#9765,#9766,#9767,#9768,#9769,#9770,#9771,#9772,#9773,
#9774,#9775,#9776,#9777,#9778,#9779,#9780,#9781,#9782,#9783,#9784,#9785,
#9786,#9787,#9788,#9789,#9790,#9791,#9792,#9793,#9794,#9795,#9796,#9797,
#9798,#9799,#9800,#9801,#9802,#9803,#9804,#9805,#9806,#9807,#9808,#9809,
#9810,#9811,#9812,#9813,#9814,#9815,#9816,#9817,#9818,#9819,#9820,#9821,
#9822,#9823,#9824,#9825,#9826,#9827,#9828,#9829,#9830,#9831,#9832,#9833,
#9834,#9835,#9836,#9837,#9838,#9839,#9840,#9841,#9842,#9843,#9844,#9845,
#9846),#10500,.T.);
#11151=ADVANCED_FACE('',(#9847),#10501,.T.);
#11152=ADVANCED_FACE('',(#9848),#10502,.F.);
#11153=ADVANCED_FACE('',(#9849),#10503,.F.);
#11154=ADVANCED_FACE('',(#9850),#10504,.T.);
#11155=ADVANCED_FACE('',(#9851),#10505,.F.);
#11156=ADVANCED_FACE('',(#9852),#10506,.T.);
#11157=ADVANCED_FACE('',(#9853),#10507,.F.);
#11158=ADVANCED_FACE('',(#9854),#10508,.F.);
#11159=ADVANCED_FACE('',(#9855),#10509,.T.);
#11160=ADVANCED_FACE('',(#9856),#10510,.T.);
#11161=ADVANCED_FACE('',(#9857),#10511,.T.);
#11162=ADVANCED_FACE('',(#9858),#10512,.F.);
#11163=ADVANCED_FACE('',(#9859),#10513,.F.);
#11164=ADVANCED_FACE('',(#9860),#10514,.T.);
#11165=ADVANCED_FACE('',(#9861),#10515,.T.);
#11166=ADVANCED_FACE('',(#9862),#10516,.T.);
#11167=ADVANCED_FACE('',(#9863),#10517,.F.);
#11168=ADVANCED_FACE('',(#9864),#10518,.F.);
#11169=ADVANCED_FACE('',(#9865),#10519,.T.);
#11170=ADVANCED_FACE('',(#9866),#10520,.T.);
#11171=ADVANCED_FACE('',(#9867),#10521,.T.);
#11172=ADVANCED_FACE('',(#9868),#10522,.F.);
#11173=ADVANCED_FACE('',(#9869),#10523,.F.);
#11174=ADVANCED_FACE('',(#9870),#10524,.T.);
#11175=ADVANCED_FACE('',(#9871),#10525,.T.);
#11176=ADVANCED_FACE('',(#9872),#10526,.T.);
#11177=ADVANCED_FACE('',(#9873),#10527,.F.);
#11178=ADVANCED_FACE('',(#9874),#10528,.F.);
#11179=ADVANCED_FACE('',(#9875),#10529,.T.);
#11180=ADVANCED_FACE('',(#9876),#10530,.T.);
#11181=ADVANCED_FACE('',(#9877),#10531,.T.);
#11182=ADVANCED_FACE('',(#9878),#10532,.F.);
#11183=ADVANCED_FACE('',(#9879),#10533,.F.);
#11184=ADVANCED_FACE('',(#9880),#10534,.T.);
#11185=ADVANCED_FACE('',(#9881),#10535,.T.);
#11186=ADVANCED_FACE('',(#9882),#10536,.T.);
#11187=ADVANCED_FACE('',(#9883),#10537,.F.);
#11188=ADVANCED_FACE('',(#9884),#10538,.F.);
#11189=ADVANCED_FACE('',(#9885),#10539,.T.);
#11190=ADVANCED_FACE('',(#9886),#10540,.T.);
#11191=ADVANCED_FACE('',(#9887),#10541,.T.);
#11192=ADVANCED_FACE('',(#9888),#10542,.F.);
#11193=ADVANCED_FACE('',(#9889),#10543,.F.);
#11194=ADVANCED_FACE('',(#9890),#10544,.T.);
#11195=ADVANCED_FACE('',(#9891),#10545,.T.);
#11196=ADVANCED_FACE('',(#9892),#10546,.T.);
#11197=ADVANCED_FACE('',(#9893),#10547,.F.);
#11198=ADVANCED_FACE('',(#9894),#10548,.F.);
#11199=ADVANCED_FACE('',(#9895),#10549,.T.);
#11200=ADVANCED_FACE('',(#9896),#10550,.T.);
#11201=ADVANCED_FACE('',(#9897),#10551,.T.);
#11202=ADVANCED_FACE('',(#9898),#10552,.F.);
#11203=ADVANCED_FACE('',(#9899),#10553,.F.);
#11204=ADVANCED_FACE('',(#9900),#10554,.T.);
#11205=ADVANCED_FACE('',(#9901),#10555,.T.);
#11206=ADVANCED_FACE('',(#9902),#10556,.T.);
#11207=ADVANCED_FACE('',(#9903),#10557,.F.);
#11208=ADVANCED_FACE('',(#9904),#10558,.F.);
#11209=ADVANCED_FACE('',(#9905),#10559,.T.);
#11210=ADVANCED_FACE('',(#9906),#10560,.T.);
#11211=ADVANCED_FACE('',(#9907),#10561,.T.);
#11212=ADVANCED_FACE('',(#9908),#10562,.F.);
#11213=ADVANCED_FACE('',(#9909),#10563,.F.);
#11214=ADVANCED_FACE('',(#9910),#10564,.T.);
#11215=ADVANCED_FACE('',(#9911),#10565,.T.);
#11216=ADVANCED_FACE('',(#9912),#10566,.T.);
#11217=ADVANCED_FACE('',(#9913),#10567,.F.);
#11218=ADVANCED_FACE('',(#9914),#10568,.F.);
#11219=ADVANCED_FACE('',(#9915),#10569,.T.);
#11220=ADVANCED_FACE('',(#9916),#10570,.T.);
#11221=ADVANCED_FACE('',(#9917),#10571,.T.);
#11222=ADVANCED_FACE('',(#9918),#10572,.F.);
#11223=ADVANCED_FACE('',(#9919),#10573,.F.);
#11224=ADVANCED_FACE('',(#9920),#10574,.T.);
#11225=ADVANCED_FACE('',(#9921),#10575,.T.);
#11226=ADVANCED_FACE('',(#9922),#10576,.T.);
#11227=ADVANCED_FACE('',(#9923),#10577,.F.);
#11228=ADVANCED_FACE('',(#9924),#10578,.F.);
#11229=ADVANCED_FACE('',(#9925),#10579,.T.);
#11230=ADVANCED_FACE('',(#9926),#10580,.T.);
#11231=ADVANCED_FACE('',(#9927),#10581,.T.);
#11232=ADVANCED_FACE('',(#9928),#10582,.F.);
#11233=ADVANCED_FACE('',(#9929),#10583,.F.);
#11234=ADVANCED_FACE('',(#9930),#10584,.T.);
#11235=ADVANCED_FACE('',(#9931),#10585,.T.);
#11236=ADVANCED_FACE('',(#9932),#10586,.T.);
#11237=ADVANCED_FACE('',(#9933),#10587,.F.);
#11238=ADVANCED_FACE('',(#9934),#10588,.F.);
#11239=ADVANCED_FACE('',(#9935),#10589,.T.);
#11240=ADVANCED_FACE('',(#9936),#10590,.T.);
#11241=ADVANCED_FACE('',(#9937),#10591,.T.);
#11242=ADVANCED_FACE('',(#9938),#10592,.F.);
#11243=ADVANCED_FACE('',(#9939),#10593,.F.);
#11244=ADVANCED_FACE('',(#9940),#10594,.T.);
#11245=ADVANCED_FACE('',(#9941),#10595,.T.);
#11246=ADVANCED_FACE('',(#9942),#10596,.T.);
#11247=ADVANCED_FACE('',(#9943),#10597,.F.);
#11248=ADVANCED_FACE('',(#9944),#10598,.F.);
#11249=ADVANCED_FACE('',(#9945),#10599,.T.);
#11250=ADVANCED_FACE('',(#9946),#10600,.T.);
#11251=ADVANCED_FACE('',(#9947),#10601,.T.);
#11252=ADVANCED_FACE('',(#9948),#10602,.F.);
#11253=ADVANCED_FACE('',(#9949),#10603,.F.);
#11254=ADVANCED_FACE('',(#9950),#10604,.T.);
#11255=ADVANCED_FACE('',(#9951),#10605,.T.);
#11256=ADVANCED_FACE('',(#9952),#10606,.T.);
#11257=ADVANCED_FACE('',(#9953),#10607,.F.);
#11258=ADVANCED_FACE('',(#9954),#10608,.F.);
#11259=ADVANCED_FACE('',(#9955),#10609,.T.);
#11260=ADVANCED_FACE('',(#9956),#10610,.T.);
#11261=ADVANCED_FACE('',(#9957),#10611,.T.);
#11262=ADVANCED_FACE('',(#9958),#10612,.F.);
#11263=ADVANCED_FACE('',(#9959),#10613,.F.);
#11264=ADVANCED_FACE('',(#9960),#10614,.T.);
#11265=ADVANCED_FACE('',(#9961),#10615,.T.);
#11266=ADVANCED_FACE('',(#9962),#10616,.T.);
#11267=ADVANCED_FACE('',(#9963),#10617,.F.);
#11268=ADVANCED_FACE('',(#9964),#10618,.F.);
#11269=ADVANCED_FACE('',(#9965),#10619,.T.);
#11270=ADVANCED_FACE('',(#9966),#10620,.T.);
#11271=ADVANCED_FACE('',(#9967),#10621,.T.);
#11272=ADVANCED_FACE('',(#9968),#10622,.F.);
#11273=ADVANCED_FACE('',(#9969),#10623,.F.);
#11274=ADVANCED_FACE('',(#9970),#10624,.T.);
#11275=ADVANCED_FACE('',(#9971),#10625,.T.);
#11276=ADVANCED_FACE('',(#9972),#10626,.T.);
#11277=ADVANCED_FACE('',(#9973),#10627,.F.);
#11278=ADVANCED_FACE('',(#9974),#10628,.F.);
#11279=ADVANCED_FACE('',(#9975),#10629,.T.);
#11280=ADVANCED_FACE('',(#9976),#10630,.T.);
#11281=ADVANCED_FACE('',(#9977),#10631,.T.);
#11282=ADVANCED_FACE('',(#9978),#10632,.F.);
#11283=ADVANCED_FACE('',(#9979),#10633,.F.);
#11284=ADVANCED_FACE('',(#9980),#10634,.T.);
#11285=ADVANCED_FACE('',(#9981),#10635,.T.);
#11286=ADVANCED_FACE('',(#9982),#10636,.T.);
#11287=ADVANCED_FACE('',(#9983),#10637,.F.);
#11288=ADVANCED_FACE('',(#9984),#10638,.F.);
#11289=ADVANCED_FACE('',(#9985),#10639,.T.);
#11290=ADVANCED_FACE('',(#9986),#10640,.T.);
#11291=ADVANCED_FACE('',(#9987),#10641,.T.);
#11292=ADVANCED_FACE('',(#9988),#10642,.F.);
#11293=ADVANCED_FACE('',(#9989),#10643,.F.);
#11294=ADVANCED_FACE('',(#9990),#10644,.T.);
#11295=ADVANCED_FACE('',(#9991),#10645,.T.);
#11296=ADVANCED_FACE('',(#9992),#10646,.T.);
#11297=ADVANCED_FACE('',(#9993),#10647,.F.);
#11298=ADVANCED_FACE('',(#9994),#10648,.F.);
#11299=ADVANCED_FACE('',(#9995),#10649,.T.);
#11300=ADVANCED_FACE('',(#9996),#10650,.T.);
#11301=ADVANCED_FACE('',(#9997),#10651,.T.);
#11302=ADVANCED_FACE('',(#9998),#10652,.F.);
#11303=ADVANCED_FACE('',(#9999),#10653,.F.);
#11304=ADVANCED_FACE('',(#10000),#10654,.T.);
#11305=ADVANCED_FACE('',(#10001),#10655,.T.);
#11306=ADVANCED_FACE('',(#10002),#10656,.T.);
#11307=ADVANCED_FACE('',(#10003),#10657,.F.);
#11308=ADVANCED_FACE('',(#10004),#10658,.F.);
#11309=ADVANCED_FACE('',(#10005),#10659,.T.);
#11310=ADVANCED_FACE('',(#10006),#10660,.T.);
#11311=ADVANCED_FACE('',(#10007),#10661,.T.);
#11312=ADVANCED_FACE('',(#10008),#10662,.F.);
#11313=ADVANCED_FACE('',(#10009),#10663,.F.);
#11314=ADVANCED_FACE('',(#10010),#10664,.T.);
#11315=ADVANCED_FACE('',(#10011),#10665,.T.);
#11316=ADVANCED_FACE('',(#10012),#10666,.T.);
#11317=ADVANCED_FACE('',(#10013),#10667,.F.);
#11318=ADVANCED_FACE('',(#10014),#10668,.F.);
#11319=ADVANCED_FACE('',(#10015),#10669,.T.);
#11320=ADVANCED_FACE('',(#10016),#10670,.T.);
#11321=ADVANCED_FACE('',(#10017),#10671,.T.);
#11322=ADVANCED_FACE('',(#10018),#10672,.F.);
#11323=ADVANCED_FACE('',(#10019),#10673,.F.);
#11324=ADVANCED_FACE('',(#10020),#10674,.T.);
#11325=ADVANCED_FACE('',(#10021),#10675,.T.);
#11326=ADVANCED_FACE('',(#10022),#10676,.T.);
#11327=ADVANCED_FACE('',(#10023),#10677,.F.);
#11328=ADVANCED_FACE('',(#10024),#10678,.F.);
#11329=ADVANCED_FACE('',(#10025),#10679,.T.);
#11330=ADVANCED_FACE('',(#10026),#10680,.T.);
#11331=ADVANCED_FACE('',(#10027),#10681,.T.);
#11332=ADVANCED_FACE('',(#10028),#10682,.F.);
#11333=ADVANCED_FACE('',(#10029),#10683,.F.);
#11334=ADVANCED_FACE('',(#10030),#10684,.T.);
#11335=ADVANCED_FACE('',(#10031),#10685,.T.);
#11336=ADVANCED_FACE('',(#10032),#10686,.T.);
#11337=ADVANCED_FACE('',(#10033),#10687,.F.);
#11338=ADVANCED_FACE('',(#10034),#10688,.F.);
#11339=ADVANCED_FACE('',(#10035),#10689,.T.);
#11340=ADVANCED_FACE('',(#10036),#10690,.T.);
#11341=ADVANCED_FACE('',(#10037),#10691,.T.);
#11342=ADVANCED_FACE('',(#10038),#10692,.F.);
#11343=ADVANCED_FACE('',(#10039),#10693,.F.);
#11344=ADVANCED_FACE('',(#10040),#10694,.T.);
#11345=ADVANCED_FACE('',(#10041),#10695,.T.);
#11346=ADVANCED_FACE('',(#10042),#10696,.T.);
#11347=ADVANCED_FACE('',(#10043),#10697,.F.);
#11348=ADVANCED_FACE('',(#10044),#10698,.F.);
#11349=ADVANCED_FACE('',(#10045),#10699,.T.);
#11350=ADVANCED_FACE('',(#10046),#10700,.T.);
#11351=ADVANCED_FACE('',(#10047),#10701,.T.);
#11352=ADVANCED_FACE('',(#10048),#10702,.F.);
#11353=ADVANCED_FACE('',(#10049),#10703,.F.);
#11354=ADVANCED_FACE('',(#10050),#10704,.T.);
#11355=ADVANCED_FACE('',(#10051),#10705,.T.);
#11356=ADVANCED_FACE('',(#10052),#10706,.T.);
#11357=ADVANCED_FACE('',(#10053),#10707,.F.);
#11358=ADVANCED_FACE('',(#10054),#10708,.F.);
#11359=ADVANCED_FACE('',(#10055),#10709,.T.);
#11360=ADVANCED_FACE('',(#10056),#10710,.T.);
#11361=ADVANCED_FACE('',(#10057),#10711,.T.);
#11362=ADVANCED_FACE('',(#10058),#10712,.F.);
#11363=ADVANCED_FACE('',(#10059),#10713,.F.);
#11364=ADVANCED_FACE('',(#10060),#10714,.T.);
#11365=ADVANCED_FACE('',(#10061),#10715,.T.);
#11366=ADVANCED_FACE('',(#10062),#10716,.T.);
#11367=ADVANCED_FACE('',(#10063),#10717,.F.);
#11368=ADVANCED_FACE('',(#10064),#10718,.F.);
#11369=ADVANCED_FACE('',(#10065),#10719,.T.);
#11370=ADVANCED_FACE('',(#10066),#10720,.T.);
#11371=ADVANCED_FACE('',(#10067),#10721,.T.);
#11372=ADVANCED_FACE('',(#10068),#10722,.F.);
#11373=ADVANCED_FACE('',(#10069),#10723,.F.);
#11374=ADVANCED_FACE('',(#10070),#10724,.T.);
#11375=ADVANCED_FACE('',(#10071),#10725,.T.);
#11376=ADVANCED_FACE('',(#10072),#10726,.T.);
#11377=ADVANCED_FACE('',(#10073),#10727,.F.);
#11378=ADVANCED_FACE('',(#10074),#10728,.F.);
#11379=ADVANCED_FACE('',(#10075),#10729,.T.);
#11380=ADVANCED_FACE('',(#10076),#10730,.T.);
#11381=ADVANCED_FACE('',(#10077),#10731,.T.);
#11382=ADVANCED_FACE('',(#10078),#10732,.F.);
#11383=ADVANCED_FACE('',(#10079),#10733,.F.);
#11384=ADVANCED_FACE('',(#10080),#10734,.T.);
#11385=ADVANCED_FACE('',(#10081),#10735,.T.);
#11386=ADVANCED_FACE('',(#10082),#10736,.T.);
#11387=ADVANCED_FACE('',(#10083),#10737,.F.);
#11388=ADVANCED_FACE('',(#10084),#10738,.F.);
#11389=ADVANCED_FACE('',(#10085),#10739,.T.);
#11390=ADVANCED_FACE('',(#10086),#10740,.T.);
#11391=ADVANCED_FACE('',(#10087),#10741,.T.);
#11392=ADVANCED_FACE('',(#10088),#10742,.F.);
#11393=ADVANCED_FACE('',(#10089),#10743,.F.);
#11394=ADVANCED_FACE('',(#10090),#10744,.T.);
#11395=ADVANCED_FACE('',(#10091),#10745,.T.);
#11396=ADVANCED_FACE('',(#10092),#10746,.T.);
#11397=ADVANCED_FACE('',(#10093),#10747,.F.);
#11398=ADVANCED_FACE('',(#10094),#10748,.F.);
#11399=ADVANCED_FACE('',(#10095),#10749,.T.);
#11400=ADVANCED_FACE('',(#10096),#10750,.T.);
#11401=ADVANCED_FACE('',(#10097),#10751,.T.);
#11402=ADVANCED_FACE('',(#10098),#10752,.F.);
#11403=ADVANCED_FACE('',(#10099),#10753,.F.);
#11404=ADVANCED_FACE('',(#10100),#10754,.T.);
#11405=ADVANCED_FACE('',(#10101),#10755,.T.);
#11406=ADVANCED_FACE('',(#10102),#10756,.T.);
#11407=ADVANCED_FACE('',(#10103),#10757,.F.);
#11408=ADVANCED_FACE('',(#10104),#10758,.F.);
#11409=ADVANCED_FACE('',(#10105),#10759,.T.);
#11410=ADVANCED_FACE('',(#10106),#10760,.T.);
#11411=ADVANCED_FACE('',(#10107),#10761,.T.);
#11412=ADVANCED_FACE('',(#10108),#10762,.F.);
#11413=ADVANCED_FACE('',(#10109),#10763,.F.);
#11414=ADVANCED_FACE('',(#10110),#10764,.T.);
#11415=ADVANCED_FACE('',(#10111),#10765,.T.);
#11416=ADVANCED_FACE('',(#10112),#10766,.T.);
#11417=ADVANCED_FACE('',(#10113),#10767,.F.);
#11418=ADVANCED_FACE('',(#10114),#10768,.F.);
#11419=ADVANCED_FACE('',(#10115),#10769,.T.);
#11420=ADVANCED_FACE('',(#10116),#10770,.T.);
#11421=ADVANCED_FACE('',(#10117),#10771,.T.);
#11422=ADVANCED_FACE('',(#10118),#10772,.F.);
#11423=ADVANCED_FACE('',(#10119),#10773,.F.);
#11424=ADVANCED_FACE('',(#10120),#10774,.T.);
#11425=ADVANCED_FACE('',(#10121),#10775,.T.);
#11426=ADVANCED_FACE('',(#10122),#10776,.T.);
#11427=ADVANCED_FACE('',(#10123),#10777,.F.);
#11428=ADVANCED_FACE('',(#10124),#10778,.F.);
#11429=ADVANCED_FACE('',(#10125),#10779,.T.);
#11430=ADVANCED_FACE('',(#10126),#10780,.T.);
#11431=ADVANCED_FACE('',(#10127),#10781,.T.);
#11432=ADVANCED_FACE('',(#10128),#10782,.F.);
#11433=ADVANCED_FACE('',(#10129),#10783,.F.);
#11434=ADVANCED_FACE('',(#10130),#10784,.T.);
#11435=ADVANCED_FACE('',(#10131),#10785,.T.);
#11436=ADVANCED_FACE('',(#10132),#10786,.T.);
#11437=ADVANCED_FACE('',(#10133),#10787,.F.);
#11438=ADVANCED_FACE('',(#10134),#10788,.F.);
#11439=ADVANCED_FACE('',(#10135),#10789,.T.);
#11440=ADVANCED_FACE('',(#10136),#10790,.T.);
#11441=ADVANCED_FACE('',(#10137),#10791,.T.);
#11442=ADVANCED_FACE('',(#10138),#10792,.F.);
#11443=ADVANCED_FACE('',(#10139),#10793,.F.);
#11444=ADVANCED_FACE('',(#10140),#10794,.T.);
#11445=ADVANCED_FACE('',(#10141),#10795,.T.);
#11446=ADVANCED_FACE('',(#10142),#10796,.T.);
#11447=ADVANCED_FACE('',(#10143),#10797,.F.);
#11448=ADVANCED_FACE('',(#10144),#10798,.F.);
#11449=ADVANCED_FACE('',(#10145),#10799,.T.);
#11450=ADVANCED_FACE('',(#10146),#10800,.T.);
#11451=ADVANCED_FACE('',(#10147),#10801,.T.);
#11452=ADVANCED_FACE('',(#10148),#10802,.F.);
#11453=ADVANCED_FACE('',(#10149),#10803,.F.);
#11454=ADVANCED_FACE('',(#10150),#10804,.T.);
#11455=ADVANCED_FACE('',(#10151),#10805,.T.);
#11456=ADVANCED_FACE('',(#10152),#10806,.T.);
#11457=ADVANCED_FACE('',(#10153),#10807,.F.);
#11458=ADVANCED_FACE('',(#10154),#10808,.F.);
#11459=ADVANCED_FACE('',(#10155),#10809,.T.);
#11460=ADVANCED_FACE('',(#10156),#10810,.T.);
#11461=ADVANCED_FACE('',(#10157),#10811,.T.);
#11462=ADVANCED_FACE('',(#10158),#10812,.F.);
#11463=ADVANCED_FACE('',(#10159),#10813,.F.);
#11464=ADVANCED_FACE('',(#10160),#10814,.T.);
#11465=ADVANCED_FACE('',(#10161),#10815,.T.);
#11466=ADVANCED_FACE('',(#10162),#10816,.T.);
#11467=ADVANCED_FACE('',(#10163),#10817,.F.);
#11468=ADVANCED_FACE('',(#10164),#10818,.F.);
#11469=ADVANCED_FACE('',(#10165),#10819,.T.);
#11470=ADVANCED_FACE('',(#10166),#10820,.T.);
#11471=ADVANCED_FACE('',(#10167),#10821,.T.);
#11472=ADVANCED_FACE('',(#10168),#10822,.F.);
#11473=ADVANCED_FACE('',(#10169),#10823,.F.);
#11474=ADVANCED_FACE('',(#10170),#10824,.T.);
#11475=ADVANCED_FACE('',(#10171),#10825,.T.);
#11476=ADVANCED_FACE('',(#10172),#10826,.T.);
#11477=ADVANCED_FACE('',(#10173),#10827,.F.);
#11478=ADVANCED_FACE('',(#10174),#10828,.F.);
#11479=ADVANCED_FACE('',(#10175),#10829,.T.);
#11480=ADVANCED_FACE('',(#10176),#10830,.T.);
#11481=ADVANCED_FACE('',(#10177),#10831,.T.);
#11482=ADVANCED_FACE('',(#10178),#10832,.F.);
#11483=ADVANCED_FACE('',(#10179),#10833,.F.);
#11484=ADVANCED_FACE('',(#10180),#10834,.T.);
#11485=ADVANCED_FACE('',(#10181),#10835,.T.);
#11486=ADVANCED_FACE('',(#10182),#10836,.T.);
#11487=ADVANCED_FACE('',(#10183),#10837,.F.);
#11488=ADVANCED_FACE('',(#10184),#10838,.F.);
#11489=ADVANCED_FACE('',(#10185),#10839,.T.);
#11490=ADVANCED_FACE('',(#10186),#10840,.T.);
#11491=ADVANCED_FACE('',(#10187),#10841,.T.);
#11492=ADVANCED_FACE('',(#10188),#10842,.F.);
#11493=ADVANCED_FACE('',(#10189),#10843,.F.);
#11494=ADVANCED_FACE('',(#10190),#10844,.T.);
#11495=ADVANCED_FACE('',(#10191),#10845,.T.);
#11496=ADVANCED_FACE('',(#10192),#10846,.T.);
#11497=ADVANCED_FACE('',(#10193),#10847,.F.);
#11498=ADVANCED_FACE('',(#10194),#10848,.F.);
#11499=ADVANCED_FACE('',(#10195),#10849,.T.);
#11500=ADVANCED_FACE('',(#10196),#10850,.T.);
#11501=ADVANCED_FACE('',(#10197),#10851,.T.);
#11502=ADVANCED_FACE('',(#10198),#10852,.F.);
#11503=ADVANCED_FACE('',(#10199),#10853,.F.);
#11504=ADVANCED_FACE('',(#10200),#10854,.T.);
#11505=ADVANCED_FACE('',(#10201),#10855,.T.);
#11506=ADVANCED_FACE('',(#10202),#10856,.T.);
#11507=ADVANCED_FACE('',(#10203),#10857,.F.);
#11508=ADVANCED_FACE('',(#10204),#10858,.F.);
#11509=ADVANCED_FACE('',(#10205),#10859,.T.);
#11510=ADVANCED_FACE('',(#10206),#10860,.T.);
#11511=ADVANCED_FACE('',(#10207),#10861,.T.);
#11512=ADVANCED_FACE('',(#10208),#10862,.F.);
#11513=ADVANCED_FACE('',(#10209),#10863,.F.);
#11514=ADVANCED_FACE('',(#10210),#10864,.T.);
#11515=ADVANCED_FACE('',(#10211),#10865,.T.);
#11516=ADVANCED_FACE('',(#10212),#10866,.T.);
#11517=ADVANCED_FACE('',(#10213),#10867,.F.);
#11518=ADVANCED_FACE('',(#10214),#10868,.F.);
#11519=ADVANCED_FACE('',(#10215),#10869,.T.);
#11520=ADVANCED_FACE('',(#10216),#10870,.T.);
#11521=ADVANCED_FACE('',(#10217),#10871,.T.);
#11522=ADVANCED_FACE('',(#10218),#10872,.F.);
#11523=ADVANCED_FACE('',(#10219),#10873,.F.);
#11524=ADVANCED_FACE('',(#10220),#10874,.T.);
#11525=ADVANCED_FACE('',(#10221),#10875,.T.);
#11526=ADVANCED_FACE('',(#10222),#10876,.T.);
#11527=ADVANCED_FACE('',(#10223),#10877,.F.);
#11528=ADVANCED_FACE('',(#10224),#10878,.F.);
#11529=ADVANCED_FACE('',(#10225),#10879,.T.);
#11530=ADVANCED_FACE('',(#10226),#10880,.T.);
#11531=ADVANCED_FACE('',(#10227),#10881,.T.);
#11532=ADVANCED_FACE('',(#10228),#10882,.F.);
#11533=ADVANCED_FACE('',(#10229),#10883,.F.);
#11534=ADVANCED_FACE('',(#10230),#10884,.T.);
#11535=ADVANCED_FACE('',(#10231),#10885,.T.);
#11536=ADVANCED_FACE('',(#10232),#10886,.T.);
#11537=ADVANCED_FACE('',(#10233),#10887,.F.);
#11538=ADVANCED_FACE('',(#10234),#10888,.F.);
#11539=ADVANCED_FACE('',(#10235),#10889,.T.);
#11540=ADVANCED_FACE('',(#10236),#10890,.T.);
#11541=ADVANCED_FACE('',(#10237),#10891,.T.);
#11542=ADVANCED_FACE('',(#10238),#10892,.F.);
#11543=ADVANCED_FACE('',(#10239),#10893,.F.);
#11544=ADVANCED_FACE('',(#10240),#10894,.T.);
#11545=ADVANCED_FACE('',(#10241),#10895,.T.);
#11546=ADVANCED_FACE('',(#10242),#10896,.T.);
#11547=ADVANCED_FACE('',(#10243),#10897,.F.);
#11548=ADVANCED_FACE('',(#10244),#10898,.F.);
#11549=ADVANCED_FACE('',(#10245),#10899,.T.);
#11550=ADVANCED_FACE('',(#10246),#10900,.T.);
#11551=ADVANCED_FACE('',(#10247),#10901,.T.);
#11552=ADVANCED_FACE('',(#10248),#10902,.F.);
#11553=ADVANCED_FACE('',(#10249),#10903,.F.);
#11554=ADVANCED_FACE('',(#10250),#10904,.T.);
#11555=ADVANCED_FACE('',(#10251),#10905,.T.);
#11556=ADVANCED_FACE('',(#10252),#10906,.T.);
#11557=ADVANCED_FACE('',(#10253),#10907,.F.);
#11558=ADVANCED_FACE('',(#10254),#10908,.F.);
#11559=ADVANCED_FACE('',(#10255),#10909,.T.);
#11560=ADVANCED_FACE('',(#10256),#10910,.T.);
#11561=ADVANCED_FACE('',(#10257),#10911,.T.);
#11562=ADVANCED_FACE('',(#10258),#10912,.F.);
#11563=ADVANCED_FACE('',(#10259),#10913,.F.);
#11564=ADVANCED_FACE('',(#10260),#10914,.T.);
#11565=ADVANCED_FACE('',(#10261),#10915,.T.);
#11566=ADVANCED_FACE('',(#10262),#10916,.T.);
#11567=ADVANCED_FACE('',(#10263),#10917,.F.);
#11568=ADVANCED_FACE('',(#10264),#10918,.F.);
#11569=ADVANCED_FACE('',(#10265),#10919,.T.);
#11570=ADVANCED_FACE('',(#10266),#10920,.T.);
#11571=ADVANCED_FACE('',(#10267),#10921,.T.);
#11572=ADVANCED_FACE('',(#10268),#10922,.F.);
#11573=ADVANCED_FACE('',(#10269),#10923,.F.);
#11574=ADVANCED_FACE('',(#10270),#10924,.T.);
#11575=ADVANCED_FACE('',(#10271),#10925,.T.);
#11576=ADVANCED_FACE('',(#10272),#10926,.T.);
#11577=ADVANCED_FACE('',(#10273),#10927,.F.);
#11578=ADVANCED_FACE('',(#10274),#10928,.F.);
#11579=ADVANCED_FACE('',(#10275),#10929,.T.);
#11580=ADVANCED_FACE('',(#10276),#10930,.T.);
#11581=ADVANCED_FACE('',(#10277),#10931,.T.);
#11582=ADVANCED_FACE('',(#10278),#10932,.F.);
#11583=ADVANCED_FACE('',(#10279),#10933,.F.);
#11584=ADVANCED_FACE('',(#10280),#10934,.T.);
#11585=ADVANCED_FACE('',(#10281),#10935,.T.);
#11586=ADVANCED_FACE('',(#10282),#10936,.T.);
#11587=ADVANCED_FACE('',(#10283),#10937,.F.);
#11588=ADVANCED_FACE('',(#10284),#10938,.F.);
#11589=ADVANCED_FACE('',(#10285),#10939,.T.);
#11590=ADVANCED_FACE('',(#10286),#10940,.T.);
#11591=ADVANCED_FACE('',(#10287),#10941,.T.);
#11592=ADVANCED_FACE('',(#10288),#10942,.F.);
#11593=ADVANCED_FACE('',(#10289),#10943,.F.);
#11594=ADVANCED_FACE('',(#10290),#10944,.T.);
#11595=ADVANCED_FACE('',(#10291),#10945,.T.);
#11596=ADVANCED_FACE('',(#10292),#10946,.T.);
#11597=ADVANCED_FACE('',(#10293),#10947,.F.);
#11598=ADVANCED_FACE('',(#10294),#10948,.F.);
#11599=ADVANCED_FACE('',(#10295),#10949,.T.);
#11600=ADVANCED_FACE('',(#10296),#10950,.T.);
#11601=ADVANCED_FACE('',(#10297),#10951,.T.);
#11602=ADVANCED_FACE('',(#10298),#10952,.F.);
#11603=ADVANCED_FACE('',(#10299),#10953,.F.);
#11604=ADVANCED_FACE('',(#10300),#10954,.T.);
#11605=ADVANCED_FACE('',(#10301),#10955,.T.);
#11606=ADVANCED_FACE('',(#10302),#10956,.T.);
#11607=ADVANCED_FACE('',(#10303),#10957,.F.);
#11608=ADVANCED_FACE('',(#10304),#10958,.F.);
#11609=ADVANCED_FACE('',(#10305),#10959,.T.);
#11610=ADVANCED_FACE('',(#10306),#10960,.T.);
#11611=ADVANCED_FACE('',(#10307),#10961,.T.);
#11612=ADVANCED_FACE('',(#10308),#10962,.F.);
#11613=ADVANCED_FACE('',(#10309),#10963,.F.);
#11614=ADVANCED_FACE('',(#10310),#10964,.T.);
#11615=ADVANCED_FACE('',(#10311),#10965,.T.);
#11616=ADVANCED_FACE('',(#10312),#10966,.T.);
#11617=ADVANCED_FACE('',(#10313),#10967,.F.);
#11618=ADVANCED_FACE('',(#10314),#10968,.F.);
#11619=ADVANCED_FACE('',(#10315),#10969,.T.);
#11620=ADVANCED_FACE('',(#10316),#10970,.T.);
#11621=ADVANCED_FACE('',(#10317),#10971,.T.);
#11622=ADVANCED_FACE('',(#10318),#10972,.F.);
#11623=ADVANCED_FACE('',(#10319),#10973,.F.);
#11624=ADVANCED_FACE('',(#10320),#10974,.T.);
#11625=ADVANCED_FACE('',(#10321),#10975,.T.);
#11626=ADVANCED_FACE('',(#10322),#10976,.T.);
#11627=ADVANCED_FACE('',(#10323),#10977,.F.);
#11628=ADVANCED_FACE('',(#10324),#10978,.F.);
#11629=ADVANCED_FACE('',(#10325),#10979,.T.);
#11630=ADVANCED_FACE('',(#10326),#10980,.T.);
#11631=ADVANCED_FACE('',(#10327),#10981,.T.);
#11632=ADVANCED_FACE('',(#10328),#10982,.F.);
#11633=ADVANCED_FACE('',(#10329),#10983,.F.);
#11634=ADVANCED_FACE('',(#10330),#10984,.T.);
#11635=ADVANCED_FACE('',(#10331),#10985,.T.);
#11636=ADVANCED_FACE('',(#10332),#10986,.T.);
#11637=ADVANCED_FACE('',(#10333),#10987,.F.);
#11638=ADVANCED_FACE('',(#10334),#10988,.F.);
#11639=ADVANCED_FACE('',(#10335),#10989,.T.);
#11640=ADVANCED_FACE('',(#10336),#10990,.T.);
#11641=ADVANCED_FACE('',(#10337),#10991,.T.);
#11642=ADVANCED_FACE('',(#10338),#10992,.F.);
#11643=ADVANCED_FACE('',(#10339),#10993,.F.);
#11644=ADVANCED_FACE('',(#10340),#10994,.T.);
#11645=ADVANCED_FACE('',(#10341),#10995,.T.);
#11646=ADVANCED_FACE('',(#10342),#10996,.T.);
#11647=ADVANCED_FACE('',(#10343),#10997,.F.);
#11648=ADVANCED_FACE('',(#10344),#10998,.F.);
#11649=ADVANCED_FACE('',(#10345),#10999,.T.);
#11650=ADVANCED_FACE('',(#10346),#11000,.T.);
#11651=ADVANCED_FACE('',(#10347),#11001,.T.);
#11652=ADVANCED_FACE('',(#10348),#11002,.F.);
#11653=ADVANCED_FACE('',(#10349),#11003,.F.);
#11654=ADVANCED_FACE('',(#10350),#11004,.T.);
#11655=ADVANCED_FACE('',(#10351),#11005,.T.);
#11656=ADVANCED_FACE('',(#10352),#11006,.T.);
#11657=ADVANCED_FACE('',(#10353),#11007,.F.);
#11658=ADVANCED_FACE('',(#10354),#11008,.F.);
#11659=ADVANCED_FACE('',(#10355),#11009,.T.);
#11660=ADVANCED_FACE('',(#10356),#11010,.T.);
#11661=ADVANCED_FACE('',(#10357),#11011,.T.);
#11662=ADVANCED_FACE('',(#10358),#11012,.F.);
#11663=ADVANCED_FACE('',(#10359),#11013,.F.);
#11664=ADVANCED_FACE('',(#10360),#11014,.T.);
#11665=ADVANCED_FACE('',(#10361),#11015,.T.);
#11666=ADVANCED_FACE('',(#10362),#11016,.T.);
#11667=ADVANCED_FACE('',(#10363),#11017,.F.);
#11668=ADVANCED_FACE('',(#10364),#11018,.F.);
#11669=ADVANCED_FACE('',(#10365),#11019,.T.);
#11670=ADVANCED_FACE('',(#10366),#11020,.T.);
#11671=ADVANCED_FACE('',(#10367),#11021,.T.);
#11672=ADVANCED_FACE('',(#10368),#11022,.F.);
#11673=ADVANCED_FACE('',(#10369),#11023,.F.);
#11674=ADVANCED_FACE('',(#10370),#11024,.T.);
#11675=ADVANCED_FACE('',(#10371),#11025,.T.);
#11676=ADVANCED_FACE('',(#10372),#11026,.T.);
#11677=ADVANCED_FACE('',(#10373),#11027,.F.);
#11678=ADVANCED_FACE('',(#10374),#11028,.F.);
#11679=ADVANCED_FACE('',(#10375),#11029,.T.);
#11680=ADVANCED_FACE('',(#10376),#11030,.T.);
#11681=ADVANCED_FACE('',(#10377),#11031,.T.);
#11682=ADVANCED_FACE('',(#10378),#11032,.F.);
#11683=ADVANCED_FACE('',(#10379),#11033,.F.);
#11684=ADVANCED_FACE('',(#10380),#11034,.T.);
#11685=ADVANCED_FACE('',(#10381),#11035,.T.);
#11686=ADVANCED_FACE('',(#10382),#11036,.T.);
#11687=ADVANCED_FACE('',(#10383),#11037,.F.);
#11688=ADVANCED_FACE('',(#10384),#11038,.F.);
#11689=ADVANCED_FACE('',(#10385),#11039,.T.);
#11690=ADVANCED_FACE('',(#10386),#11040,.T.);
#11691=ADVANCED_FACE('',(#10387),#11041,.T.);
#11692=ADVANCED_FACE('',(#10388),#11042,.F.);
#11693=ADVANCED_FACE('',(#10389),#11043,.F.);
#11694=ADVANCED_FACE('',(#10390),#11044,.T.);
#11695=ADVANCED_FACE('',(#10391),#11045,.T.);
#11696=ADVANCED_FACE('',(#10392),#11046,.T.);
#11697=ADVANCED_FACE('',(#10393),#11047,.F.);
#11698=ADVANCED_FACE('',(#10394),#11048,.F.);
#11699=ADVANCED_FACE('',(#10395),#11049,.T.);
#11700=ADVANCED_FACE('',(#10396),#11050,.T.);
#11701=ADVANCED_FACE('',(#10397),#11051,.T.);
#11702=ADVANCED_FACE('',(#10398),#11052,.F.);
#11703=ADVANCED_FACE('',(#10399),#11053,.F.);
#11704=ADVANCED_FACE('',(#10400),#11054,.T.);
#11705=ADVANCED_FACE('',(#10401),#11055,.T.);
#11706=ADVANCED_FACE('',(#10402),#11056,.T.);
#11707=ADVANCED_FACE('',(#10403),#11057,.F.);
#11708=ADVANCED_FACE('',(#10404),#11058,.F.);
#11709=ADVANCED_FACE('',(#10405),#11059,.T.);
#11710=ADVANCED_FACE('',(#10406),#11060,.T.);
#11711=ADVANCED_FACE('',(#10407),#11061,.T.);
#11712=ADVANCED_FACE('',(#10408),#11062,.F.);
#11713=ADVANCED_FACE('',(#10409),#11063,.F.);
#11714=ADVANCED_FACE('',(#10410),#11064,.T.);
#11715=ADVANCED_FACE('',(#10411),#11065,.T.);
#11716=ADVANCED_FACE('',(#10412),#11066,.T.);
#11717=ADVANCED_FACE('',(#10413),#11067,.F.);
#11718=ADVANCED_FACE('',(#10414),#11068,.F.);
#11719=ADVANCED_FACE('',(#10415),#11069,.T.);
#11720=ADVANCED_FACE('',(#10416),#11070,.T.);
#11721=ADVANCED_FACE('',(#10417),#11071,.T.);
#11722=ADVANCED_FACE('',(#10418),#11072,.F.);
#11723=ADVANCED_FACE('',(#10419),#11073,.F.);
#11724=ADVANCED_FACE('',(#10420),#11074,.T.);
#11725=ADVANCED_FACE('',(#10421),#11075,.T.);
#11726=ADVANCED_FACE('',(#10422),#11076,.T.);
#11727=ADVANCED_FACE('',(#10423),#11077,.F.);
#11728=ADVANCED_FACE('',(#10424),#11078,.F.);
#11729=ADVANCED_FACE('',(#10425),#11079,.T.);
#11730=ADVANCED_FACE('',(#10426),#11080,.T.);
#11731=ADVANCED_FACE('',(#10427),#11081,.T.);
#11732=ADVANCED_FACE('',(#10428),#11082,.F.);
#11733=ADVANCED_FACE('',(#10429),#11083,.F.);
#11734=ADVANCED_FACE('',(#10430),#11084,.T.);
#11735=ADVANCED_FACE('',(#10431),#11085,.T.);
#11736=ADVANCED_FACE('',(#10432),#11086,.T.);
#11737=ADVANCED_FACE('',(#10433),#11087,.F.);
#11738=ADVANCED_FACE('',(#10434),#11088,.F.);
#11739=ADVANCED_FACE('',(#10435),#11089,.T.);
#11740=ADVANCED_FACE('',(#10436),#11090,.T.);
#11741=ADVANCED_FACE('',(#10437),#11091,.T.);
#11742=ADVANCED_FACE('',(#10438),#11092,.F.);
#11743=ADVANCED_FACE('',(#10439),#11093,.F.);
#11744=ADVANCED_FACE('',(#10440),#11094,.T.);
#11745=ADVANCED_FACE('',(#10441),#11095,.T.);
#11746=ADVANCED_FACE('',(#10442),#11096,.T.);
#11747=ADVANCED_FACE('',(#10443),#11097,.F.);
#11748=ADVANCED_FACE('',(#10444),#11098,.F.);
#11749=ADVANCED_FACE('',(#10445),#11099,.T.);
#11750=ADVANCED_FACE('',(#10446),#11100,.T.);
#11751=ADVANCED_FACE('',(#10447),#11101,.T.);
#11752=ADVANCED_FACE('',(#10448),#11102,.F.);
#11753=ADVANCED_FACE('',(#10449),#11103,.F.);
#11754=ADVANCED_FACE('',(#10450),#11104,.T.);
#11755=ADVANCED_FACE('',(#10451),#11105,.T.);
#11756=ADVANCED_FACE('',(#10452),#11106,.T.);
#11757=ADVANCED_FACE('',(#10453),#11107,.F.);
#11758=ADVANCED_FACE('',(#10454),#11108,.F.);
#11759=ADVANCED_FACE('',(#10455),#11109,.T.);
#11760=ADVANCED_FACE('',(#10456),#11110,.T.);
#11761=ADVANCED_FACE('',(#10457),#11111,.T.);
#11762=ADVANCED_FACE('',(#10458),#11112,.F.);
#11763=ADVANCED_FACE('',(#10459),#11113,.F.);
#11764=ADVANCED_FACE('',(#10460),#11114,.T.);
#11765=ADVANCED_FACE('',(#10461),#11115,.T.);
#11766=ADVANCED_FACE('',(#10462),#11116,.T.);
#11767=ADVANCED_FACE('',(#10463),#11117,.F.);
#11768=ADVANCED_FACE('',(#10464),#11118,.F.);
#11769=ADVANCED_FACE('',(#10465),#11119,.T.);
#11770=ADVANCED_FACE('',(#10466),#11120,.T.);
#11771=ADVANCED_FACE('',(#10467),#11121,.T.);
#11772=ADVANCED_FACE('',(#10468),#11122,.F.);
#11773=ADVANCED_FACE('',(#10469),#11123,.F.);
#11774=ADVANCED_FACE('',(#10470),#11124,.T.);
#11775=ADVANCED_FACE('',(#10471),#11125,.T.);
#11776=ADVANCED_FACE('',(#10472),#11126,.T.);
#11777=ADVANCED_FACE('',(#10473),#11127,.F.);
#11778=ADVANCED_FACE('',(#10474),#11128,.F.);
#11779=ADVANCED_FACE('',(#10475),#11129,.T.);
#11780=ADVANCED_FACE('',(#10476),#11130,.T.);
#11781=ADVANCED_FACE('',(#10477),#11131,.T.);
#11782=ADVANCED_FACE('',(#10478),#11132,.F.);
#11783=ADVANCED_FACE('',(#10479),#11133,.F.);
#11784=ADVANCED_FACE('',(#10480),#11134,.T.);
#11785=ADVANCED_FACE('',(#10481),#11135,.T.);
#11786=ADVANCED_FACE('',(#10482),#11136,.T.);
#11787=ADVANCED_FACE('',(#10483),#11137,.F.);
#11788=ADVANCED_FACE('',(#10484),#11138,.F.);
#11789=ADVANCED_FACE('',(#10485),#11139,.T.);
#11790=ADVANCED_FACE('',(#10486),#11140,.T.);
#11791=ADVANCED_FACE('',(#10487),#11141,.T.);
#11792=ADVANCED_FACE('',(#10488),#11142,.F.);
#11793=ADVANCED_FACE('',(#10489),#11143,.F.);
#11794=ADVANCED_FACE('',(#10490),#11144,.T.);
#11795=ADVANCED_FACE('',(#10491),#11145,.T.);
#11796=ADVANCED_FACE('',(#10492),#12,.T.);
#11797=ADVANCED_FACE('',(#10493),#11146,.F.);
#11798=ADVANCED_FACE('',(#10494),#13,.T.);
#11799=ADVANCED_FACE('',(#10495),#11147,.F.);
#11800=ADVANCED_FACE('',(#10496),#14,.T.);
#11801=ADVANCED_FACE('',(#10497),#11148,.F.);
#11802=ADVANCED_FACE('',(#10498),#15,.T.);
#11803=ADVANCED_FACE('',(#10499),#11149,.F.);
#11804=CLOSED_SHELL('',(#11150,#11151,#11152,#11153,#11154,#11155,#11156,
#11157,#11158,#11159,#11160,#11161,#11162,#11163,#11164,#11165,#11166,#11167,
#11168,#11169,#11170,#11171,#11172,#11173,#11174,#11175,#11176,#11177,#11178,
#11179,#11180,#11181,#11182,#11183,#11184,#11185,#11186,#11187,#11188,#11189,
#11190,#11191,#11192,#11193,#11194,#11195,#11196,#11197,#11198,#11199,#11200,
#11201,#11202,#11203,#11204,#11205,#11206,#11207,#11208,#11209,#11210,#11211,
#11212,#11213,#11214,#11215,#11216,#11217,#11218,#11219,#11220,#11221,#11222,
#11223,#11224,#11225,#11226,#11227,#11228,#11229,#11230,#11231,#11232,#11233,
#11234,#11235,#11236,#11237,#11238,#11239,#11240,#11241,#11242,#11243,#11244,
#11245,#11246,#11247,#11248,#11249,#11250,#11251,#11252,#11253,#11254,#11255,
#11256,#11257,#11258,#11259,#11260,#11261,#11262,#11263,#11264,#11265,#11266,
#11267,#11268,#11269,#11270,#11271,#11272,#11273,#11274,#11275,#11276,#11277,
#11278,#11279,#11280,#11281,#11282,#11283,#11284,#11285,#11286,#11287,#11288,
#11289,#11290,#11291,#11292,#11293,#11294,#11295,#11296,#11297,#11298,#11299,
#11300,#11301,#11302,#11303,#11304,#11305,#11306,#11307,#11308,#11309,#11310,
#11311,#11312,#11313,#11314,#11315,#11316,#11317,#11318,#11319,#11320,#11321,
#11322,#11323,#11324,#11325,#11326,#11327,#11328,#11329,#11330,#11331,#11332,
#11333,#11334,#11335,#11336,#11337,#11338,#11339,#11340,#11341,#11342,#11343,
#11344,#11345,#11346,#11347,#11348,#11349,#11350,#11351,#11352,#11353,#11354,
#11355,#11356,#11357,#11358,#11359,#11360,#11361,#11362,#11363,#11364,#11365,
#11366,#11367,#11368,#11369,#11370,#11371,#11372,#11373,#11374,#11375,#11376,
#11377,#11378,#11379,#11380,#11381,#11382,#11383,#11384,#11385,#11386,#11387,
#11388,#11389,#11390,#11391,#11392,#11393,#11394,#11395,#11396,#11397,#11398,
#11399,#11400,#11401,#11402,#11403,#11404,#11405,#11406,#11407,#11408,#11409,
#11410,#11411,#11412,#11413,#11414,#11415,#11416,#11417,#11418,#11419,#11420,
#11421,#11422,#11423,#11424,#11425,#11426,#11427,#11428,#11429,#11430,#11431,
#11432,#11433,#11434,#11435,#11436,#11437,#11438,#11439,#11440,#11441,#11442,
#11443,#11444,#11445,#11446,#11447,#11448,#11449,#11450,#11451,#11452,#11453,
#11454,#11455,#11456,#11457,#11458,#11459,#11460,#11461,#11462,#11463,#11464,
#11465,#11466,#11467,#11468,#11469,#11470,#11471,#11472,#11473,#11474,#11475,
#11476,#11477,#11478,#11479,#11480,#11481,#11482,#11483,#11484,#11485,#11486,
#11487,#11488,#11489,#11490,#11491,#11492,#11493,#11494,#11495,#11496,#11497,
#11498,#11499,#11500,#11501,#11502,#11503,#11504,#11505,#11506,#11507,#11508,
#11509,#11510,#11511,#11512,#11513,#11514,#11515,#11516,#11517,#11518,#11519,
#11520,#11521,#11522,#11523,#11524,#11525,#11526,#11527,#11528,#11529,#11530,
#11531,#11532,#11533,#11534,#11535,#11536,#11537,#11538,#11539,#11540,#11541,
#11542,#11543,#11544,#11545,#11546,#11547,#11548,#11549,#11550,#11551,#11552,
#11553,#11554,#11555,#11556,#11557,#11558,#11559,#11560,#11561,#11562,#11563,
#11564,#11565,#11566,#11567,#11568,#11569,#11570,#11571,#11572,#11573,#11574,
#11575,#11576,#11577,#11578,#11579,#11580,#11581,#11582,#11583,#11584,#11585,
#11586,#11587,#11588,#11589,#11590,#11591,#11592,#11593,#11594,#11595,#11596,
#11597,#11598,#11599,#11600,#11601,#11602,#11603,#11604,#11605,#11606,#11607,
#11608,#11609,#11610,#11611,#11612,#11613,#11614,#11615,#11616,#11617,#11618,
#11619,#11620,#11621,#11622,#11623,#11624,#11625,#11626,#11627,#11628,#11629,
#11630,#11631,#11632,#11633,#11634,#11635,#11636,#11637,#11638,#11639,#11640,
#11641,#11642,#11643,#11644,#11645,#11646,#11647,#11648,#11649,#11650,#11651,
#11652,#11653,#11654,#11655,#11656,#11657,#11658,#11659,#11660,#11661,#11662,
#11663,#11664,#11665,#11666,#11667,#11668,#11669,#11670,#11671,#11672,#11673,
#11674,#11675,#11676,#11677,#11678,#11679,#11680,#11681,#11682,#11683,#11684,
#11685,#11686,#11687,#11688,#11689,#11690,#11691,#11692,#11693,#11694,#11695,
#11696,#11697,#11698,#11699,#11700,#11701,#11702,#11703,#11704,#11705,#11706,
#11707,#11708,#11709,#11710,#11711,#11712,#11713,#11714,#11715,#11716,#11717,
#11718,#11719,#11720,#11721,#11722,#11723,#11724,#11725,#11726,#11727,#11728,
#11729,#11730,#11731,#11732,#11733,#11734,#11735,#11736,#11737,#11738,#11739,
#11740,#11741,#11742,#11743,#11744,#11745,#11746,#11747,#11748,#11749,#11750,
#11751,#11752,#11753,#11754,#11755,#11756,#11757,#11758,#11759,#11760,#11761,
#11762,#11763,#11764,#11765,#11766,#11767,#11768,#11769,#11770,#11771,#11772,
#11773,#11774,#11775,#11776,#11777,#11778,#11779,#11780,#11781,#11782,#11783,
#11784,#11785,#11786,#11787,#11788,#11789,#11790,#11791,#11792,#11793,#11794,
#11795,#11796,#11797,#11798,#11799,#11800,#11801,#11802,#11803));
#11805=STYLED_ITEM('',(#11806),#11813);
#11806=PRESENTATION_STYLE_ASSIGNMENT((#11807));
#11807=SURFACE_STYLE_USAGE(.BOTH.,#11808);
#11808=SURFACE_SIDE_STYLE('',(#11809));
#11809=SURFACE_STYLE_FILL_AREA(#11810);
#11810=FILL_AREA_STYLE('',(#11811));
#11811=FILL_AREA_STYLE_COLOUR('',#11812);
#11812=COLOUR_RGB('',0.615686274509804,0.811764705882353,0.929411764705882);
#11813=MANIFOLD_SOLID_BREP('Part 1',#11804);
#11814=SHAPE_DEFINITION_REPRESENTATION(#18710,#11815);
#11815=SHAPE_REPRESENTATION('Part 1',(#11816),#18705);
#11816=AXIS2_PLACEMENT_3D('',#13419,#11829,#11830);
#11817=AXIS2_PLACEMENT_3D('',#13427,#11832,#11833);
#11818=AXIS2_PLACEMENT_3D('',#13431,#11835,#11836);
#11819=AXIS2_PLACEMENT_3D('',#13433,#11837,#11838);
#11820=AXIS2_PLACEMENT_3D('',#13437,#11840,#11841);
#11821=AXIS2_PLACEMENT_3D('',#13439,#11842,#11843);
#11822=AXIS2_PLACEMENT_3D('',#13443,#11845,#11846);
#11823=AXIS2_PLACEMENT_3D('',#18638,#13407,#13408);
#11824=AXIS2_PLACEMENT_3D('',#18640,#13409,#13410);
#11825=AXIS2_PLACEMENT_3D('',#18659,#13411,#13412);
#11826=AXIS2_PLACEMENT_3D('',#18661,#13413,#13414);
#11827=AXIS2_PLACEMENT_3D('',#18680,#13415,#13416);
#11828=AXIS2_PLACEMENT_3D('',#18699,#13417,#13418);
#11829=DIRECTION('',(0.,0.,1.));
#11830=DIRECTION('',(1.,0.,0.));
#11831=DIRECTION('',(0.,-1.,0.));
#11832=DIRECTION('',(0.,0.,1.));
#11833=DIRECTION('',(1.,0.,0.));
#11834=DIRECTION('',(1.,0.,0.));
#11835=DIRECTION('',(0.,0.,1.));
#11836=DIRECTION('',(1.,0.,0.));
#11837=DIRECTION('',(0.,0.,1.));
#11838=DIRECTION('',(1.,0.,0.));
#11839=DIRECTION('',(0.,-1.,0.));
#11840=DIRECTION('',(0.,0.,1.));
#11841=DIRECTION('',(1.,0.,0.));
#11842=DIRECTION('',(0.,0.,1.));
#11843=DIRECTION('',(1.,0.,0.));
#11844=DIRECTION('',(1.,0.,0.));
#11845=DIRECTION('',(0.,0.,1.));
#11846=DIRECTION('',(1.,0.,0.));
#11847=DIRECTION('',(0.,-1.,0.));
#11848=DIRECTION('',(1.,0.,0.));
#11849=DIRECTION('',(0.,-1.,0.));
#11850=DIRECTION('',(1.,0.,0.));
#11851=DIRECTION('',(0.,-1.,0.));
#11852=DIRECTION('',(1.,0.,0.));
#11853=DIRECTION('',(0.,-1.,0.));
#11854=DIRECTION('',(1.,0.,0.));
#11855=DIRECTION('',(0.,-1.,0.));
#11856=DIRECTION('',(1.,0.,0.));
#11857=DIRECTION('',(0.,-1.,0.));
#11858=DIRECTION('',(1.,0.,0.));
#11859=DIRECTION('',(0.,-1.,0.));
#11860=DIRECTION('',(1.,0.,0.));
#11861=DIRECTION('',(0.,-1.,0.));
#11862=DIRECTION('',(1.,0.,0.));
#11863=DIRECTION('',(0.,-1.,0.));
#11864=DIRECTION('',(1.,0.,0.));
#11865=DIRECTION('',(0.,-1.,0.));
#11866=DIRECTION('',(1.,0.,0.));
#11867=DIRECTION('',(0.,-1.,0.));
#11868=DIRECTION('',(1.,0.,0.));
#11869=DIRECTION('',(0.,-1.,0.));
#11870=DIRECTION('',(1.,0.,0.));
#11871=DIRECTION('',(0.,-1.,0.));
#11872=DIRECTION('',(1.,0.,0.));
#11873=DIRECTION('',(0.,-1.,0.));
#11874=DIRECTION('',(1.,0.,0.));
#11875=DIRECTION('',(0.,-1.,0.));
#11876=DIRECTION('',(1.,0.,0.));
#11877=DIRECTION('',(0.,-1.,0.));
#11878=DIRECTION('',(1.,0.,0.));
#11879=DIRECTION('',(0.,-1.,0.));
#11880=DIRECTION('',(1.,0.,0.));
#11881=DIRECTION('',(0.,-1.,0.));
#11882=DIRECTION('',(1.,0.,0.));
#11883=DIRECTION('',(0.,-1.,0.));
#11884=DIRECTION('',(1.,0.,0.));
#11885=DIRECTION('',(0.,-1.,0.));
#11886=DIRECTION('',(1.,0.,0.));
#11887=DIRECTION('',(0.,-1.,0.));
#11888=DIRECTION('',(1.,0.,0.));
#11889=DIRECTION('',(0.,-1.,0.));
#11890=DIRECTION('',(1.,0.,0.));
#11891=DIRECTION('',(0.,-1.,0.));
#11892=DIRECTION('',(1.,0.,0.));
#11893=DIRECTION('',(0.,-1.,0.));
#11894=DIRECTION('',(1.,0.,0.));
#11895=DIRECTION('',(0.,-1.,0.));
#11896=DIRECTION('',(1.,0.,0.));
#11897=DIRECTION('',(0.,-1.,0.));
#11898=DIRECTION('',(1.,0.,0.));
#11899=DIRECTION('',(0.,-1.,0.));
#11900=DIRECTION('',(1.,0.,0.));
#11901=DIRECTION('',(0.,-1.,0.));
#11902=DIRECTION('',(1.,0.,0.));
#11903=DIRECTION('',(0.,-1.,0.));
#11904=DIRECTION('',(1.,0.,0.));
#11905=DIRECTION('',(0.,-1.,0.));
#11906=DIRECTION('',(1.,0.,0.));
#11907=DIRECTION('',(0.,-1.,0.));
#11908=DIRECTION('',(1.,0.,0.));
#11909=DIRECTION('',(0.,-1.,0.));
#11910=DIRECTION('',(1.,0.,0.));
#11911=DIRECTION('',(0.,-1.,0.));
#11912=DIRECTION('',(1.,0.,0.));
#11913=DIRECTION('',(0.,-1.,0.));
#11914=DIRECTION('',(1.,0.,0.));
#11915=DIRECTION('',(0.,-1.,0.));
#11916=DIRECTION('',(1.,0.,0.));
#11917=DIRECTION('',(0.,-1.,0.));
#11918=DIRECTION('',(1.,0.,0.));
#11919=DIRECTION('',(0.,-1.,0.));
#11920=DIRECTION('',(1.,0.,0.));
#11921=DIRECTION('',(0.,-1.,0.));
#11922=DIRECTION('',(1.,0.,0.));
#11923=DIRECTION('',(0.,-1.,0.));
#11924=DIRECTION('',(1.,0.,0.));
#11925=DIRECTION('',(0.,-1.,0.));
#11926=DIRECTION('',(1.,0.,0.));
#11927=DIRECTION('',(0.,-1.,0.));
#11928=DIRECTION('',(1.,0.,0.));
#11929=DIRECTION('',(0.,-1.,0.));
#11930=DIRECTION('',(1.,0.,0.));
#11931=DIRECTION('',(0.,-1.,0.));
#11932=DIRECTION('',(1.,0.,0.));
#11933=DIRECTION('',(0.,-1.,0.));
#11934=DIRECTION('',(1.,0.,0.));
#11935=DIRECTION('',(0.,-1.,0.));
#11936=DIRECTION('',(1.,0.,0.));
#11937=DIRECTION('',(0.,-1.,0.));
#11938=DIRECTION('',(1.,0.,0.));
#11939=DIRECTION('',(0.,-1.,0.));
#11940=DIRECTION('',(1.,0.,0.));
#11941=DIRECTION('',(0.,-1.,0.));
#11942=DIRECTION('',(1.,0.,0.));
#11943=DIRECTION('',(0.,-1.,0.));
#11944=DIRECTION('',(1.,0.,0.));
#11945=DIRECTION('',(0.,-1.,0.));
#11946=DIRECTION('',(1.,0.,0.));
#11947=DIRECTION('',(0.,-1.,0.));
#11948=DIRECTION('',(1.,0.,0.));
#11949=DIRECTION('',(0.,-1.,0.));
#11950=DIRECTION('',(1.,0.,0.));
#11951=DIRECTION('',(0.,-1.,0.));
#11952=DIRECTION('',(1.,0.,0.));
#11953=DIRECTION('',(0.,-1.,0.));
#11954=DIRECTION('',(1.,0.,0.));
#11955=DIRECTION('',(0.,-1.,0.));
#11956=DIRECTION('',(1.,0.,0.));
#11957=DIRECTION('',(0.,-1.,0.));
#11958=DIRECTION('',(1.,0.,0.));
#11959=DIRECTION('',(0.,-1.,0.));
#11960=DIRECTION('',(1.,0.,0.));
#11961=DIRECTION('',(0.,-1.,0.));
#11962=DIRECTION('',(1.,0.,0.));
#11963=DIRECTION('',(0.,-1.,0.));
#11964=DIRECTION('',(1.,0.,0.));
#11965=DIRECTION('',(0.,-1.,0.));
#11966=DIRECTION('',(1.,0.,0.));
#11967=DIRECTION('',(0.,-1.,0.));
#11968=DIRECTION('',(1.,0.,0.));
#11969=DIRECTION('',(0.,-1.,0.));
#11970=DIRECTION('',(1.,0.,0.));
#11971=DIRECTION('',(0.,-1.,0.));
#11972=DIRECTION('',(1.,0.,0.));
#11973=DIRECTION('',(0.,-1.,0.));
#11974=DIRECTION('',(1.,0.,0.));
#11975=DIRECTION('',(0.,-1.,0.));
#11976=DIRECTION('',(1.,0.,0.));
#11977=DIRECTION('',(0.,-1.,0.));
#11978=DIRECTION('',(1.,0.,0.));
#11979=DIRECTION('',(0.,-1.,0.));
#11980=DIRECTION('',(1.,0.,0.));
#11981=DIRECTION('',(0.,-1.,0.));
#11982=DIRECTION('',(1.,0.,0.));
#11983=DIRECTION('',(0.,-1.,0.));
#11984=DIRECTION('',(1.,0.,0.));
#11985=DIRECTION('',(0.,-1.,0.));
#11986=DIRECTION('',(1.,0.,0.));
#11987=DIRECTION('',(0.,-1.,0.));
#11988=DIRECTION('',(1.,0.,0.));
#11989=DIRECTION('',(0.,-1.,0.));
#11990=DIRECTION('',(1.,0.,0.));
#11991=DIRECTION('',(0.,-1.,0.));
#11992=DIRECTION('',(1.,0.,0.));
#11993=DIRECTION('',(0.,-1.,0.));
#11994=DIRECTION('',(1.,0.,0.));
#11995=DIRECTION('',(0.,-1.,0.));
#11996=DIRECTION('',(1.,0.,0.));
#11997=DIRECTION('',(0.,-1.,0.));
#11998=DIRECTION('',(1.,0.,0.));
#11999=DIRECTION('',(0.,-1.,0.));
#12000=DIRECTION('',(1.,0.,0.));
#12001=DIRECTION('',(0.,-1.,0.));
#12002=DIRECTION('',(1.,0.,0.));
#12003=DIRECTION('',(0.,-1.,0.));
#12004=DIRECTION('',(1.,0.,0.));
#12005=DIRECTION('',(0.,-1.,0.));
#12006=DIRECTION('',(1.,0.,0.));
#12007=DIRECTION('',(0.,-1.,0.));
#12008=DIRECTION('',(1.,0.,0.));
#12009=DIRECTION('',(0.,-1.,0.));
#12010=DIRECTION('',(1.,0.,0.));
#12011=DIRECTION('',(0.,-1.,0.));
#12012=DIRECTION('',(1.,0.,0.));
#12013=DIRECTION('',(0.,-1.,0.));
#12014=DIRECTION('',(1.,0.,0.));
#12015=DIRECTION('',(0.,-1.,0.));
#12016=DIRECTION('',(1.,0.,0.));
#12017=DIRECTION('',(0.,-1.,0.));
#12018=DIRECTION('',(1.,0.,0.));
#12019=DIRECTION('',(0.,-1.,0.));
#12020=DIRECTION('',(1.,0.,0.));
#12021=DIRECTION('',(0.,-1.,0.));
#12022=DIRECTION('',(1.,0.,0.));
#12023=DIRECTION('',(0.,-1.,0.));
#12024=DIRECTION('',(1.,0.,0.));
#12025=DIRECTION('',(0.,-1.,0.));
#12026=DIRECTION('',(1.,0.,0.));
#12027=DIRECTION('',(0.,-1.,0.));
#12028=DIRECTION('',(1.,0.,0.));
#12029=DIRECTION('',(0.,-1.,0.));
#12030=DIRECTION('',(1.,0.,0.));
#12031=DIRECTION('',(0.,-1.,0.));
#12032=DIRECTION('',(1.,0.,0.));
#12033=DIRECTION('',(0.,-1.,0.));
#12034=DIRECTION('',(1.,0.,0.));
#12035=DIRECTION('',(0.,-1.,0.));
#12036=DIRECTION('',(1.,0.,0.));
#12037=DIRECTION('',(0.,-1.,0.));
#12038=DIRECTION('',(1.,0.,0.));
#12039=DIRECTION('',(0.,-1.,0.));
#12040=DIRECTION('',(1.,0.,0.));
#12041=DIRECTION('',(0.,-1.,0.));
#12042=DIRECTION('',(1.,0.,0.));
#12043=DIRECTION('',(0.,-1.,0.));
#12044=DIRECTION('',(1.,0.,0.));
#12045=DIRECTION('',(0.,-1.,0.));
#12046=DIRECTION('',(1.,0.,0.));
#12047=DIRECTION('',(0.,-1.,0.));
#12048=DIRECTION('',(1.,0.,0.));
#12049=DIRECTION('',(0.,-1.,0.));
#12050=DIRECTION('',(1.,0.,0.));
#12051=DIRECTION('',(0.,-1.,0.));
#12052=DIRECTION('',(1.,0.,0.));
#12053=DIRECTION('',(0.,-1.,0.));
#12054=DIRECTION('',(1.,0.,0.));
#12055=DIRECTION('',(0.,-1.,0.));
#12056=DIRECTION('',(1.,0.,0.));
#12057=DIRECTION('',(0.,-1.,0.));
#12058=DIRECTION('',(1.,0.,0.));
#12059=DIRECTION('',(0.,-1.,0.));
#12060=DIRECTION('',(1.,0.,0.));
#12061=DIRECTION('',(0.,-1.,0.));
#12062=DIRECTION('',(1.,0.,0.));
#12063=DIRECTION('',(0.,-1.,0.));
#12064=DIRECTION('',(1.,0.,0.));
#12065=DIRECTION('',(0.,-1.,0.));
#12066=DIRECTION('',(1.,0.,0.));
#12067=DIRECTION('',(0.,-1.,0.));
#12068=DIRECTION('',(1.,0.,0.));
#12069=DIRECTION('',(0.,-1.,0.));
#12070=DIRECTION('',(1.,0.,0.));
#12071=DIRECTION('',(0.,-1.,0.));
#12072=DIRECTION('',(1.,0.,0.));
#12073=DIRECTION('',(0.,-1.,0.));
#12074=DIRECTION('',(1.,0.,0.));
#12075=DIRECTION('',(0.,-1.,0.));
#12076=DIRECTION('',(1.,0.,0.));
#12077=DIRECTION('',(0.,-1.,0.));
#12078=DIRECTION('',(1.,0.,0.));
#12079=DIRECTION('',(0.,-1.,0.));
#12080=DIRECTION('',(1.,0.,0.));
#12081=DIRECTION('',(0.,-1.,0.));
#12082=DIRECTION('',(1.,0.,0.));
#12083=DIRECTION('',(0.,-1.,0.));
#12084=DIRECTION('',(1.,0.,0.));
#12085=DIRECTION('',(0.,-1.,0.));
#12086=DIRECTION('',(1.,0.,0.));
#12087=DIRECTION('',(0.,-1.,0.));
#12088=DIRECTION('',(1.,0.,0.));
#12089=DIRECTION('',(0.,-1.,0.));
#12090=DIRECTION('',(1.,0.,0.));
#12091=DIRECTION('',(0.,-1.,0.));
#12092=DIRECTION('',(1.,0.,0.));
#12093=DIRECTION('',(0.,-1.,0.));
#12094=DIRECTION('',(1.,0.,0.));
#12095=DIRECTION('',(0.,-1.,0.));
#12096=DIRECTION('',(1.,0.,0.));
#12097=DIRECTION('',(0.,-1.,0.));
#12098=DIRECTION('',(1.,0.,0.));
#12099=DIRECTION('',(0.,-1.,0.));
#12100=DIRECTION('',(1.,0.,0.));
#12101=DIRECTION('',(0.,-1.,0.));
#12102=DIRECTION('',(1.,0.,0.));
#12103=DIRECTION('',(0.,-1.,0.));
#12104=DIRECTION('',(1.,0.,0.));
#12105=DIRECTION('',(0.,-1.,0.));
#12106=DIRECTION('',(1.,0.,0.));
#12107=DIRECTION('',(0.,-1.,0.));
#12108=DIRECTION('',(1.,0.,0.));
#12109=DIRECTION('',(0.,-1.,0.));
#12110=DIRECTION('',(1.,0.,0.));
#12111=DIRECTION('',(0.,-1.,0.));
#12112=DIRECTION('',(1.,0.,0.));
#12113=DIRECTION('',(0.,-1.,0.));
#12114=DIRECTION('',(1.,0.,0.));
#12115=DIRECTION('',(0.,-1.,0.));
#12116=DIRECTION('',(1.,0.,0.));
#12117=DIRECTION('',(0.,-1.,0.));
#12118=DIRECTION('',(1.,0.,0.));
#12119=DIRECTION('',(0.,-1.,0.));
#12120=DIRECTION('',(1.,0.,0.));
#12121=DIRECTION('',(0.,-1.,0.));
#12122=DIRECTION('',(1.,0.,0.));
#12123=DIRECTION('',(0.,-1.,0.));
#12124=DIRECTION('',(1.,0.,0.));
#12125=DIRECTION('',(0.,-1.,0.));
#12126=DIRECTION('',(1.,0.,0.));
#12127=DIRECTION('',(0.,-1.,0.));
#12128=DIRECTION('',(1.,0.,0.));
#12129=DIRECTION('',(0.,-1.,0.));
#12130=DIRECTION('',(1.,0.,0.));
#12131=DIRECTION('',(0.,-1.,0.));
#12132=DIRECTION('',(1.,0.,0.));
#12133=DIRECTION('',(0.,-1.,0.));
#12134=DIRECTION('',(1.,0.,0.));
#12135=DIRECTION('',(0.,-1.,0.));
#12136=DIRECTION('',(1.,0.,0.));
#12137=DIRECTION('',(0.,-1.,0.));
#12138=DIRECTION('',(1.,0.,0.));
#12139=DIRECTION('',(0.,-1.,0.));
#12140=DIRECTION('',(1.,0.,0.));
#12141=DIRECTION('',(0.,-1.,0.));
#12142=DIRECTION('',(1.,0.,0.));
#12143=DIRECTION('',(0.,-1.,0.));
#12144=DIRECTION('',(1.,0.,0.));
#12145=DIRECTION('',(0.,-1.,0.));
#12146=DIRECTION('',(1.,0.,0.));
#12147=DIRECTION('',(0.,-1.,0.));
#12148=DIRECTION('',(1.,0.,0.));
#12149=DIRECTION('',(0.,-1.,0.));
#12150=DIRECTION('',(1.,0.,0.));
#12151=DIRECTION('',(0.,-1.,0.));
#12152=DIRECTION('',(1.,0.,0.));
#12153=DIRECTION('',(0.,-1.,0.));
#12154=DIRECTION('',(1.,0.,0.));
#12155=DIRECTION('',(0.,-1.,0.));
#12156=DIRECTION('',(1.,0.,0.));
#12157=DIRECTION('',(0.,-1.,0.));
#12158=DIRECTION('',(1.,0.,0.));
#12159=DIRECTION('',(0.,-1.,0.));
#12160=DIRECTION('',(1.,0.,0.));
#12161=DIRECTION('',(0.,-1.,0.));
#12162=DIRECTION('',(1.,0.,0.));
#12163=DIRECTION('',(0.,-1.,0.));
#12164=DIRECTION('',(1.,0.,0.));
#12165=DIRECTION('',(0.,-1.,0.));
#12166=DIRECTION('',(1.,0.,0.));
#12167=DIRECTION('',(0.,-1.,0.));
#12168=DIRECTION('',(1.,0.,0.));
#12169=DIRECTION('',(0.,-1.,0.));
#12170=DIRECTION('',(1.,0.,0.));
#12171=DIRECTION('',(0.,-1.,0.));
#12172=DIRECTION('',(1.,0.,0.));
#12173=DIRECTION('',(0.,-1.,0.));
#12174=DIRECTION('',(1.,0.,0.));
#12175=DIRECTION('',(0.,-1.,0.));
#12176=DIRECTION('',(1.,0.,0.));
#12177=DIRECTION('',(0.,-1.,0.));
#12178=DIRECTION('',(1.,0.,0.));
#12179=DIRECTION('',(0.,-1.,0.));
#12180=DIRECTION('',(1.,0.,0.));
#12181=DIRECTION('',(0.,-1.,0.));
#12182=DIRECTION('',(1.,0.,0.));
#12183=DIRECTION('',(0.,-1.,0.));
#12184=DIRECTION('',(1.,0.,0.));
#12185=DIRECTION('',(0.,-1.,0.));
#12186=DIRECTION('',(1.,0.,0.));
#12187=DIRECTION('',(0.,-1.,0.));
#12188=DIRECTION('',(1.,0.,0.));
#12189=DIRECTION('',(0.,-1.,0.));
#12190=DIRECTION('',(1.,0.,0.));
#12191=DIRECTION('',(0.,-1.,0.));
#12192=DIRECTION('',(1.,0.,0.));
#12193=DIRECTION('',(0.,-1.,0.));
#12194=DIRECTION('',(1.,0.,0.));
#12195=DIRECTION('',(0.,-1.,0.));
#12196=DIRECTION('',(1.,0.,0.));
#12197=DIRECTION('',(0.,-1.,0.));
#12198=DIRECTION('',(1.,0.,0.));
#12199=DIRECTION('',(0.,-1.,0.));
#12200=DIRECTION('',(1.,0.,0.));
#12201=DIRECTION('',(0.,-1.,0.));
#12202=DIRECTION('',(1.,0.,0.));
#12203=DIRECTION('',(0.,-1.,0.));
#12204=DIRECTION('',(1.,0.,0.));
#12205=DIRECTION('',(0.,-1.,0.));
#12206=DIRECTION('',(1.,0.,0.));
#12207=DIRECTION('',(0.,-1.,0.));
#12208=DIRECTION('',(1.,0.,0.));
#12209=DIRECTION('',(0.,-1.,0.));
#12210=DIRECTION('',(1.,0.,0.));
#12211=DIRECTION('',(0.,-1.,0.));
#12212=DIRECTION('',(1.,0.,0.));
#12213=DIRECTION('',(0.,-1.,0.));
#12214=DIRECTION('',(1.,0.,0.));
#12215=DIRECTION('',(0.,-1.,0.));
#12216=DIRECTION('',(1.,0.,0.));
#12217=DIRECTION('',(0.,-1.,0.));
#12218=DIRECTION('',(1.,0.,0.));
#12219=DIRECTION('',(0.,-1.,0.));
#12220=DIRECTION('',(1.,0.,0.));
#12221=DIRECTION('',(0.,-1.,0.));
#12222=DIRECTION('',(1.,0.,0.));
#12223=DIRECTION('',(0.,-1.,0.));
#12224=DIRECTION('',(1.,0.,0.));
#12225=DIRECTION('',(0.,-1.,0.));
#12226=DIRECTION('',(1.,0.,0.));
#12227=DIRECTION('',(0.,-1.,0.));
#12228=DIRECTION('',(1.,0.,0.));
#12229=DIRECTION('',(0.,-1.,0.));
#12230=DIRECTION('',(1.,0.,0.));
#12231=DIRECTION('',(0.,-1.,0.));
#12232=DIRECTION('',(1.,0.,0.));
#12233=DIRECTION('',(0.,-1.,0.));
#12234=DIRECTION('',(1.,0.,0.));
#12235=DIRECTION('',(0.,-1.,0.));
#12236=DIRECTION('',(1.,0.,0.));
#12237=DIRECTION('',(0.,-1.,0.));
#12238=DIRECTION('',(1.,0.,0.));
#12239=DIRECTION('',(0.,-1.,0.));
#12240=DIRECTION('',(1.,0.,0.));
#12241=DIRECTION('',(0.,-1.,0.));
#12242=DIRECTION('',(1.,0.,0.));
#12243=DIRECTION('',(0.,-1.,0.));
#12244=DIRECTION('',(1.,0.,0.));
#12245=DIRECTION('',(0.,-1.,0.));
#12246=DIRECTION('',(1.,0.,0.));
#12247=DIRECTION('',(0.,-1.,0.));
#12248=DIRECTION('',(1.,0.,0.));
#12249=DIRECTION('',(0.,-1.,0.));
#12250=DIRECTION('',(1.,0.,0.));
#12251=DIRECTION('',(0.,-1.,0.));
#12252=DIRECTION('',(1.,0.,0.));
#12253=DIRECTION('',(0.,-1.,0.));
#12254=DIRECTION('',(1.,0.,0.));
#12255=DIRECTION('',(0.,-1.,0.));
#12256=DIRECTION('',(1.,0.,0.));
#12257=DIRECTION('',(0.,-1.,0.));
#12258=DIRECTION('',(1.,0.,0.));
#12259=DIRECTION('',(0.,-1.,0.));
#12260=DIRECTION('',(1.,0.,0.));
#12261=DIRECTION('',(0.,-1.,0.));
#12262=DIRECTION('',(1.,0.,0.));
#12263=DIRECTION('',(0.,-1.,0.));
#12264=DIRECTION('',(1.,0.,0.));
#12265=DIRECTION('',(0.,-1.,0.));
#12266=DIRECTION('',(1.,0.,0.));
#12267=DIRECTION('',(0.,-1.,0.));
#12268=DIRECTION('',(1.,0.,0.));
#12269=DIRECTION('',(0.,-1.,0.));
#12270=DIRECTION('',(1.,0.,0.));
#12271=DIRECTION('',(0.,-1.,0.));
#12272=DIRECTION('',(1.,0.,0.));
#12273=DIRECTION('',(0.,-1.,0.));
#12274=DIRECTION('',(1.,0.,0.));
#12275=DIRECTION('',(0.,-1.,0.));
#12276=DIRECTION('',(1.,0.,0.));
#12277=DIRECTION('',(0.,-1.,0.));
#12278=DIRECTION('',(1.,0.,0.));
#12279=DIRECTION('',(0.,-1.,0.));
#12280=DIRECTION('',(1.,0.,0.));
#12281=DIRECTION('',(0.,-1.,0.));
#12282=DIRECTION('',(1.,0.,0.));
#12283=DIRECTION('',(0.,-1.,0.));
#12284=DIRECTION('',(1.,0.,0.));
#12285=DIRECTION('',(0.,-1.,0.));
#12286=DIRECTION('',(1.,0.,0.));
#12287=DIRECTION('',(0.,-1.,0.));
#12288=DIRECTION('',(1.,0.,0.));
#12289=DIRECTION('',(0.,-1.,0.));
#12290=DIRECTION('',(1.,0.,0.));
#12291=DIRECTION('',(0.,-1.,0.));
#12292=DIRECTION('',(1.,0.,0.));
#12293=DIRECTION('',(0.,-1.,0.));
#12294=DIRECTION('',(1.,0.,0.));
#12295=DIRECTION('',(0.,-1.,0.));
#12296=DIRECTION('',(1.,0.,0.));
#12297=DIRECTION('',(0.,-1.,0.));
#12298=DIRECTION('',(1.,0.,0.));
#12299=DIRECTION('',(0.,-1.,0.));
#12300=DIRECTION('',(1.,0.,0.));
#12301=DIRECTION('',(0.,-1.,0.));
#12302=DIRECTION('',(1.,0.,0.));
#12303=DIRECTION('',(0.,-1.,0.));
#12304=DIRECTION('',(1.,0.,0.));
#12305=DIRECTION('',(0.,-1.,0.));
#12306=DIRECTION('',(1.,0.,0.));
#12307=DIRECTION('',(0.,-1.,0.));
#12308=DIRECTION('',(1.,0.,0.));
#12309=DIRECTION('',(0.,-1.,0.));
#12310=DIRECTION('',(1.,0.,0.));
#12311=DIRECTION('',(0.,-1.,0.));
#12312=DIRECTION('',(1.,0.,0.));
#12313=DIRECTION('',(0.,-1.,0.));
#12314=DIRECTION('',(1.,0.,0.));
#12315=DIRECTION('',(0.,-1.,0.));
#12316=DIRECTION('',(1.,0.,0.));
#12317=DIRECTION('',(0.,-1.,0.));
#12318=DIRECTION('',(1.,0.,0.));
#12319=DIRECTION('',(0.,-1.,0.));
#12320=DIRECTION('',(1.,0.,0.));
#12321=DIRECTION('',(0.,-1.,0.));
#12322=DIRECTION('',(1.,0.,0.));
#12323=DIRECTION('',(0.,-1.,0.));
#12324=DIRECTION('',(1.,0.,0.));
#12325=DIRECTION('',(0.,-1.,0.));
#12326=DIRECTION('',(1.,0.,0.));
#12327=DIRECTION('',(0.,-1.,0.));
#12328=DIRECTION('',(1.,0.,0.));
#12329=DIRECTION('',(0.,-1.,0.));
#12330=DIRECTION('',(1.,0.,0.));
#12331=DIRECTION('',(0.,-1.,0.));
#12332=DIRECTION('',(1.,0.,0.));
#12333=DIRECTION('',(0.,-1.,0.));
#12334=DIRECTION('',(1.,0.,0.));
#12335=DIRECTION('',(0.,-1.,0.));
#12336=DIRECTION('',(1.,0.,0.));
#12337=DIRECTION('',(0.,-1.,0.));
#12338=DIRECTION('',(1.,0.,0.));
#12339=DIRECTION('',(0.,-1.,0.));
#12340=DIRECTION('',(1.,0.,0.));
#12341=DIRECTION('',(0.,-1.,0.));
#12342=DIRECTION('',(1.,0.,0.));
#12343=DIRECTION('',(0.,-1.,0.));
#12344=DIRECTION('',(1.,0.,0.));
#12345=DIRECTION('',(0.,-1.,0.));
#12346=DIRECTION('',(1.,0.,0.));
#12347=DIRECTION('',(0.,-1.,0.));
#12348=DIRECTION('',(1.,0.,0.));
#12349=DIRECTION('',(0.,-1.,0.));
#12350=DIRECTION('',(1.,0.,0.));
#12351=DIRECTION('',(0.,-1.,0.));
#12352=DIRECTION('',(1.,0.,0.));
#12353=DIRECTION('',(0.,-1.,0.));
#12354=DIRECTION('',(1.,0.,0.));
#12355=DIRECTION('',(0.,-1.,0.));
#12356=DIRECTION('',(1.,0.,0.));
#12357=DIRECTION('',(0.,-1.,0.));
#12358=DIRECTION('',(1.,0.,0.));
#12359=DIRECTION('',(0.,0.,1.));
#12360=DIRECTION('',(1.,0.,0.));
#12361=DIRECTION('',(0.,0.,-1.));
#12362=DIRECTION('',(1.,0.,0.));
#12363=DIRECTION('',(0.,0.,-1.));
#12364=DIRECTION('',(1.,0.,0.));
#12365=DIRECTION('',(0.,0.,1.));
#12366=DIRECTION('',(0.,-1.,0.));
#12367=DIRECTION('',(0.,0.,1.));
#12368=DIRECTION('',(0.,0.,1.));
#12369=DIRECTION('',(0.,-1.,0.));
#12370=DIRECTION('',(0.,-1.,0.));
#12371=DIRECTION('',(0.,0.,-1.));
#12372=DIRECTION('',(0.,0.,1.));
#12373=DIRECTION('',(1.,0.,0.));
#12374=DIRECTION('',(1.,0.,0.));
#12375=DIRECTION('',(0.,0.,-1.));
#12376=DIRECTION('',(1.,0.,0.));
#12377=DIRECTION('',(0.,0.,1.));
#12378=DIRECTION('',(0.,0.,1.));
#12379=DIRECTION('',(0.,-1.,0.));
#12380=DIRECTION('',(0.,-1.,0.));
#12381=DIRECTION('',(0.,-1.,0.));
#12382=DIRECTION('',(0.,0.,1.));
#12383=DIRECTION('',(0.,0.,1.));
#12384=DIRECTION('',(1.,0.,0.));
#12385=DIRECTION('',(0.,0.,1.));
#12386=DIRECTION('',(0.,0.,1.));
#12387=DIRECTION('',(0.,-1.,0.));
#12388=DIRECTION('',(0.,0.,1.));
#12389=DIRECTION('',(1.,0.,0.));
#12390=DIRECTION('',(0.,-1.,0.));
#12391=DIRECTION('',(0.,0.,1.));
#12392=DIRECTION('',(1.,0.,0.));
#12393=DIRECTION('',(0.,0.,1.));
#12394=DIRECTION('',(0.,0.,1.));
#12395=DIRECTION('',(0.,-1.,0.));
#12396=DIRECTION('',(0.,0.,1.));
#12397=DIRECTION('',(1.,0.,0.));
#12398=DIRECTION('',(0.,-1.,0.));
#12399=DIRECTION('',(0.,0.,1.));
#12400=DIRECTION('',(1.,0.,0.));
#12401=DIRECTION('',(0.,0.,1.));
#12402=DIRECTION('',(0.,0.,1.));
#12403=DIRECTION('',(0.,-1.,0.));
#12404=DIRECTION('',(0.,0.,1.));
#12405=DIRECTION('',(1.,0.,0.));
#12406=DIRECTION('',(0.,-1.,0.));
#12407=DIRECTION('',(0.,0.,1.));
#12408=DIRECTION('',(1.,0.,0.));
#12409=DIRECTION('',(0.,0.,1.));
#12410=DIRECTION('',(0.,0.,1.));
#12411=DIRECTION('',(0.,-1.,0.));
#12412=DIRECTION('',(0.,0.,1.));
#12413=DIRECTION('',(1.,0.,0.));
#12414=DIRECTION('',(0.,-1.,0.));
#12415=DIRECTION('',(0.,0.,1.));
#12416=DIRECTION('',(1.,0.,0.));
#12417=DIRECTION('',(0.,0.,1.));
#12418=DIRECTION('',(0.,0.,1.));
#12419=DIRECTION('',(0.,-1.,0.));
#12420=DIRECTION('',(0.,0.,1.));
#12421=DIRECTION('',(1.,0.,0.));
#12422=DIRECTION('',(0.,-1.,0.));
#12423=DIRECTION('',(0.,0.,1.));
#12424=DIRECTION('',(1.,0.,0.));
#12425=DIRECTION('',(0.,0.,1.));
#12426=DIRECTION('',(0.,0.,1.));
#12427=DIRECTION('',(0.,-1.,0.));
#12428=DIRECTION('',(0.,0.,1.));
#12429=DIRECTION('',(1.,0.,0.));
#12430=DIRECTION('',(0.,-1.,0.));
#12431=DIRECTION('',(0.,0.,1.));
#12432=DIRECTION('',(1.,0.,0.));
#12433=DIRECTION('',(0.,0.,1.));
#12434=DIRECTION('',(0.,0.,1.));
#12435=DIRECTION('',(0.,-1.,0.));
#12436=DIRECTION('',(0.,0.,1.));
#12437=DIRECTION('',(1.,0.,0.));
#12438=DIRECTION('',(0.,-1.,0.));
#12439=DIRECTION('',(0.,0.,1.));
#12440=DIRECTION('',(1.,0.,0.));
#12441=DIRECTION('',(0.,0.,1.));
#12442=DIRECTION('',(0.,0.,1.));
#12443=DIRECTION('',(0.,-1.,0.));
#12444=DIRECTION('',(0.,0.,1.));
#12445=DIRECTION('',(1.,0.,0.));
#12446=DIRECTION('',(0.,-1.,0.));
#12447=DIRECTION('',(0.,0.,1.));
#12448=DIRECTION('',(1.,0.,0.));
#12449=DIRECTION('',(0.,0.,1.));
#12450=DIRECTION('',(0.,0.,1.));
#12451=DIRECTION('',(0.,-1.,0.));
#12452=DIRECTION('',(0.,0.,1.));
#12453=DIRECTION('',(1.,0.,0.));
#12454=DIRECTION('',(0.,-1.,0.));
#12455=DIRECTION('',(0.,0.,1.));
#12456=DIRECTION('',(1.,0.,0.));
#12457=DIRECTION('',(0.,0.,1.));
#12458=DIRECTION('',(0.,0.,1.));
#12459=DIRECTION('',(0.,-1.,0.));
#12460=DIRECTION('',(0.,0.,1.));
#12461=DIRECTION('',(1.,0.,0.));
#12462=DIRECTION('',(0.,-1.,0.));
#12463=DIRECTION('',(0.,0.,1.));
#12464=DIRECTION('',(1.,0.,0.));
#12465=DIRECTION('',(0.,0.,1.));
#12466=DIRECTION('',(0.,0.,1.));
#12467=DIRECTION('',(0.,-1.,0.));
#12468=DIRECTION('',(0.,0.,1.));
#12469=DIRECTION('',(1.,0.,0.));
#12470=DIRECTION('',(0.,-1.,0.));
#12471=DIRECTION('',(0.,0.,1.));
#12472=DIRECTION('',(1.,0.,0.));
#12473=DIRECTION('',(0.,0.,1.));
#12474=DIRECTION('',(0.,0.,1.));
#12475=DIRECTION('',(0.,-1.,0.));
#12476=DIRECTION('',(0.,0.,1.));
#12477=DIRECTION('',(1.,0.,0.));
#12478=DIRECTION('',(0.,-1.,0.));
#12479=DIRECTION('',(0.,0.,1.));
#12480=DIRECTION('',(1.,0.,0.));
#12481=DIRECTION('',(0.,0.,1.));
#12482=DIRECTION('',(0.,0.,1.));
#12483=DIRECTION('',(0.,-1.,0.));
#12484=DIRECTION('',(0.,0.,1.));
#12485=DIRECTION('',(1.,0.,0.));
#12486=DIRECTION('',(0.,-1.,0.));
#12487=DIRECTION('',(0.,0.,1.));
#12488=DIRECTION('',(1.,0.,0.));
#12489=DIRECTION('',(0.,0.,1.));
#12490=DIRECTION('',(0.,0.,1.));
#12491=DIRECTION('',(0.,-1.,0.));
#12492=DIRECTION('',(0.,0.,1.));
#12493=DIRECTION('',(1.,0.,0.));
#12494=DIRECTION('',(0.,-1.,0.));
#12495=DIRECTION('',(0.,0.,1.));
#12496=DIRECTION('',(1.,0.,0.));
#12497=DIRECTION('',(0.,0.,1.));
#12498=DIRECTION('',(0.,0.,1.));
#12499=DIRECTION('',(0.,-1.,0.));
#12500=DIRECTION('',(0.,0.,1.));
#12501=DIRECTION('',(1.,0.,0.));
#12502=DIRECTION('',(0.,-1.,0.));
#12503=DIRECTION('',(0.,0.,1.));
#12504=DIRECTION('',(1.,0.,0.));
#12505=DIRECTION('',(0.,0.,1.));
#12506=DIRECTION('',(0.,0.,1.));
#12507=DIRECTION('',(0.,-1.,0.));
#12508=DIRECTION('',(0.,0.,1.));
#12509=DIRECTION('',(1.,0.,0.));
#12510=DIRECTION('',(0.,-1.,0.));
#12511=DIRECTION('',(0.,0.,1.));
#12512=DIRECTION('',(1.,0.,0.));
#12513=DIRECTION('',(0.,0.,1.));
#12514=DIRECTION('',(0.,0.,1.));
#12515=DIRECTION('',(0.,-1.,0.));
#12516=DIRECTION('',(0.,0.,1.));
#12517=DIRECTION('',(1.,0.,0.));
#12518=DIRECTION('',(0.,-1.,0.));
#12519=DIRECTION('',(0.,0.,1.));
#12520=DIRECTION('',(1.,0.,0.));
#12521=DIRECTION('',(0.,0.,1.));
#12522=DIRECTION('',(0.,0.,1.));
#12523=DIRECTION('',(0.,-1.,0.));
#12524=DIRECTION('',(0.,0.,1.));
#12525=DIRECTION('',(1.,0.,0.));
#12526=DIRECTION('',(0.,-1.,0.));
#12527=DIRECTION('',(0.,0.,1.));
#12528=DIRECTION('',(1.,0.,0.));
#12529=DIRECTION('',(0.,0.,1.));
#12530=DIRECTION('',(0.,0.,1.));
#12531=DIRECTION('',(0.,-1.,0.));
#12532=DIRECTION('',(0.,0.,1.));
#12533=DIRECTION('',(1.,0.,0.));
#12534=DIRECTION('',(0.,-1.,0.));
#12535=DIRECTION('',(0.,0.,1.));
#12536=DIRECTION('',(1.,0.,0.));
#12537=DIRECTION('',(0.,0.,1.));
#12538=DIRECTION('',(0.,0.,1.));
#12539=DIRECTION('',(0.,-1.,0.));
#12540=DIRECTION('',(0.,0.,1.));
#12541=DIRECTION('',(1.,0.,0.));
#12542=DIRECTION('',(0.,-1.,0.));
#12543=DIRECTION('',(0.,0.,1.));
#12544=DIRECTION('',(1.,0.,0.));
#12545=DIRECTION('',(0.,0.,1.));
#12546=DIRECTION('',(0.,0.,1.));
#12547=DIRECTION('',(0.,-1.,0.));
#12548=DIRECTION('',(0.,0.,1.));
#12549=DIRECTION('',(1.,0.,0.));
#12550=DIRECTION('',(0.,-1.,0.));
#12551=DIRECTION('',(0.,0.,1.));
#12552=DIRECTION('',(1.,0.,0.));
#12553=DIRECTION('',(0.,0.,1.));
#12554=DIRECTION('',(0.,0.,1.));
#12555=DIRECTION('',(0.,-1.,0.));
#12556=DIRECTION('',(0.,0.,1.));
#12557=DIRECTION('',(1.,0.,0.));
#12558=DIRECTION('',(0.,-1.,0.));
#12559=DIRECTION('',(0.,0.,1.));
#12560=DIRECTION('',(1.,0.,0.));
#12561=DIRECTION('',(0.,0.,1.));
#12562=DIRECTION('',(0.,0.,1.));
#12563=DIRECTION('',(0.,-1.,0.));
#12564=DIRECTION('',(0.,0.,1.));
#12565=DIRECTION('',(1.,0.,0.));
#12566=DIRECTION('',(0.,-1.,0.));
#12567=DIRECTION('',(0.,0.,1.));
#12568=DIRECTION('',(1.,0.,0.));
#12569=DIRECTION('',(0.,0.,1.));
#12570=DIRECTION('',(0.,0.,1.));
#12571=DIRECTION('',(0.,-1.,0.));
#12572=DIRECTION('',(0.,0.,1.));
#12573=DIRECTION('',(1.,0.,0.));
#12574=DIRECTION('',(0.,-1.,0.));
#12575=DIRECTION('',(0.,0.,1.));
#12576=DIRECTION('',(1.,0.,0.));
#12577=DIRECTION('',(0.,0.,1.));
#12578=DIRECTION('',(0.,0.,1.));
#12579=DIRECTION('',(0.,-1.,0.));
#12580=DIRECTION('',(0.,0.,1.));
#12581=DIRECTION('',(1.,0.,0.));
#12582=DIRECTION('',(0.,-1.,0.));
#12583=DIRECTION('',(0.,0.,1.));
#12584=DIRECTION('',(1.,0.,0.));
#12585=DIRECTION('',(0.,0.,1.));
#12586=DIRECTION('',(0.,0.,1.));
#12587=DIRECTION('',(0.,-1.,0.));
#12588=DIRECTION('',(0.,0.,1.));
#12589=DIRECTION('',(1.,0.,0.));
#12590=DIRECTION('',(0.,-1.,0.));
#12591=DIRECTION('',(0.,0.,1.));
#12592=DIRECTION('',(1.,0.,0.));
#12593=DIRECTION('',(0.,0.,1.));
#12594=DIRECTION('',(0.,0.,1.));
#12595=DIRECTION('',(0.,-1.,0.));
#12596=DIRECTION('',(0.,0.,1.));
#12597=DIRECTION('',(1.,0.,0.));
#12598=DIRECTION('',(0.,-1.,0.));
#12599=DIRECTION('',(0.,0.,1.));
#12600=DIRECTION('',(1.,0.,0.));
#12601=DIRECTION('',(0.,0.,1.));
#12602=DIRECTION('',(0.,0.,1.));
#12603=DIRECTION('',(0.,-1.,0.));
#12604=DIRECTION('',(0.,0.,1.));
#12605=DIRECTION('',(1.,0.,0.));
#12606=DIRECTION('',(0.,-1.,0.));
#12607=DIRECTION('',(0.,0.,1.));
#12608=DIRECTION('',(1.,0.,0.));
#12609=DIRECTION('',(0.,0.,1.));
#12610=DIRECTION('',(0.,0.,1.));
#12611=DIRECTION('',(0.,-1.,0.));
#12612=DIRECTION('',(0.,0.,1.));
#12613=DIRECTION('',(1.,0.,0.));
#12614=DIRECTION('',(0.,-1.,0.));
#12615=DIRECTION('',(0.,0.,1.));
#12616=DIRECTION('',(1.,0.,0.));
#12617=DIRECTION('',(0.,0.,1.));
#12618=DIRECTION('',(0.,0.,1.));
#12619=DIRECTION('',(0.,-1.,0.));
#12620=DIRECTION('',(0.,0.,1.));
#12621=DIRECTION('',(1.,0.,0.));
#12622=DIRECTION('',(0.,-1.,0.));
#12623=DIRECTION('',(0.,0.,1.));
#12624=DIRECTION('',(1.,0.,0.));
#12625=DIRECTION('',(0.,0.,1.));
#12626=DIRECTION('',(0.,0.,1.));
#12627=DIRECTION('',(0.,-1.,0.));
#12628=DIRECTION('',(0.,0.,1.));
#12629=DIRECTION('',(1.,0.,0.));
#12630=DIRECTION('',(0.,-1.,0.));
#12631=DIRECTION('',(0.,0.,1.));
#12632=DIRECTION('',(1.,0.,0.));
#12633=DIRECTION('',(0.,0.,1.));
#12634=DIRECTION('',(0.,0.,1.));
#12635=DIRECTION('',(0.,-1.,0.));
#12636=DIRECTION('',(0.,0.,1.));
#12637=DIRECTION('',(1.,0.,0.));
#12638=DIRECTION('',(0.,-1.,0.));
#12639=DIRECTION('',(0.,0.,1.));
#12640=DIRECTION('',(1.,0.,0.));
#12641=DIRECTION('',(0.,0.,1.));
#12642=DIRECTION('',(0.,0.,1.));
#12643=DIRECTION('',(0.,-1.,0.));
#12644=DIRECTION('',(0.,0.,1.));
#12645=DIRECTION('',(1.,0.,0.));
#12646=DIRECTION('',(0.,-1.,0.));
#12647=DIRECTION('',(0.,0.,1.));
#12648=DIRECTION('',(1.,0.,0.));
#12649=DIRECTION('',(0.,0.,1.));
#12650=DIRECTION('',(0.,0.,1.));
#12651=DIRECTION('',(0.,-1.,0.));
#12652=DIRECTION('',(0.,0.,1.));
#12653=DIRECTION('',(1.,0.,0.));
#12654=DIRECTION('',(0.,-1.,0.));
#12655=DIRECTION('',(0.,0.,1.));
#12656=DIRECTION('',(1.,0.,0.));
#12657=DIRECTION('',(0.,0.,1.));
#12658=DIRECTION('',(0.,0.,1.));
#12659=DIRECTION('',(0.,-1.,0.));
#12660=DIRECTION('',(0.,0.,1.));
#12661=DIRECTION('',(1.,0.,0.));
#12662=DIRECTION('',(0.,-1.,0.));
#12663=DIRECTION('',(0.,0.,1.));
#12664=DIRECTION('',(1.,0.,0.));
#12665=DIRECTION('',(0.,0.,1.));
#12666=DIRECTION('',(0.,0.,1.));
#12667=DIRECTION('',(0.,-1.,0.));
#12668=DIRECTION('',(0.,0.,1.));
#12669=DIRECTION('',(1.,0.,0.));
#12670=DIRECTION('',(0.,-1.,0.));
#12671=DIRECTION('',(0.,0.,1.));
#12672=DIRECTION('',(1.,0.,0.));
#12673=DIRECTION('',(0.,0.,1.));
#12674=DIRECTION('',(0.,0.,1.));
#12675=DIRECTION('',(0.,-1.,0.));
#12676=DIRECTION('',(0.,0.,1.));
#12677=DIRECTION('',(1.,0.,0.));
#12678=DIRECTION('',(0.,-1.,0.));
#12679=DIRECTION('',(0.,0.,1.));
#12680=DIRECTION('',(1.,0.,0.));
#12681=DIRECTION('',(0.,0.,1.));
#12682=DIRECTION('',(0.,0.,1.));
#12683=DIRECTION('',(0.,-1.,0.));
#12684=DIRECTION('',(0.,0.,1.));
#12685=DIRECTION('',(1.,0.,0.));
#12686=DIRECTION('',(0.,-1.,0.));
#12687=DIRECTION('',(0.,0.,1.));
#12688=DIRECTION('',(1.,0.,0.));
#12689=DIRECTION('',(0.,0.,1.));
#12690=DIRECTION('',(0.,0.,1.));
#12691=DIRECTION('',(0.,-1.,0.));
#12692=DIRECTION('',(0.,0.,1.));
#12693=DIRECTION('',(1.,0.,0.));
#12694=DIRECTION('',(0.,-1.,0.));
#12695=DIRECTION('',(0.,0.,1.));
#12696=DIRECTION('',(1.,0.,0.));
#12697=DIRECTION('',(0.,0.,1.));
#12698=DIRECTION('',(0.,0.,1.));
#12699=DIRECTION('',(0.,-1.,0.));
#12700=DIRECTION('',(0.,0.,1.));
#12701=DIRECTION('',(1.,0.,0.));
#12702=DIRECTION('',(0.,-1.,0.));
#12703=DIRECTION('',(0.,0.,1.));
#12704=DIRECTION('',(1.,0.,0.));
#12705=DIRECTION('',(0.,0.,1.));
#12706=DIRECTION('',(0.,0.,1.));
#12707=DIRECTION('',(0.,-1.,0.));
#12708=DIRECTION('',(0.,0.,1.));
#12709=DIRECTION('',(1.,0.,0.));
#12710=DIRECTION('',(0.,-1.,0.));
#12711=DIRECTION('',(0.,0.,1.));
#12712=DIRECTION('',(1.,0.,0.));
#12713=DIRECTION('',(0.,0.,1.));
#12714=DIRECTION('',(0.,0.,1.));
#12715=DIRECTION('',(0.,-1.,0.));
#12716=DIRECTION('',(0.,0.,1.));
#12717=DIRECTION('',(1.,0.,0.));
#12718=DIRECTION('',(0.,-1.,0.));
#12719=DIRECTION('',(0.,0.,1.));
#12720=DIRECTION('',(1.,0.,0.));
#12721=DIRECTION('',(0.,0.,1.));
#12722=DIRECTION('',(0.,0.,1.));
#12723=DIRECTION('',(0.,-1.,0.));
#12724=DIRECTION('',(0.,0.,1.));
#12725=DIRECTION('',(1.,0.,0.));
#12726=DIRECTION('',(0.,-1.,0.));
#12727=DIRECTION('',(0.,0.,1.));
#12728=DIRECTION('',(1.,0.,0.));
#12729=DIRECTION('',(0.,0.,1.));
#12730=DIRECTION('',(0.,0.,1.));
#12731=DIRECTION('',(0.,-1.,0.));
#12732=DIRECTION('',(0.,0.,1.));
#12733=DIRECTION('',(1.,0.,0.));
#12734=DIRECTION('',(0.,-1.,0.));
#12735=DIRECTION('',(0.,0.,1.));
#12736=DIRECTION('',(1.,0.,0.));
#12737=DIRECTION('',(0.,0.,1.));
#12738=DIRECTION('',(0.,0.,1.));
#12739=DIRECTION('',(0.,-1.,0.));
#12740=DIRECTION('',(0.,0.,1.));
#12741=DIRECTION('',(1.,0.,0.));
#12742=DIRECTION('',(0.,-1.,0.));
#12743=DIRECTION('',(0.,0.,1.));
#12744=DIRECTION('',(1.,0.,0.));
#12745=DIRECTION('',(0.,0.,1.));
#12746=DIRECTION('',(0.,0.,1.));
#12747=DIRECTION('',(0.,-1.,0.));
#12748=DIRECTION('',(0.,0.,1.));
#12749=DIRECTION('',(1.,0.,0.));
#12750=DIRECTION('',(0.,-1.,0.));
#12751=DIRECTION('',(0.,0.,1.));
#12752=DIRECTION('',(1.,0.,0.));
#12753=DIRECTION('',(0.,0.,1.));
#12754=DIRECTION('',(0.,0.,1.));
#12755=DIRECTION('',(0.,-1.,0.));
#12756=DIRECTION('',(0.,0.,1.));
#12757=DIRECTION('',(1.,0.,0.));
#12758=DIRECTION('',(0.,-1.,0.));
#12759=DIRECTION('',(0.,0.,1.));
#12760=DIRECTION('',(1.,0.,0.));
#12761=DIRECTION('',(0.,0.,1.));
#12762=DIRECTION('',(0.,0.,1.));
#12763=DIRECTION('',(0.,-1.,0.));
#12764=DIRECTION('',(0.,0.,1.));
#12765=DIRECTION('',(1.,0.,0.));
#12766=DIRECTION('',(0.,-1.,0.));
#12767=DIRECTION('',(0.,0.,1.));
#12768=DIRECTION('',(1.,0.,0.));
#12769=DIRECTION('',(0.,0.,1.));
#12770=DIRECTION('',(0.,0.,1.));
#12771=DIRECTION('',(0.,-1.,0.));
#12772=DIRECTION('',(0.,0.,1.));
#12773=DIRECTION('',(1.,0.,0.));
#12774=DIRECTION('',(0.,-1.,0.));
#12775=DIRECTION('',(0.,0.,1.));
#12776=DIRECTION('',(1.,0.,0.));
#12777=DIRECTION('',(0.,0.,1.));
#12778=DIRECTION('',(0.,0.,1.));
#12779=DIRECTION('',(0.,-1.,0.));
#12780=DIRECTION('',(0.,0.,1.));
#12781=DIRECTION('',(1.,0.,0.));
#12782=DIRECTION('',(0.,-1.,0.));
#12783=DIRECTION('',(0.,0.,1.));
#12784=DIRECTION('',(1.,0.,0.));
#12785=DIRECTION('',(0.,0.,1.));
#12786=DIRECTION('',(0.,0.,1.));
#12787=DIRECTION('',(0.,-1.,0.));
#12788=DIRECTION('',(0.,0.,1.));
#12789=DIRECTION('',(1.,0.,0.));
#12790=DIRECTION('',(0.,-1.,0.));
#12791=DIRECTION('',(0.,0.,1.));
#12792=DIRECTION('',(1.,0.,0.));
#12793=DIRECTION('',(0.,0.,1.));
#12794=DIRECTION('',(0.,0.,1.));
#12795=DIRECTION('',(0.,-1.,0.));
#12796=DIRECTION('',(0.,0.,1.));
#12797=DIRECTION('',(1.,0.,0.));
#12798=DIRECTION('',(0.,-1.,0.));
#12799=DIRECTION('',(0.,0.,1.));
#12800=DIRECTION('',(1.,0.,0.));
#12801=DIRECTION('',(0.,0.,1.));
#12802=DIRECTION('',(0.,0.,1.));
#12803=DIRECTION('',(0.,-1.,0.));
#12804=DIRECTION('',(0.,0.,1.));
#12805=DIRECTION('',(1.,0.,0.));
#12806=DIRECTION('',(0.,-1.,0.));
#12807=DIRECTION('',(0.,0.,1.));
#12808=DIRECTION('',(1.,0.,0.));
#12809=DIRECTION('',(0.,0.,1.));
#12810=DIRECTION('',(0.,0.,1.));
#12811=DIRECTION('',(0.,-1.,0.));
#12812=DIRECTION('',(0.,0.,1.));
#12813=DIRECTION('',(1.,0.,0.));
#12814=DIRECTION('',(0.,-1.,0.));
#12815=DIRECTION('',(0.,0.,1.));
#12816=DIRECTION('',(1.,0.,0.));
#12817=DIRECTION('',(0.,0.,1.));
#12818=DIRECTION('',(0.,0.,1.));
#12819=DIRECTION('',(0.,-1.,0.));
#12820=DIRECTION('',(0.,0.,1.));
#12821=DIRECTION('',(1.,0.,0.));
#12822=DIRECTION('',(0.,-1.,0.));
#12823=DIRECTION('',(0.,0.,1.));
#12824=DIRECTION('',(1.,0.,0.));
#12825=DIRECTION('',(0.,0.,1.));
#12826=DIRECTION('',(0.,0.,1.));
#12827=DIRECTION('',(0.,-1.,0.));
#12828=DIRECTION('',(0.,0.,1.));
#12829=DIRECTION('',(1.,0.,0.));
#12830=DIRECTION('',(0.,-1.,0.));
#12831=DIRECTION('',(0.,0.,1.));
#12832=DIRECTION('',(1.,0.,0.));
#12833=DIRECTION('',(0.,0.,1.));
#12834=DIRECTION('',(0.,0.,1.));
#12835=DIRECTION('',(0.,-1.,0.));
#12836=DIRECTION('',(0.,0.,1.));
#12837=DIRECTION('',(1.,0.,0.));
#12838=DIRECTION('',(0.,-1.,0.));
#12839=DIRECTION('',(0.,0.,1.));
#12840=DIRECTION('',(1.,0.,0.));
#12841=DIRECTION('',(0.,0.,1.));
#12842=DIRECTION('',(0.,0.,1.));
#12843=DIRECTION('',(0.,-1.,0.));
#12844=DIRECTION('',(0.,0.,1.));
#12845=DIRECTION('',(1.,0.,0.));
#12846=DIRECTION('',(0.,-1.,0.));
#12847=DIRECTION('',(0.,0.,1.));
#12848=DIRECTION('',(1.,0.,0.));
#12849=DIRECTION('',(0.,0.,1.));
#12850=DIRECTION('',(0.,0.,1.));
#12851=DIRECTION('',(0.,-1.,0.));
#12852=DIRECTION('',(0.,0.,1.));
#12853=DIRECTION('',(1.,0.,0.));
#12854=DIRECTION('',(0.,-1.,0.));
#12855=DIRECTION('',(0.,0.,1.));
#12856=DIRECTION('',(1.,0.,0.));
#12857=DIRECTION('',(0.,0.,1.));
#12858=DIRECTION('',(0.,0.,1.));
#12859=DIRECTION('',(0.,-1.,0.));
#12860=DIRECTION('',(0.,0.,1.));
#12861=DIRECTION('',(1.,0.,0.));
#12862=DIRECTION('',(0.,-1.,0.));
#12863=DIRECTION('',(0.,0.,1.));
#12864=DIRECTION('',(1.,0.,0.));
#12865=DIRECTION('',(0.,0.,1.));
#12866=DIRECTION('',(0.,0.,1.));
#12867=DIRECTION('',(0.,-1.,0.));
#12868=DIRECTION('',(0.,0.,1.));
#12869=DIRECTION('',(1.,0.,0.));
#12870=DIRECTION('',(0.,-1.,0.));
#12871=DIRECTION('',(0.,0.,1.));
#12872=DIRECTION('',(1.,0.,0.));
#12873=DIRECTION('',(0.,0.,1.));
#12874=DIRECTION('',(0.,0.,1.));
#12875=DIRECTION('',(0.,-1.,0.));
#12876=DIRECTION('',(0.,0.,1.));
#12877=DIRECTION('',(1.,0.,0.));
#12878=DIRECTION('',(0.,-1.,0.));
#12879=DIRECTION('',(0.,0.,1.));
#12880=DIRECTION('',(1.,0.,0.));
#12881=DIRECTION('',(0.,0.,1.));
#12882=DIRECTION('',(0.,0.,1.));
#12883=DIRECTION('',(0.,-1.,0.));
#12884=DIRECTION('',(0.,0.,1.));
#12885=DIRECTION('',(1.,0.,0.));
#12886=DIRECTION('',(0.,-1.,0.));
#12887=DIRECTION('',(0.,0.,1.));
#12888=DIRECTION('',(1.,0.,0.));
#12889=DIRECTION('',(0.,0.,1.));
#12890=DIRECTION('',(0.,0.,1.));
#12891=DIRECTION('',(0.,-1.,0.));
#12892=DIRECTION('',(0.,0.,1.));
#12893=DIRECTION('',(1.,0.,0.));
#12894=DIRECTION('',(0.,-1.,0.));
#12895=DIRECTION('',(0.,0.,1.));
#12896=DIRECTION('',(1.,0.,0.));
#12897=DIRECTION('',(0.,0.,1.));
#12898=DIRECTION('',(0.,0.,1.));
#12899=DIRECTION('',(0.,-1.,0.));
#12900=DIRECTION('',(0.,0.,1.));
#12901=DIRECTION('',(1.,0.,0.));
#12902=DIRECTION('',(0.,-1.,0.));
#12903=DIRECTION('',(0.,0.,1.));
#12904=DIRECTION('',(1.,0.,0.));
#12905=DIRECTION('',(0.,0.,1.));
#12906=DIRECTION('',(0.,0.,1.));
#12907=DIRECTION('',(0.,-1.,0.));
#12908=DIRECTION('',(0.,0.,1.));
#12909=DIRECTION('',(1.,0.,0.));
#12910=DIRECTION('',(0.,-1.,0.));
#12911=DIRECTION('',(0.,0.,1.));
#12912=DIRECTION('',(1.,0.,0.));
#12913=DIRECTION('',(0.,0.,1.));
#12914=DIRECTION('',(0.,0.,1.));
#12915=DIRECTION('',(0.,-1.,0.));
#12916=DIRECTION('',(0.,0.,1.));
#12917=DIRECTION('',(1.,0.,0.));
#12918=DIRECTION('',(0.,-1.,0.));
#12919=DIRECTION('',(0.,0.,1.));
#12920=DIRECTION('',(1.,0.,0.));
#12921=DIRECTION('',(0.,0.,1.));
#12922=DIRECTION('',(0.,0.,1.));
#12923=DIRECTION('',(0.,-1.,0.));
#12924=DIRECTION('',(0.,0.,1.));
#12925=DIRECTION('',(1.,0.,0.));
#12926=DIRECTION('',(0.,-1.,0.));
#12927=DIRECTION('',(0.,0.,1.));
#12928=DIRECTION('',(1.,0.,0.));
#12929=DIRECTION('',(0.,0.,1.));
#12930=DIRECTION('',(0.,0.,1.));
#12931=DIRECTION('',(0.,-1.,0.));
#12932=DIRECTION('',(0.,0.,1.));
#12933=DIRECTION('',(1.,0.,0.));
#12934=DIRECTION('',(0.,-1.,0.));
#12935=DIRECTION('',(0.,0.,1.));
#12936=DIRECTION('',(1.,0.,0.));
#12937=DIRECTION('',(0.,0.,1.));
#12938=DIRECTION('',(0.,0.,1.));
#12939=DIRECTION('',(0.,-1.,0.));
#12940=DIRECTION('',(0.,0.,1.));
#12941=DIRECTION('',(1.,0.,0.));
#12942=DIRECTION('',(0.,-1.,0.));
#12943=DIRECTION('',(0.,0.,1.));
#12944=DIRECTION('',(1.,0.,0.));
#12945=DIRECTION('',(0.,0.,1.));
#12946=DIRECTION('',(0.,0.,1.));
#12947=DIRECTION('',(0.,-1.,0.));
#12948=DIRECTION('',(0.,0.,1.));
#12949=DIRECTION('',(1.,0.,0.));
#12950=DIRECTION('',(0.,-1.,0.));
#12951=DIRECTION('',(0.,0.,1.));
#12952=DIRECTION('',(1.,0.,0.));
#12953=DIRECTION('',(0.,0.,1.));
#12954=DIRECTION('',(0.,0.,1.));
#12955=DIRECTION('',(0.,-1.,0.));
#12956=DIRECTION('',(0.,0.,1.));
#12957=DIRECTION('',(1.,0.,0.));
#12958=DIRECTION('',(0.,-1.,0.));
#12959=DIRECTION('',(0.,0.,1.));
#12960=DIRECTION('',(1.,0.,0.));
#12961=DIRECTION('',(0.,0.,1.));
#12962=DIRECTION('',(0.,0.,1.));
#12963=DIRECTION('',(0.,-1.,0.));
#12964=DIRECTION('',(0.,0.,1.));
#12965=DIRECTION('',(1.,0.,0.));
#12966=DIRECTION('',(0.,-1.,0.));
#12967=DIRECTION('',(0.,0.,1.));
#12968=DIRECTION('',(1.,0.,0.));
#12969=DIRECTION('',(0.,0.,1.));
#12970=DIRECTION('',(0.,0.,1.));
#12971=DIRECTION('',(0.,-1.,0.));
#12972=DIRECTION('',(0.,0.,1.));
#12973=DIRECTION('',(1.,0.,0.));
#12974=DIRECTION('',(0.,-1.,0.));
#12975=DIRECTION('',(0.,0.,1.));
#12976=DIRECTION('',(1.,0.,0.));
#12977=DIRECTION('',(0.,0.,1.));
#12978=DIRECTION('',(0.,0.,1.));
#12979=DIRECTION('',(0.,-1.,0.));
#12980=DIRECTION('',(0.,0.,1.));
#12981=DIRECTION('',(1.,0.,0.));
#12982=DIRECTION('',(0.,-1.,0.));
#12983=DIRECTION('',(0.,0.,1.));
#12984=DIRECTION('',(1.,0.,0.));
#12985=DIRECTION('',(0.,0.,1.));
#12986=DIRECTION('',(0.,0.,1.));
#12987=DIRECTION('',(0.,-1.,0.));
#12988=DIRECTION('',(0.,0.,1.));
#12989=DIRECTION('',(1.,0.,0.));
#12990=DIRECTION('',(0.,-1.,0.));
#12991=DIRECTION('',(0.,0.,1.));
#12992=DIRECTION('',(1.,0.,0.));
#12993=DIRECTION('',(0.,0.,1.));
#12994=DIRECTION('',(0.,0.,1.));
#12995=DIRECTION('',(0.,-1.,0.));
#12996=DIRECTION('',(0.,0.,1.));
#12997=DIRECTION('',(1.,0.,0.));
#12998=DIRECTION('',(0.,-1.,0.));
#12999=DIRECTION('',(0.,0.,1.));
#13000=DIRECTION('',(1.,0.,0.));
#13001=DIRECTION('',(0.,0.,1.));
#13002=DIRECTION('',(0.,0.,1.));
#13003=DIRECTION('',(0.,-1.,0.));
#13004=DIRECTION('',(0.,0.,1.));
#13005=DIRECTION('',(1.,0.,0.));
#13006=DIRECTION('',(0.,-1.,0.));
#13007=DIRECTION('',(0.,0.,1.));
#13008=DIRECTION('',(1.,0.,0.));
#13009=DIRECTION('',(0.,0.,1.));
#13010=DIRECTION('',(0.,0.,1.));
#13011=DIRECTION('',(0.,-1.,0.));
#13012=DIRECTION('',(0.,0.,1.));
#13013=DIRECTION('',(1.,0.,0.));
#13014=DIRECTION('',(0.,-1.,0.));
#13015=DIRECTION('',(0.,0.,1.));
#13016=DIRECTION('',(1.,0.,0.));
#13017=DIRECTION('',(0.,0.,1.));
#13018=DIRECTION('',(0.,0.,1.));
#13019=DIRECTION('',(0.,-1.,0.));
#13020=DIRECTION('',(0.,0.,1.));
#13021=DIRECTION('',(1.,0.,0.));
#13022=DIRECTION('',(0.,-1.,0.));
#13023=DIRECTION('',(0.,0.,1.));
#13024=DIRECTION('',(1.,0.,0.));
#13025=DIRECTION('',(0.,0.,1.));
#13026=DIRECTION('',(0.,0.,1.));
#13027=DIRECTION('',(0.,-1.,0.));
#13028=DIRECTION('',(0.,0.,1.));
#13029=DIRECTION('',(1.,0.,0.));
#13030=DIRECTION('',(0.,-1.,0.));
#13031=DIRECTION('',(0.,0.,1.));
#13032=DIRECTION('',(1.,0.,0.));
#13033=DIRECTION('',(0.,0.,1.));
#13034=DIRECTION('',(0.,0.,1.));
#13035=DIRECTION('',(0.,-1.,0.));
#13036=DIRECTION('',(0.,0.,1.));
#13037=DIRECTION('',(1.,0.,0.));
#13038=DIRECTION('',(0.,-1.,0.));
#13039=DIRECTION('',(0.,0.,1.));
#13040=DIRECTION('',(1.,0.,0.));
#13041=DIRECTION('',(0.,0.,1.));
#13042=DIRECTION('',(0.,0.,1.));
#13043=DIRECTION('',(0.,-1.,0.));
#13044=DIRECTION('',(0.,0.,1.));
#13045=DIRECTION('',(1.,0.,0.));
#13046=DIRECTION('',(0.,-1.,0.));
#13047=DIRECTION('',(0.,0.,1.));
#13048=DIRECTION('',(1.,0.,0.));
#13049=DIRECTION('',(0.,0.,1.));
#13050=DIRECTION('',(0.,0.,1.));
#13051=DIRECTION('',(0.,-1.,0.));
#13052=DIRECTION('',(0.,0.,1.));
#13053=DIRECTION('',(1.,0.,0.));
#13054=DIRECTION('',(0.,-1.,0.));
#13055=DIRECTION('',(0.,0.,1.));
#13056=DIRECTION('',(1.,0.,0.));
#13057=DIRECTION('',(0.,0.,1.));
#13058=DIRECTION('',(0.,0.,1.));
#13059=DIRECTION('',(0.,-1.,0.));
#13060=DIRECTION('',(0.,0.,1.));
#13061=DIRECTION('',(1.,0.,0.));
#13062=DIRECTION('',(0.,-1.,0.));
#13063=DIRECTION('',(0.,0.,1.));
#13064=DIRECTION('',(1.,0.,0.));
#13065=DIRECTION('',(0.,0.,1.));
#13066=DIRECTION('',(0.,0.,1.));
#13067=DIRECTION('',(0.,-1.,0.));
#13068=DIRECTION('',(0.,0.,1.));
#13069=DIRECTION('',(1.,0.,0.));
#13070=DIRECTION('',(0.,-1.,0.));
#13071=DIRECTION('',(0.,0.,1.));
#13072=DIRECTION('',(1.,0.,0.));
#13073=DIRECTION('',(0.,0.,1.));
#13074=DIRECTION('',(0.,0.,1.));
#13075=DIRECTION('',(0.,-1.,0.));
#13076=DIRECTION('',(0.,0.,1.));
#13077=DIRECTION('',(1.,0.,0.));
#13078=DIRECTION('',(0.,-1.,0.));
#13079=DIRECTION('',(0.,0.,1.));
#13080=DIRECTION('',(1.,0.,0.));
#13081=DIRECTION('',(0.,0.,1.));
#13082=DIRECTION('',(0.,0.,1.));
#13083=DIRECTION('',(0.,-1.,0.));
#13084=DIRECTION('',(0.,0.,1.));
#13085=DIRECTION('',(1.,0.,0.));
#13086=DIRECTION('',(0.,-1.,0.));
#13087=DIRECTION('',(0.,0.,1.));
#13088=DIRECTION('',(1.,0.,0.));
#13089=DIRECTION('',(0.,0.,1.));
#13090=DIRECTION('',(0.,0.,1.));
#13091=DIRECTION('',(0.,-1.,0.));
#13092=DIRECTION('',(0.,0.,1.));
#13093=DIRECTION('',(1.,0.,0.));
#13094=DIRECTION('',(0.,-1.,0.));
#13095=DIRECTION('',(0.,0.,1.));
#13096=DIRECTION('',(1.,0.,0.));
#13097=DIRECTION('',(0.,0.,1.));
#13098=DIRECTION('',(0.,0.,1.));
#13099=DIRECTION('',(0.,-1.,0.));
#13100=DIRECTION('',(0.,0.,1.));
#13101=DIRECTION('',(1.,0.,0.));
#13102=DIRECTION('',(0.,-1.,0.));
#13103=DIRECTION('',(0.,0.,1.));
#13104=DIRECTION('',(1.,0.,0.));
#13105=DIRECTION('',(0.,0.,1.));
#13106=DIRECTION('',(0.,0.,1.));
#13107=DIRECTION('',(0.,-1.,0.));
#13108=DIRECTION('',(0.,0.,1.));
#13109=DIRECTION('',(1.,0.,0.));
#13110=DIRECTION('',(0.,-1.,0.));
#13111=DIRECTION('',(0.,0.,1.));
#13112=DIRECTION('',(1.,0.,0.));
#13113=DIRECTION('',(0.,0.,1.));
#13114=DIRECTION('',(0.,0.,1.));
#13115=DIRECTION('',(0.,-1.,0.));
#13116=DIRECTION('',(0.,0.,1.));
#13117=DIRECTION('',(1.,0.,0.));
#13118=DIRECTION('',(0.,-1.,0.));
#13119=DIRECTION('',(0.,0.,1.));
#13120=DIRECTION('',(1.,0.,0.));
#13121=DIRECTION('',(0.,0.,1.));
#13122=DIRECTION('',(0.,0.,1.));
#13123=DIRECTION('',(0.,-1.,0.));
#13124=DIRECTION('',(0.,0.,1.));
#13125=DIRECTION('',(1.,0.,0.));
#13126=DIRECTION('',(0.,-1.,0.));
#13127=DIRECTION('',(0.,0.,1.));
#13128=DIRECTION('',(1.,0.,0.));
#13129=DIRECTION('',(0.,0.,1.));
#13130=DIRECTION('',(0.,0.,1.));
#13131=DIRECTION('',(0.,-1.,0.));
#13132=DIRECTION('',(0.,0.,1.));
#13133=DIRECTION('',(1.,0.,0.));
#13134=DIRECTION('',(0.,-1.,0.));
#13135=DIRECTION('',(0.,0.,1.));
#13136=DIRECTION('',(1.,0.,0.));
#13137=DIRECTION('',(0.,0.,1.));
#13138=DIRECTION('',(0.,0.,1.));
#13139=DIRECTION('',(0.,-1.,0.));
#13140=DIRECTION('',(0.,0.,1.));
#13141=DIRECTION('',(1.,0.,0.));
#13142=DIRECTION('',(0.,-1.,0.));
#13143=DIRECTION('',(0.,0.,1.));
#13144=DIRECTION('',(1.,0.,0.));
#13145=DIRECTION('',(0.,0.,1.));
#13146=DIRECTION('',(0.,0.,1.));
#13147=DIRECTION('',(0.,-1.,0.));
#13148=DIRECTION('',(0.,0.,1.));
#13149=DIRECTION('',(1.,0.,0.));
#13150=DIRECTION('',(0.,-1.,0.));
#13151=DIRECTION('',(0.,0.,1.));
#13152=DIRECTION('',(1.,0.,0.));
#13153=DIRECTION('',(0.,0.,1.));
#13154=DIRECTION('',(0.,0.,1.));
#13155=DIRECTION('',(0.,-1.,0.));
#13156=DIRECTION('',(0.,0.,1.));
#13157=DIRECTION('',(1.,0.,0.));
#13158=DIRECTION('',(0.,-1.,0.));
#13159=DIRECTION('',(0.,0.,1.));
#13160=DIRECTION('',(1.,0.,0.));
#13161=DIRECTION('',(0.,0.,1.));
#13162=DIRECTION('',(0.,0.,1.));
#13163=DIRECTION('',(0.,-1.,0.));
#13164=DIRECTION('',(0.,0.,1.));
#13165=DIRECTION('',(1.,0.,0.));
#13166=DIRECTION('',(0.,-1.,0.));
#13167=DIRECTION('',(0.,0.,1.));
#13168=DIRECTION('',(1.,0.,0.));
#13169=DIRECTION('',(0.,0.,1.));
#13170=DIRECTION('',(0.,0.,1.));
#13171=DIRECTION('',(0.,-1.,0.));
#13172=DIRECTION('',(0.,0.,1.));
#13173=DIRECTION('',(1.,0.,0.));
#13174=DIRECTION('',(0.,-1.,0.));
#13175=DIRECTION('',(0.,0.,1.));
#13176=DIRECTION('',(1.,0.,0.));
#13177=DIRECTION('',(0.,0.,1.));
#13178=DIRECTION('',(0.,0.,1.));
#13179=DIRECTION('',(0.,-1.,0.));
#13180=DIRECTION('',(0.,0.,1.));
#13181=DIRECTION('',(1.,0.,0.));
#13182=DIRECTION('',(0.,-1.,0.));
#13183=DIRECTION('',(0.,0.,1.));
#13184=DIRECTION('',(1.,0.,0.));
#13185=DIRECTION('',(0.,0.,1.));
#13186=DIRECTION('',(0.,0.,1.));
#13187=DIRECTION('',(0.,-1.,0.));
#13188=DIRECTION('',(0.,0.,1.));
#13189=DIRECTION('',(1.,0.,0.));
#13190=DIRECTION('',(0.,-1.,0.));
#13191=DIRECTION('',(0.,0.,1.));
#13192=DIRECTION('',(1.,0.,0.));
#13193=DIRECTION('',(0.,0.,1.));
#13194=DIRECTION('',(0.,0.,1.));
#13195=DIRECTION('',(0.,-1.,0.));
#13196=DIRECTION('',(0.,0.,1.));
#13197=DIRECTION('',(1.,0.,0.));
#13198=DIRECTION('',(0.,-1.,0.));
#13199=DIRECTION('',(0.,0.,1.));
#13200=DIRECTION('',(1.,0.,0.));
#13201=DIRECTION('',(0.,0.,1.));
#13202=DIRECTION('',(0.,0.,1.));
#13203=DIRECTION('',(0.,-1.,0.));
#13204=DIRECTION('',(0.,0.,1.));
#13205=DIRECTION('',(1.,0.,0.));
#13206=DIRECTION('',(0.,-1.,0.));
#13207=DIRECTION('',(0.,0.,1.));
#13208=DIRECTION('',(1.,0.,0.));
#13209=DIRECTION('',(0.,0.,1.));
#13210=DIRECTION('',(0.,0.,1.));
#13211=DIRECTION('',(0.,-1.,0.));
#13212=DIRECTION('',(0.,0.,1.));
#13213=DIRECTION('',(1.,0.,0.));
#13214=DIRECTION('',(0.,-1.,0.));
#13215=DIRECTION('',(0.,0.,1.));
#13216=DIRECTION('',(1.,0.,0.));
#13217=DIRECTION('',(0.,0.,1.));
#13218=DIRECTION('',(0.,0.,1.));
#13219=DIRECTION('',(0.,-1.,0.));
#13220=DIRECTION('',(0.,0.,1.));
#13221=DIRECTION('',(1.,0.,0.));
#13222=DIRECTION('',(0.,-1.,0.));
#13223=DIRECTION('',(0.,0.,1.));
#13224=DIRECTION('',(1.,0.,0.));
#13225=DIRECTION('',(0.,0.,1.));
#13226=DIRECTION('',(0.,0.,1.));
#13227=DIRECTION('',(0.,-1.,0.));
#13228=DIRECTION('',(0.,0.,1.));
#13229=DIRECTION('',(1.,0.,0.));
#13230=DIRECTION('',(0.,-1.,0.));
#13231=DIRECTION('',(0.,0.,1.));
#13232=DIRECTION('',(1.,0.,0.));
#13233=DIRECTION('',(0.,0.,1.));
#13234=DIRECTION('',(0.,0.,1.));
#13235=DIRECTION('',(0.,-1.,0.));
#13236=DIRECTION('',(0.,0.,1.));
#13237=DIRECTION('',(1.,0.,0.));
#13238=DIRECTION('',(0.,-1.,0.));
#13239=DIRECTION('',(0.,0.,1.));
#13240=DIRECTION('',(1.,0.,0.));
#13241=DIRECTION('',(0.,0.,1.));
#13242=DIRECTION('',(0.,0.,1.));
#13243=DIRECTION('',(0.,-1.,0.));
#13244=DIRECTION('',(0.,0.,1.));
#13245=DIRECTION('',(1.,0.,0.));
#13246=DIRECTION('',(0.,-1.,0.));
#13247=DIRECTION('',(0.,0.,1.));
#13248=DIRECTION('',(1.,0.,0.));
#13249=DIRECTION('',(0.,0.,1.));
#13250=DIRECTION('',(0.,0.,1.));
#13251=DIRECTION('',(0.,-1.,0.));
#13252=DIRECTION('',(0.,0.,1.));
#13253=DIRECTION('',(1.,0.,0.));
#13254=DIRECTION('',(0.,-1.,0.));
#13255=DIRECTION('',(0.,0.,1.));
#13256=DIRECTION('',(1.,0.,0.));
#13257=DIRECTION('',(0.,0.,1.));
#13258=DIRECTION('',(0.,0.,1.));
#13259=DIRECTION('',(0.,-1.,0.));
#13260=DIRECTION('',(0.,0.,1.));
#13261=DIRECTION('',(1.,0.,0.));
#13262=DIRECTION('',(0.,-1.,0.));
#13263=DIRECTION('',(0.,0.,1.));
#13264=DIRECTION('',(1.,0.,0.));
#13265=DIRECTION('',(0.,0.,1.));
#13266=DIRECTION('',(0.,0.,1.));
#13267=DIRECTION('',(0.,-1.,0.));
#13268=DIRECTION('',(0.,0.,1.));
#13269=DIRECTION('',(1.,0.,0.));
#13270=DIRECTION('',(0.,-1.,0.));
#13271=DIRECTION('',(0.,0.,1.));
#13272=DIRECTION('',(1.,0.,0.));
#13273=DIRECTION('',(0.,0.,1.));
#13274=DIRECTION('',(0.,0.,1.));
#13275=DIRECTION('',(0.,-1.,0.));
#13276=DIRECTION('',(0.,0.,1.));
#13277=DIRECTION('',(1.,0.,0.));
#13278=DIRECTION('',(0.,-1.,0.));
#13279=DIRECTION('',(0.,0.,1.));
#13280=DIRECTION('',(1.,0.,0.));
#13281=DIRECTION('',(0.,0.,1.));
#13282=DIRECTION('',(0.,0.,1.));
#13283=DIRECTION('',(0.,-1.,0.));
#13284=DIRECTION('',(0.,0.,1.));
#13285=DIRECTION('',(1.,0.,0.));
#13286=DIRECTION('',(0.,-1.,0.));
#13287=DIRECTION('',(0.,0.,1.));
#13288=DIRECTION('',(1.,0.,0.));
#13289=DIRECTION('',(0.,0.,1.));
#13290=DIRECTION('',(0.,0.,1.));
#13291=DIRECTION('',(0.,-1.,0.));
#13292=DIRECTION('',(0.,0.,1.));
#13293=DIRECTION('',(1.,0.,0.));
#13294=DIRECTION('',(0.,-1.,0.));
#13295=DIRECTION('',(0.,0.,1.));
#13296=DIRECTION('',(1.,0.,0.));
#13297=DIRECTION('',(0.,0.,1.));
#13298=DIRECTION('',(0.,0.,1.));
#13299=DIRECTION('',(0.,-1.,0.));
#13300=DIRECTION('',(0.,0.,1.));
#13301=DIRECTION('',(1.,0.,0.));
#13302=DIRECTION('',(0.,-1.,0.));
#13303=DIRECTION('',(0.,0.,1.));
#13304=DIRECTION('',(1.,0.,0.));
#13305=DIRECTION('',(0.,0.,1.));
#13306=DIRECTION('',(0.,0.,1.));
#13307=DIRECTION('',(0.,-1.,0.));
#13308=DIRECTION('',(0.,0.,1.));
#13309=DIRECTION('',(1.,0.,0.));
#13310=DIRECTION('',(0.,-1.,0.));
#13311=DIRECTION('',(0.,0.,1.));
#13312=DIRECTION('',(1.,0.,0.));
#13313=DIRECTION('',(0.,0.,1.));
#13314=DIRECTION('',(0.,0.,1.));
#13315=DIRECTION('',(0.,-1.,0.));
#13316=DIRECTION('',(0.,0.,1.));
#13317=DIRECTION('',(1.,0.,0.));
#13318=DIRECTION('',(0.,-1.,0.));
#13319=DIRECTION('',(0.,0.,1.));
#13320=DIRECTION('',(1.,0.,0.));
#13321=DIRECTION('',(0.,0.,1.));
#13322=DIRECTION('',(0.,0.,1.));
#13323=DIRECTION('',(0.,-1.,0.));
#13324=DIRECTION('',(0.,0.,1.));
#13325=DIRECTION('',(1.,0.,0.));
#13326=DIRECTION('',(0.,-1.,0.));
#13327=DIRECTION('',(0.,0.,1.));
#13328=DIRECTION('',(1.,0.,0.));
#13329=DIRECTION('',(0.,0.,1.));
#13330=DIRECTION('',(0.,0.,1.));
#13331=DIRECTION('',(0.,-1.,0.));
#13332=DIRECTION('',(0.,0.,1.));
#13333=DIRECTION('',(1.,0.,0.));
#13334=DIRECTION('',(0.,-1.,0.));
#13335=DIRECTION('',(0.,0.,1.));
#13336=DIRECTION('',(1.,0.,0.));
#13337=DIRECTION('',(0.,0.,1.));
#13338=DIRECTION('',(0.,0.,1.));
#13339=DIRECTION('',(0.,-1.,0.));
#13340=DIRECTION('',(0.,0.,1.));
#13341=DIRECTION('',(1.,0.,0.));
#13342=DIRECTION('',(0.,-1.,0.));
#13343=DIRECTION('',(0.,0.,1.));
#13344=DIRECTION('',(1.,0.,0.));
#13345=DIRECTION('',(0.,0.,1.));
#13346=DIRECTION('',(0.,0.,1.));
#13347=DIRECTION('',(0.,-1.,0.));
#13348=DIRECTION('',(0.,0.,1.));
#13349=DIRECTION('',(1.,0.,0.));
#13350=DIRECTION('',(0.,-1.,0.));
#13351=DIRECTION('',(0.,0.,1.));
#13352=DIRECTION('',(1.,0.,0.));
#13353=DIRECTION('',(0.,0.,1.));
#13354=DIRECTION('',(0.,0.,1.));
#13355=DIRECTION('',(0.,-1.,0.));
#13356=DIRECTION('',(0.,0.,1.));
#13357=DIRECTION('',(1.,0.,0.));
#13358=DIRECTION('',(0.,-1.,0.));
#13359=DIRECTION('',(0.,0.,1.));
#13360=DIRECTION('',(1.,0.,0.));
#13361=DIRECTION('',(0.,0.,1.));
#13362=DIRECTION('',(0.,0.,1.));
#13363=DIRECTION('',(0.,-1.,0.));
#13364=DIRECTION('',(0.,0.,1.));
#13365=DIRECTION('',(1.,0.,0.));
#13366=DIRECTION('',(0.,-1.,0.));
#13367=DIRECTION('',(0.,0.,1.));
#13368=DIRECTION('',(1.,0.,0.));
#13369=DIRECTION('',(0.,0.,1.));
#13370=DIRECTION('',(0.,0.,1.));
#13371=DIRECTION('',(0.,-1.,0.));
#13372=DIRECTION('',(0.,0.,1.));
#13373=DIRECTION('',(1.,0.,0.));
#13374=DIRECTION('',(0.,-1.,0.));
#13375=DIRECTION('',(0.,0.,1.));
#13376=DIRECTION('',(1.,0.,0.));
#13377=DIRECTION('',(0.,0.,1.));
#13378=DIRECTION('',(0.,0.,1.));
#13379=DIRECTION('',(0.,-1.,0.));
#13380=DIRECTION('',(0.,0.,1.));
#13381=DIRECTION('',(1.,0.,0.));
#13382=DIRECTION('',(0.,-1.,0.));
#13383=DIRECTION('',(0.,0.,1.));
#13384=DIRECTION('',(1.,0.,0.));
#13385=DIRECTION('',(0.,0.,1.));
#13386=DIRECTION('',(0.,0.,1.));
#13387=DIRECTION('',(0.,-1.,0.));
#13388=DIRECTION('',(0.,0.,1.));
#13389=DIRECTION('',(1.,0.,0.));
#13390=DIRECTION('',(0.,-1.,0.));
#13391=DIRECTION('',(0.,0.,1.));
#13392=DIRECTION('',(1.,0.,0.));
#13393=DIRECTION('',(0.,0.,1.));
#13394=DIRECTION('',(0.,0.,1.));
#13395=DIRECTION('',(0.,-1.,0.));
#13396=DIRECTION('',(0.,0.,1.));
#13397=DIRECTION('',(1.,0.,0.));
#13398=DIRECTION('',(0.,-1.,0.));
#13399=DIRECTION('',(0.,0.,1.));
#13400=DIRECTION('',(1.,0.,0.));
#13401=DIRECTION('',(0.,0.,1.));
#13402=DIRECTION('',(0.,0.,1.));
#13403=DIRECTION('',(0.,-1.,0.));
#13404=DIRECTION('',(0.,0.,1.));
#13405=DIRECTION('',(1.,0.,0.));
#13406=DIRECTION('',(0.,-1.,0.));
#13407=DIRECTION('',(0.,0.,1.));
#13408=DIRECTION('',(1.,0.,0.));
#13409=DIRECTION('',(0.,0.,1.));
#13410=DIRECTION('',(1.,0.,0.));
#13411=DIRECTION('',(0.,0.,1.));
#13412=DIRECTION('',(1.,0.,0.));
#13413=DIRECTION('',(0.,0.,1.));
#13414=DIRECTION('',(1.,0.,0.));
#13415=DIRECTION('',(0.,0.,1.));
#13416=DIRECTION('',(1.,0.,0.));
#13417=DIRECTION('',(0.,0.,1.));
#13418=DIRECTION('',(1.,0.,0.));
#13419=CARTESIAN_POINT('',(0.,0.,0.));
#13420=CARTESIAN_POINT('',(-4.8394,-30.198,5.));
#13421=CARTESIAN_POINT('',(-4.8394,3.19799999999999,5.));
#13422=CARTESIAN_POINT('',(60.8394,-30.198,5.));
#13423=CARTESIAN_POINT('',(60.8394,3.19799999999999,5.));
#13424=CARTESIAN_POINT('',(0.,-13.5,5.));
#13425=CARTESIAN_POINT('',(0.,-1.5,5.));
#13426=CARTESIAN_POINT('',(0.,-25.5,5.));
#13427=CARTESIAN_POINT('',(1.7347234759768E-15,-27.,5.));
#13428=CARTESIAN_POINT('',(1.5,-27.,5.));
#13429=CARTESIAN_POINT('',(28.,-27.,5.));
#13430=CARTESIAN_POINT('',(54.5,-27.,5.));
#13431=CARTESIAN_POINT('',(56.,-27.,5.));
#13432=CARTESIAN_POINT('',(57.5,-27.,5.));
#13433=CARTESIAN_POINT('',(56.,-27.,5.));
#13434=CARTESIAN_POINT('',(56.,-25.5,5.));
#13435=CARTESIAN_POINT('',(56.,-13.5,5.));
#13436=CARTESIAN_POINT('',(56.,-1.5,5.));
#13437=CARTESIAN_POINT('',(56.,9.18485099360515E-17,5.));
#13438=CARTESIAN_POINT('',(57.5,9.18485099360515E-17,5.));
#13439=CARTESIAN_POINT('',(56.,9.18485099360515E-17,5.));
#13440=CARTESIAN_POINT('',(54.5,0.,5.));
#13441=CARTESIAN_POINT('',(28.,0.,5.));
#13442=CARTESIAN_POINT('',(1.5,0.,5.));
#13443=CARTESIAN_POINT('',(0.,9.18485099360515E-17,5.));
#13444=CARTESIAN_POINT('',(4.3,-24.,5.));
#13445=CARTESIAN_POINT('',(4.3,-22.8,5.));
#13446=CARTESIAN_POINT('',(4.3,-25.2,5.));
#13447=CARTESIAN_POINT('',(5.5,-22.8,5.));
#13448=CARTESIAN_POINT('',(6.7,-22.8,5.));
#13449=CARTESIAN_POINT('',(6.7,-24.,5.));
#13450=CARTESIAN_POINT('',(6.7,-25.2,5.));
#13451=CARTESIAN_POINT('',(5.5,-25.2,5.));
#13452=CARTESIAN_POINT('',(7.3,-9.,5.));
#13453=CARTESIAN_POINT('',(7.3,-7.8,5.));
#13454=CARTESIAN_POINT('',(7.3,-10.2,5.));
#13455=CARTESIAN_POINT('',(8.5,-7.8,5.));
#13456=CARTESIAN_POINT('',(9.7,-7.8,5.));
#13457=CARTESIAN_POINT('',(9.7,-9.,5.));
#13458=CARTESIAN_POINT('',(9.7,-10.2,5.));
#13459=CARTESIAN_POINT('',(8.5,-10.2,5.));
#13460=CARTESIAN_POINT('',(10.3,-9.,5.));
#13461=CARTESIAN_POINT('',(10.3,-7.8,5.));
#13462=CARTESIAN_POINT('',(10.3,-10.2,5.));
#13463=CARTESIAN_POINT('',(11.5,-7.8,5.));
#13464=CARTESIAN_POINT('',(12.7,-7.8,5.));
#13465=CARTESIAN_POINT('',(12.7,-9.,5.));
#13466=CARTESIAN_POINT('',(12.7,-10.2,5.));
#13467=CARTESIAN_POINT('',(11.5,-10.2,5.));
#13468=CARTESIAN_POINT('',(13.3,-9.,5.));
#13469=CARTESIAN_POINT('',(13.3,-7.8,5.));
#13470=CARTESIAN_POINT('',(13.3,-10.2,5.));
#13471=CARTESIAN_POINT('',(14.5,-7.8,5.));
#13472=CARTESIAN_POINT('',(15.7,-7.8,5.));
#13473=CARTESIAN_POINT('',(15.7,-9.,5.));
#13474=CARTESIAN_POINT('',(15.7,-10.2,5.));
#13475=CARTESIAN_POINT('',(14.5,-10.2,5.));
#13476=CARTESIAN_POINT('',(16.3,-9.,5.));
#13477=CARTESIAN_POINT('',(16.3,-7.8,5.));
#13478=CARTESIAN_POINT('',(16.3,-10.2,5.));
#13479=CARTESIAN_POINT('',(17.5,-7.8,5.));
#13480=CARTESIAN_POINT('',(18.7,-7.8,5.));
#13481=CARTESIAN_POINT('',(18.7,-9.,5.));
#13482=CARTESIAN_POINT('',(18.7,-10.2,5.));
#13483=CARTESIAN_POINT('',(17.5,-10.2,5.));
#13484=CARTESIAN_POINT('',(19.3,-9.,5.));
#13485=CARTESIAN_POINT('',(19.3,-7.8,5.));
#13486=CARTESIAN_POINT('',(19.3,-10.2,5.));
#13487=CARTESIAN_POINT('',(20.5,-7.8,5.));
#13488=CARTESIAN_POINT('',(21.7,-7.8,5.));
#13489=CARTESIAN_POINT('',(21.7,-9.,5.));
#13490=CARTESIAN_POINT('',(21.7,-10.2,5.));
#13491=CARTESIAN_POINT('',(20.5,-10.2,5.));
#13492=CARTESIAN_POINT('',(22.3,-9.,5.));
#13493=CARTESIAN_POINT('',(22.3,-7.8,5.));
#13494=CARTESIAN_POINT('',(22.3,-10.2,5.));
#13495=CARTESIAN_POINT('',(23.5,-7.8,5.));
#13496=CARTESIAN_POINT('',(24.7,-7.8,5.));
#13497=CARTESIAN_POINT('',(24.7,-9.,5.));
#13498=CARTESIAN_POINT('',(24.7,-10.2,5.));
#13499=CARTESIAN_POINT('',(23.5,-10.2,5.));
#13500=CARTESIAN_POINT('',(25.3,-9.,5.));
#13501=CARTESIAN_POINT('',(25.3,-7.8,5.));
#13502=CARTESIAN_POINT('',(25.3,-10.2,5.));
#13503=CARTESIAN_POINT('',(26.5,-7.8,5.));
#13504=CARTESIAN_POINT('',(27.7,-7.8,5.));
#13505=CARTESIAN_POINT('',(27.7,-9.,5.));
#13506=CARTESIAN_POINT('',(27.7,-10.2,5.));
#13507=CARTESIAN_POINT('',(26.5,-10.2,5.));
#13508=CARTESIAN_POINT('',(28.3,-9.,5.));
#13509=CARTESIAN_POINT('',(28.3,-7.8,5.));
#13510=CARTESIAN_POINT('',(28.3,-10.2,5.));
#13511=CARTESIAN_POINT('',(29.5,-7.8,5.));
#13512=CARTESIAN_POINT('',(30.7,-7.8,5.));
#13513=CARTESIAN_POINT('',(30.7,-9.,5.));
#13514=CARTESIAN_POINT('',(30.7,-10.2,5.));
#13515=CARTESIAN_POINT('',(29.5,-10.2,5.));
#13516=CARTESIAN_POINT('',(43.3,-9.,5.));
#13517=CARTESIAN_POINT('',(43.3,-7.8,5.));
#13518=CARTESIAN_POINT('',(43.3,-10.2,5.));
#13519=CARTESIAN_POINT('',(44.5,-7.8,5.));
#13520=CARTESIAN_POINT('',(45.7,-7.8,5.));
#13521=CARTESIAN_POINT('',(45.7,-9.,5.));
#13522=CARTESIAN_POINT('',(45.7,-10.2,5.));
#13523=CARTESIAN_POINT('',(44.5,-10.2,5.));
#13524=CARTESIAN_POINT('',(46.3,-9.,5.));
#13525=CARTESIAN_POINT('',(46.3,-7.8,5.));
#13526=CARTESIAN_POINT('',(46.3,-10.2,5.));
#13527=CARTESIAN_POINT('',(47.5,-7.8,5.));
#13528=CARTESIAN_POINT('',(48.7,-7.8,5.));
#13529=CARTESIAN_POINT('',(48.7,-9.,5.));
#13530=CARTESIAN_POINT('',(48.7,-10.2,5.));
#13531=CARTESIAN_POINT('',(47.5,-10.2,5.));
#13532=CARTESIAN_POINT('',(49.3,-9.,5.));
#13533=CARTESIAN_POINT('',(49.3,-7.8,5.));
#13534=CARTESIAN_POINT('',(49.3,-10.2,5.));
#13535=CARTESIAN_POINT('',(50.5,-7.8,5.));
#13536=CARTESIAN_POINT('',(51.7,-7.8,5.));
#13537=CARTESIAN_POINT('',(51.7,-9.,5.));
#13538=CARTESIAN_POINT('',(51.7,-10.2,5.));
#13539=CARTESIAN_POINT('',(50.5,-10.2,5.));
#13540=CARTESIAN_POINT('',(4.3,-6.,5.));
#13541=CARTESIAN_POINT('',(4.3,-4.8,5.));
#13542=CARTESIAN_POINT('',(4.3,-7.2,5.));
#13543=CARTESIAN_POINT('',(5.5,-4.8,5.));
#13544=CARTESIAN_POINT('',(6.7,-4.8,5.));
#13545=CARTESIAN_POINT('',(6.7,-6.,5.));
#13546=CARTESIAN_POINT('',(6.7,-7.2,5.));
#13547=CARTESIAN_POINT('',(5.5,-7.2,5.));
#13548=CARTESIAN_POINT('',(40.3,-9.,5.));
#13549=CARTESIAN_POINT('',(40.3,-7.8,5.));
#13550=CARTESIAN_POINT('',(40.3,-10.2,5.));
#13551=CARTESIAN_POINT('',(41.5,-7.8,5.));
#13552=CARTESIAN_POINT('',(42.7,-7.8,5.));
#13553=CARTESIAN_POINT('',(42.7,-9.,5.));
#13554=CARTESIAN_POINT('',(42.7,-10.2,5.));
#13555=CARTESIAN_POINT('',(41.5,-10.2,5.));
#13556=CARTESIAN_POINT('',(37.3,-9.,5.));
#13557=CARTESIAN_POINT('',(37.3,-7.8,5.));
#13558=CARTESIAN_POINT('',(37.3,-10.2,5.));
#13559=CARTESIAN_POINT('',(38.5,-7.8,5.));
#13560=CARTESIAN_POINT('',(39.7,-7.8,5.));
#13561=CARTESIAN_POINT('',(39.7,-9.,5.));
#13562=CARTESIAN_POINT('',(39.7,-10.2,5.));
#13563=CARTESIAN_POINT('',(38.5,-10.2,5.));
#13564=CARTESIAN_POINT('',(34.3,-9.,5.));
#13565=CARTESIAN_POINT('',(34.3,-7.8,5.));
#13566=CARTESIAN_POINT('',(34.3,-10.2,5.));
#13567=CARTESIAN_POINT('',(35.5,-7.8,5.));
#13568=CARTESIAN_POINT('',(36.7,-7.8,5.));
#13569=CARTESIAN_POINT('',(36.7,-9.,5.));
#13570=CARTESIAN_POINT('',(36.7,-10.2,5.));
#13571=CARTESIAN_POINT('',(35.5,-10.2,5.));
#13572=CARTESIAN_POINT('',(31.3,-9.,5.));
#13573=CARTESIAN_POINT('',(31.3,-7.8,5.));
#13574=CARTESIAN_POINT('',(31.3,-10.2,5.));
#13575=CARTESIAN_POINT('',(32.5,-7.8,5.));
#13576=CARTESIAN_POINT('',(33.7,-7.8,5.));
#13577=CARTESIAN_POINT('',(33.7,-9.,5.));
#13578=CARTESIAN_POINT('',(33.7,-10.2,5.));
#13579=CARTESIAN_POINT('',(32.5,-10.2,5.));
#13580=CARTESIAN_POINT('',(16.3,-12.,5.));
#13581=CARTESIAN_POINT('',(16.3,-10.8,5.));
#13582=CARTESIAN_POINT('',(16.3,-13.2,5.));
#13583=CARTESIAN_POINT('',(17.5,-10.8,5.));
#13584=CARTESIAN_POINT('',(18.7,-10.8,5.));
#13585=CARTESIAN_POINT('',(18.7,-12.,5.));
#13586=CARTESIAN_POINT('',(18.7,-13.2,5.));
#13587=CARTESIAN_POINT('',(17.5,-13.2,5.));
#13588=CARTESIAN_POINT('',(10.3,-12.,5.));
#13589=CARTESIAN_POINT('',(10.3,-10.8,5.));
#13590=CARTESIAN_POINT('',(10.3,-13.2,5.));
#13591=CARTESIAN_POINT('',(11.5,-10.8,5.));
#13592=CARTESIAN_POINT('',(12.7,-10.8,5.));
#13593=CARTESIAN_POINT('',(12.7,-12.,5.));
#13594=CARTESIAN_POINT('',(12.7,-13.2,5.));
#13595=CARTESIAN_POINT('',(11.5,-13.2,5.));
#13596=CARTESIAN_POINT('',(13.3,-12.,5.));
#13597=CARTESIAN_POINT('',(13.3,-10.8,5.));
#13598=CARTESIAN_POINT('',(13.3,-13.2,5.));
#13599=CARTESIAN_POINT('',(14.5,-10.8,5.));
#13600=CARTESIAN_POINT('',(15.7,-10.8,5.));
#13601=CARTESIAN_POINT('',(15.7,-12.,5.));
#13602=CARTESIAN_POINT('',(15.7,-13.2,5.));
#13603=CARTESIAN_POINT('',(14.5,-13.2,5.));
#13604=CARTESIAN_POINT('',(7.3,-12.,5.));
#13605=CARTESIAN_POINT('',(7.3,-10.8,5.));
#13606=CARTESIAN_POINT('',(7.3,-13.2,5.));
#13607=CARTESIAN_POINT('',(8.5,-10.8,5.));
#13608=CARTESIAN_POINT('',(9.7,-10.8,5.));
#13609=CARTESIAN_POINT('',(9.7,-12.,5.));
#13610=CARTESIAN_POINT('',(9.7,-13.2,5.));
#13611=CARTESIAN_POINT('',(8.5,-13.2,5.));
#13612=CARTESIAN_POINT('',(19.3,-12.,5.));
#13613=CARTESIAN_POINT('',(19.3,-10.8,5.));
#13614=CARTESIAN_POINT('',(19.3,-13.2,5.));
#13615=CARTESIAN_POINT('',(20.5,-10.8,5.));
#13616=CARTESIAN_POINT('',(21.7,-10.8,5.));
#13617=CARTESIAN_POINT('',(21.7,-12.,5.));
#13618=CARTESIAN_POINT('',(21.7,-13.2,5.));
#13619=CARTESIAN_POINT('',(20.5,-13.2,5.));
#13620=CARTESIAN_POINT('',(22.3,-12.,5.));
#13621=CARTESIAN_POINT('',(22.3,-10.8,5.));
#13622=CARTESIAN_POINT('',(22.3,-13.2,5.));
#13623=CARTESIAN_POINT('',(23.5,-10.8,5.));
#13624=CARTESIAN_POINT('',(24.7,-10.8,5.));
#13625=CARTESIAN_POINT('',(24.7,-12.,5.));
#13626=CARTESIAN_POINT('',(24.7,-13.2,5.));
#13627=CARTESIAN_POINT('',(23.5,-13.2,5.));
#13628=CARTESIAN_POINT('',(25.3,-12.,5.));
#13629=CARTESIAN_POINT('',(25.3,-10.8,5.));
#13630=CARTESIAN_POINT('',(25.3,-13.2,5.));
#13631=CARTESIAN_POINT('',(26.5,-10.8,5.));
#13632=CARTESIAN_POINT('',(27.7,-10.8,5.));
#13633=CARTESIAN_POINT('',(27.7,-12.,5.));
#13634=CARTESIAN_POINT('',(27.7,-13.2,5.));
#13635=CARTESIAN_POINT('',(26.5,-13.2,5.));
#13636=CARTESIAN_POINT('',(28.3,-12.,5.));
#13637=CARTESIAN_POINT('',(28.3,-10.8,5.));
#13638=CARTESIAN_POINT('',(28.3,-13.2,5.));
#13639=CARTESIAN_POINT('',(29.5,-10.8,5.));
#13640=CARTESIAN_POINT('',(30.7,-10.8,5.));
#13641=CARTESIAN_POINT('',(30.7,-12.,5.));
#13642=CARTESIAN_POINT('',(30.7,-13.2,5.));
#13643=CARTESIAN_POINT('',(29.5,-13.2,5.));
#13644=CARTESIAN_POINT('',(43.3,-12.,5.));
#13645=CARTESIAN_POINT('',(43.3,-10.8,5.));
#13646=CARTESIAN_POINT('',(43.3,-13.2,5.));
#13647=CARTESIAN_POINT('',(44.5,-10.8,5.));
#13648=CARTESIAN_POINT('',(45.7,-10.8,5.));
#13649=CARTESIAN_POINT('',(45.7,-12.,5.));
#13650=CARTESIAN_POINT('',(45.7,-13.2,5.));
#13651=CARTESIAN_POINT('',(44.5,-13.2,5.));
#13652=CARTESIAN_POINT('',(46.3,-12.,5.));
#13653=CARTESIAN_POINT('',(46.3,-10.8,5.));
#13654=CARTESIAN_POINT('',(46.3,-13.2,5.));
#13655=CARTESIAN_POINT('',(47.5,-10.8,5.));
#13656=CARTESIAN_POINT('',(48.7,-10.8,5.));
#13657=CARTESIAN_POINT('',(48.7,-12.,5.));
#13658=CARTESIAN_POINT('',(48.7,-13.2,5.));
#13659=CARTESIAN_POINT('',(47.5,-13.2,5.));
#13660=CARTESIAN_POINT('',(49.3,-12.,5.));
#13661=CARTESIAN_POINT('',(49.3,-10.8,5.));
#13662=CARTESIAN_POINT('',(49.3,-13.2,5.));
#13663=CARTESIAN_POINT('',(50.5,-10.8,5.));
#13664=CARTESIAN_POINT('',(51.7,-10.8,5.));
#13665=CARTESIAN_POINT('',(51.7,-12.,5.));
#13666=CARTESIAN_POINT('',(51.7,-13.2,5.));
#13667=CARTESIAN_POINT('',(50.5,-13.2,5.));
#13668=CARTESIAN_POINT('',(4.3,-9.,5.));
#13669=CARTESIAN_POINT('',(4.3,-7.8,5.));
#13670=CARTESIAN_POINT('',(4.3,-10.2,5.));
#13671=CARTESIAN_POINT('',(5.5,-7.8,5.));
#13672=CARTESIAN_POINT('',(6.7,-7.8,5.));
#13673=CARTESIAN_POINT('',(6.7,-9.,5.));
#13674=CARTESIAN_POINT('',(6.7,-10.2,5.));
#13675=CARTESIAN_POINT('',(5.5,-10.2,5.));
#13676=CARTESIAN_POINT('',(34.3,-12.,5.));
#13677=CARTESIAN_POINT('',(34.3,-10.8,5.));
#13678=CARTESIAN_POINT('',(34.3,-13.2,5.));
#13679=CARTESIAN_POINT('',(35.5,-10.8,5.));
#13680=CARTESIAN_POINT('',(36.7,-10.8,5.));
#13681=CARTESIAN_POINT('',(36.7,-12.,5.));
#13682=CARTESIAN_POINT('',(36.7,-13.2,5.));
#13683=CARTESIAN_POINT('',(35.5,-13.2,5.));
#13684=CARTESIAN_POINT('',(37.3,-12.,5.));
#13685=CARTESIAN_POINT('',(37.3,-10.8,5.));
#13686=CARTESIAN_POINT('',(37.3,-13.2,5.));
#13687=CARTESIAN_POINT('',(38.5,-10.8,5.));
#13688=CARTESIAN_POINT('',(39.7,-10.8,5.));
#13689=CARTESIAN_POINT('',(39.7,-12.,5.));
#13690=CARTESIAN_POINT('',(39.7,-13.2,5.));
#13691=CARTESIAN_POINT('',(38.5,-13.2,5.));
#13692=CARTESIAN_POINT('',(40.3,-12.,5.));
#13693=CARTESIAN_POINT('',(40.3,-10.8,5.));
#13694=CARTESIAN_POINT('',(40.3,-13.2,5.));
#13695=CARTESIAN_POINT('',(41.5,-10.8,5.));
#13696=CARTESIAN_POINT('',(42.7,-10.8,5.));
#13697=CARTESIAN_POINT('',(42.7,-12.,5.));
#13698=CARTESIAN_POINT('',(42.7,-13.2,5.));
#13699=CARTESIAN_POINT('',(41.5,-13.2,5.));
#13700=CARTESIAN_POINT('',(31.3,-12.,5.));
#13701=CARTESIAN_POINT('',(31.3,-10.8,5.));
#13702=CARTESIAN_POINT('',(31.3,-13.2,5.));
#13703=CARTESIAN_POINT('',(32.5,-10.8,5.));
#13704=CARTESIAN_POINT('',(33.7,-10.8,5.));
#13705=CARTESIAN_POINT('',(33.7,-12.,5.));
#13706=CARTESIAN_POINT('',(33.7,-13.2,5.));
#13707=CARTESIAN_POINT('',(32.5,-13.2,5.));
#13708=CARTESIAN_POINT('',(49.3,-3.,5.));
#13709=CARTESIAN_POINT('',(49.3,-1.8,5.));
#13710=CARTESIAN_POINT('',(49.3,-4.2,5.));
#13711=CARTESIAN_POINT('',(50.5,-1.8,5.));
#13712=CARTESIAN_POINT('',(51.7,-1.8,5.));
#13713=CARTESIAN_POINT('',(51.7,-3.,5.));
#13714=CARTESIAN_POINT('',(51.7,-4.2,5.));
#13715=CARTESIAN_POINT('',(50.5,-4.2,5.));
#13716=CARTESIAN_POINT('',(46.3,-3.,5.));
#13717=CARTESIAN_POINT('',(46.3,-1.8,5.));
#13718=CARTESIAN_POINT('',(46.3,-4.2,5.));
#13719=CARTESIAN_POINT('',(47.5,-1.8,5.));
#13720=CARTESIAN_POINT('',(48.7,-1.8,5.));
#13721=CARTESIAN_POINT('',(48.7,-3.,5.));
#13722=CARTESIAN_POINT('',(48.7,-4.2,5.));
#13723=CARTESIAN_POINT('',(47.5,-4.2,5.));
#13724=CARTESIAN_POINT('',(43.3,-3.,5.));
#13725=CARTESIAN_POINT('',(43.3,-1.8,5.));
#13726=CARTESIAN_POINT('',(43.3,-4.2,5.));
#13727=CARTESIAN_POINT('',(44.5,-1.8,5.));
#13728=CARTESIAN_POINT('',(45.7,-1.8,5.));
#13729=CARTESIAN_POINT('',(45.7,-3.,5.));
#13730=CARTESIAN_POINT('',(45.7,-4.2,5.));
#13731=CARTESIAN_POINT('',(44.5,-4.2,5.));
#13732=CARTESIAN_POINT('',(40.3,-3.,5.));
#13733=CARTESIAN_POINT('',(40.3,-1.8,5.));
#13734=CARTESIAN_POINT('',(40.3,-4.2,5.));
#13735=CARTESIAN_POINT('',(41.5,-1.8,5.));
#13736=CARTESIAN_POINT('',(42.7,-1.8,5.));
#13737=CARTESIAN_POINT('',(42.7,-3.,5.));
#13738=CARTESIAN_POINT('',(42.7,-4.2,5.));
#13739=CARTESIAN_POINT('',(41.5,-4.2,5.));
#13740=CARTESIAN_POINT('',(37.3,-3.,5.));
#13741=CARTESIAN_POINT('',(37.3,-1.8,5.));
#13742=CARTESIAN_POINT('',(37.3,-4.2,5.));
#13743=CARTESIAN_POINT('',(38.5,-1.8,5.));
#13744=CARTESIAN_POINT('',(39.7,-1.8,5.));
#13745=CARTESIAN_POINT('',(39.7,-3.,5.));
#13746=CARTESIAN_POINT('',(39.7,-4.2,5.));
#13747=CARTESIAN_POINT('',(38.5,-4.2,5.));
#13748=CARTESIAN_POINT('',(34.3,-3.,5.));
#13749=CARTESIAN_POINT('',(34.3,-1.8,5.));
#13750=CARTESIAN_POINT('',(34.3,-4.2,5.));
#13751=CARTESIAN_POINT('',(35.5,-1.8,5.));
#13752=CARTESIAN_POINT('',(36.7,-1.8,5.));
#13753=CARTESIAN_POINT('',(36.7,-3.,5.));
#13754=CARTESIAN_POINT('',(36.7,-4.2,5.));
#13755=CARTESIAN_POINT('',(35.5,-4.2,5.));
#13756=CARTESIAN_POINT('',(31.3,-3.,5.));
#13757=CARTESIAN_POINT('',(31.3,-1.8,5.));
#13758=CARTESIAN_POINT('',(31.3,-4.2,5.));
#13759=CARTESIAN_POINT('',(32.5,-1.8,5.));
#13760=CARTESIAN_POINT('',(33.7,-1.8,5.));
#13761=CARTESIAN_POINT('',(33.7,-3.,5.));
#13762=CARTESIAN_POINT('',(33.7,-4.2,5.));
#13763=CARTESIAN_POINT('',(32.5,-4.2,5.));
#13764=CARTESIAN_POINT('',(28.3,-3.,5.));
#13765=CARTESIAN_POINT('',(28.3,-1.8,5.));
#13766=CARTESIAN_POINT('',(28.3,-4.2,5.));
#13767=CARTESIAN_POINT('',(29.5,-1.8,5.));
#13768=CARTESIAN_POINT('',(30.7,-1.8,5.));
#13769=CARTESIAN_POINT('',(30.7,-3.,5.));
#13770=CARTESIAN_POINT('',(30.7,-4.2,5.));
#13771=CARTESIAN_POINT('',(29.5,-4.2,5.));
#13772=CARTESIAN_POINT('',(25.3,-3.,5.));
#13773=CARTESIAN_POINT('',(25.3,-1.8,5.));
#13774=CARTESIAN_POINT('',(25.3,-4.2,5.));
#13775=CARTESIAN_POINT('',(26.5,-1.8,5.));
#13776=CARTESIAN_POINT('',(27.7,-1.8,5.));
#13777=CARTESIAN_POINT('',(27.7,-3.,5.));
#13778=CARTESIAN_POINT('',(27.7,-4.2,5.));
#13779=CARTESIAN_POINT('',(26.5,-4.2,5.));
#13780=CARTESIAN_POINT('',(22.3,-3.,5.));
#13781=CARTESIAN_POINT('',(22.3,-1.8,5.));
#13782=CARTESIAN_POINT('',(22.3,-4.2,5.));
#13783=CARTESIAN_POINT('',(23.5,-1.8,5.));
#13784=CARTESIAN_POINT('',(24.7,-1.8,5.));
#13785=CARTESIAN_POINT('',(24.7,-3.,5.));
#13786=CARTESIAN_POINT('',(24.7,-4.2,5.));
#13787=CARTESIAN_POINT('',(23.5,-4.2,5.));
#13788=CARTESIAN_POINT('',(19.3,-3.,5.));
#13789=CARTESIAN_POINT('',(19.3,-1.8,5.));
#13790=CARTESIAN_POINT('',(19.3,-4.2,5.));
#13791=CARTESIAN_POINT('',(20.5,-1.8,5.));
#13792=CARTESIAN_POINT('',(21.7,-1.8,5.));
#13793=CARTESIAN_POINT('',(21.7,-3.,5.));
#13794=CARTESIAN_POINT('',(21.7,-4.2,5.));
#13795=CARTESIAN_POINT('',(20.5,-4.2,5.));
#13796=CARTESIAN_POINT('',(16.3,-3.,5.));
#13797=CARTESIAN_POINT('',(16.3,-1.8,5.));
#13798=CARTESIAN_POINT('',(16.3,-4.2,5.));
#13799=CARTESIAN_POINT('',(17.5,-1.8,5.));
#13800=CARTESIAN_POINT('',(18.7,-1.8,5.));
#13801=CARTESIAN_POINT('',(18.7,-3.,5.));
#13802=CARTESIAN_POINT('',(18.7,-4.2,5.));
#13803=CARTESIAN_POINT('',(17.5,-4.2,5.));
#13804=CARTESIAN_POINT('',(13.3,-3.,5.));
#13805=CARTESIAN_POINT('',(13.3,-1.8,5.));
#13806=CARTESIAN_POINT('',(13.3,-4.2,5.));
#13807=CARTESIAN_POINT('',(14.5,-1.8,5.));
#13808=CARTESIAN_POINT('',(15.7,-1.8,5.));
#13809=CARTESIAN_POINT('',(15.7,-3.,5.));
#13810=CARTESIAN_POINT('',(15.7,-4.2,5.));
#13811=CARTESIAN_POINT('',(14.5,-4.2,5.));
#13812=CARTESIAN_POINT('',(10.3,-3.,5.));
#13813=CARTESIAN_POINT('',(10.3,-1.8,5.));
#13814=CARTESIAN_POINT('',(10.3,-4.2,5.));
#13815=CARTESIAN_POINT('',(11.5,-1.8,5.));
#13816=CARTESIAN_POINT('',(12.7,-1.8,5.));
#13817=CARTESIAN_POINT('',(12.7,-3.,5.));
#13818=CARTESIAN_POINT('',(12.7,-4.2,5.));
#13819=CARTESIAN_POINT('',(11.5,-4.2,5.));
#13820=CARTESIAN_POINT('',(7.3,-3.,5.));
#13821=CARTESIAN_POINT('',(7.3,-1.8,5.));
#13822=CARTESIAN_POINT('',(7.3,-4.2,5.));
#13823=CARTESIAN_POINT('',(8.5,-1.8,5.));
#13824=CARTESIAN_POINT('',(9.7,-1.8,5.));
#13825=CARTESIAN_POINT('',(9.7,-3.,5.));
#13826=CARTESIAN_POINT('',(9.7,-4.2,5.));
#13827=CARTESIAN_POINT('',(8.5,-4.2,5.));
#13828=CARTESIAN_POINT('',(7.3,-6.,5.));
#13829=CARTESIAN_POINT('',(7.3,-4.8,5.));
#13830=CARTESIAN_POINT('',(7.3,-7.2,5.));
#13831=CARTESIAN_POINT('',(8.5,-4.8,5.));
#13832=CARTESIAN_POINT('',(9.7,-4.8,5.));
#13833=CARTESIAN_POINT('',(9.7,-6.,5.));
#13834=CARTESIAN_POINT('',(9.7,-7.2,5.));
#13835=CARTESIAN_POINT('',(8.5,-7.2,5.));
#13836=CARTESIAN_POINT('',(10.3,-6.,5.));
#13837=CARTESIAN_POINT('',(10.3,-4.8,5.));
#13838=CARTESIAN_POINT('',(10.3,-7.2,5.));
#13839=CARTESIAN_POINT('',(11.5,-4.8,5.));
#13840=CARTESIAN_POINT('',(12.7,-4.8,5.));
#13841=CARTESIAN_POINT('',(12.7,-6.,5.));
#13842=CARTESIAN_POINT('',(12.7,-7.2,5.));
#13843=CARTESIAN_POINT('',(11.5,-7.2,5.));
#13844=CARTESIAN_POINT('',(13.3,-6.,5.));
#13845=CARTESIAN_POINT('',(13.3,-4.8,5.));
#13846=CARTESIAN_POINT('',(13.3,-7.2,5.));
#13847=CARTESIAN_POINT('',(14.5,-4.8,5.));
#13848=CARTESIAN_POINT('',(15.7,-4.8,5.));
#13849=CARTESIAN_POINT('',(15.7,-6.,5.));
#13850=CARTESIAN_POINT('',(15.7,-7.2,5.));
#13851=CARTESIAN_POINT('',(14.5,-7.2,5.));
#13852=CARTESIAN_POINT('',(16.3,-6.,5.));
#13853=CARTESIAN_POINT('',(16.3,-4.8,5.));
#13854=CARTESIAN_POINT('',(16.3,-7.2,5.));
#13855=CARTESIAN_POINT('',(17.5,-4.8,5.));
#13856=CARTESIAN_POINT('',(18.7,-4.8,5.));
#13857=CARTESIAN_POINT('',(18.7,-6.,5.));
#13858=CARTESIAN_POINT('',(18.7,-7.2,5.));
#13859=CARTESIAN_POINT('',(17.5,-7.2,5.));
#13860=CARTESIAN_POINT('',(19.3,-6.,5.));
#13861=CARTESIAN_POINT('',(19.3,-4.8,5.));
#13862=CARTESIAN_POINT('',(19.3,-7.2,5.));
#13863=CARTESIAN_POINT('',(20.5,-4.8,5.));
#13864=CARTESIAN_POINT('',(21.7,-4.8,5.));
#13865=CARTESIAN_POINT('',(21.7,-6.,5.));
#13866=CARTESIAN_POINT('',(21.7,-7.2,5.));
#13867=CARTESIAN_POINT('',(20.5,-7.2,5.));
#13868=CARTESIAN_POINT('',(22.3,-6.,5.));
#13869=CARTESIAN_POINT('',(22.3,-4.8,5.));
#13870=CARTESIAN_POINT('',(22.3,-7.2,5.));
#13871=CARTESIAN_POINT('',(23.5,-4.8,5.));
#13872=CARTESIAN_POINT('',(24.7,-4.8,5.));
#13873=CARTESIAN_POINT('',(24.7,-6.,5.));
#13874=CARTESIAN_POINT('',(24.7,-7.2,5.));
#13875=CARTESIAN_POINT('',(23.5,-7.2,5.));
#13876=CARTESIAN_POINT('',(25.3,-6.,5.));
#13877=CARTESIAN_POINT('',(25.3,-4.8,5.));
#13878=CARTESIAN_POINT('',(25.3,-7.2,5.));
#13879=CARTESIAN_POINT('',(26.5,-4.8,5.));
#13880=CARTESIAN_POINT('',(27.7,-4.8,5.));
#13881=CARTESIAN_POINT('',(27.7,-6.,5.));
#13882=CARTESIAN_POINT('',(27.7,-7.2,5.));
#13883=CARTESIAN_POINT('',(26.5,-7.2,5.));
#13884=CARTESIAN_POINT('',(28.3,-6.,5.));
#13885=CARTESIAN_POINT('',(28.3,-4.8,5.));
#13886=CARTESIAN_POINT('',(28.3,-7.2,5.));
#13887=CARTESIAN_POINT('',(29.5,-4.8,5.));
#13888=CARTESIAN_POINT('',(30.7,-4.8,5.));
#13889=CARTESIAN_POINT('',(30.7,-6.,5.));
#13890=CARTESIAN_POINT('',(30.7,-7.2,5.));
#13891=CARTESIAN_POINT('',(29.5,-7.2,5.));
#13892=CARTESIAN_POINT('',(43.3,-6.,5.));
#13893=CARTESIAN_POINT('',(43.3,-4.8,5.));
#13894=CARTESIAN_POINT('',(43.3,-7.2,5.));
#13895=CARTESIAN_POINT('',(44.5,-4.8,5.));
#13896=CARTESIAN_POINT('',(45.7,-4.8,5.));
#13897=CARTESIAN_POINT('',(45.7,-6.,5.));
#13898=CARTESIAN_POINT('',(45.7,-7.2,5.));
#13899=CARTESIAN_POINT('',(44.5,-7.2,5.));
#13900=CARTESIAN_POINT('',(46.3,-6.,5.));
#13901=CARTESIAN_POINT('',(46.3,-4.8,5.));
#13902=CARTESIAN_POINT('',(46.3,-7.2,5.));
#13903=CARTESIAN_POINT('',(47.5,-4.8,5.));
#13904=CARTESIAN_POINT('',(48.7,-4.8,5.));
#13905=CARTESIAN_POINT('',(48.7,-6.,5.));
#13906=CARTESIAN_POINT('',(48.7,-7.2,5.));
#13907=CARTESIAN_POINT('',(47.5,-7.2,5.));
#13908=CARTESIAN_POINT('',(49.3,-6.,5.));
#13909=CARTESIAN_POINT('',(49.3,-4.8,5.));
#13910=CARTESIAN_POINT('',(49.3,-7.2,5.));
#13911=CARTESIAN_POINT('',(50.5,-4.8,5.));
#13912=CARTESIAN_POINT('',(51.7,-4.8,5.));
#13913=CARTESIAN_POINT('',(51.7,-6.,5.));
#13914=CARTESIAN_POINT('',(51.7,-7.2,5.));
#13915=CARTESIAN_POINT('',(50.5,-7.2,5.));
#13916=CARTESIAN_POINT('',(4.3,-3.,5.));
#13917=CARTESIAN_POINT('',(4.3,-1.8,5.));
#13918=CARTESIAN_POINT('',(4.3,-4.2,5.));
#13919=CARTESIAN_POINT('',(5.5,-1.8,5.));
#13920=CARTESIAN_POINT('',(6.7,-1.8,5.));
#13921=CARTESIAN_POINT('',(6.7,-3.,5.));
#13922=CARTESIAN_POINT('',(6.7,-4.2,5.));
#13923=CARTESIAN_POINT('',(5.5,-4.2,5.));
#13924=CARTESIAN_POINT('',(40.3,-6.,5.));
#13925=CARTESIAN_POINT('',(40.3,-4.8,5.));
#13926=CARTESIAN_POINT('',(40.3,-7.2,5.));
#13927=CARTESIAN_POINT('',(41.5,-4.8,5.));
#13928=CARTESIAN_POINT('',(42.7,-4.8,5.));
#13929=CARTESIAN_POINT('',(42.7,-6.,5.));
#13930=CARTESIAN_POINT('',(42.7,-7.2,5.));
#13931=CARTESIAN_POINT('',(41.5,-7.2,5.));
#13932=CARTESIAN_POINT('',(37.3,-6.,5.));
#13933=CARTESIAN_POINT('',(37.3,-4.8,5.));
#13934=CARTESIAN_POINT('',(37.3,-7.2,5.));
#13935=CARTESIAN_POINT('',(38.5,-4.8,5.));
#13936=CARTESIAN_POINT('',(39.7,-4.8,5.));
#13937=CARTESIAN_POINT('',(39.7,-6.,5.));
#13938=CARTESIAN_POINT('',(39.7,-7.2,5.));
#13939=CARTESIAN_POINT('',(38.5,-7.2,5.));
#13940=CARTESIAN_POINT('',(34.3,-6.,5.));
#13941=CARTESIAN_POINT('',(34.3,-4.8,5.));
#13942=CARTESIAN_POINT('',(34.3,-7.2,5.));
#13943=CARTESIAN_POINT('',(35.5,-4.8,5.));
#13944=CARTESIAN_POINT('',(36.7,-4.8,5.));
#13945=CARTESIAN_POINT('',(36.7,-6.,5.));
#13946=CARTESIAN_POINT('',(36.7,-7.2,5.));
#13947=CARTESIAN_POINT('',(35.5,-7.2,5.));
#13948=CARTESIAN_POINT('',(31.3,-6.,5.));
#13949=CARTESIAN_POINT('',(31.3,-4.8,5.));
#13950=CARTESIAN_POINT('',(31.3,-7.2,5.));
#13951=CARTESIAN_POINT('',(32.5,-4.8,5.));
#13952=CARTESIAN_POINT('',(33.7,-4.8,5.));
#13953=CARTESIAN_POINT('',(33.7,-6.,5.));
#13954=CARTESIAN_POINT('',(33.7,-7.2,5.));
#13955=CARTESIAN_POINT('',(32.5,-7.2,5.));
#13956=CARTESIAN_POINT('',(7.3,-21.,5.));
#13957=CARTESIAN_POINT('',(7.3,-19.8,5.));
#13958=CARTESIAN_POINT('',(7.3,-22.2,5.));
#13959=CARTESIAN_POINT('',(8.5,-19.8,5.));
#13960=CARTESIAN_POINT('',(9.7,-19.8,5.));
#13961=CARTESIAN_POINT('',(9.7,-21.,5.));
#13962=CARTESIAN_POINT('',(9.7,-22.2,5.));
#13963=CARTESIAN_POINT('',(8.5,-22.2,5.));
#13964=CARTESIAN_POINT('',(10.3,-21.,5.));
#13965=CARTESIAN_POINT('',(10.3,-19.8,5.));
#13966=CARTESIAN_POINT('',(10.3,-22.2,5.));
#13967=CARTESIAN_POINT('',(11.5,-19.8,5.));
#13968=CARTESIAN_POINT('',(12.7,-19.8,5.));
#13969=CARTESIAN_POINT('',(12.7,-21.,5.));
#13970=CARTESIAN_POINT('',(12.7,-22.2,5.));
#13971=CARTESIAN_POINT('',(11.5,-22.2,5.));
#13972=CARTESIAN_POINT('',(13.3,-21.,5.));
#13973=CARTESIAN_POINT('',(13.3,-19.8,5.));
#13974=CARTESIAN_POINT('',(13.3,-22.2,5.));
#13975=CARTESIAN_POINT('',(14.5,-19.8,5.));
#13976=CARTESIAN_POINT('',(15.7,-19.8,5.));
#13977=CARTESIAN_POINT('',(15.7,-21.,5.));
#13978=CARTESIAN_POINT('',(15.7,-22.2,5.));
#13979=CARTESIAN_POINT('',(14.5,-22.2,5.));
#13980=CARTESIAN_POINT('',(16.3,-21.,5.));
#13981=CARTESIAN_POINT('',(16.3,-19.8,5.));
#13982=CARTESIAN_POINT('',(16.3,-22.2,5.));
#13983=CARTESIAN_POINT('',(17.5,-19.8,5.));
#13984=CARTESIAN_POINT('',(18.7,-19.8,5.));
#13985=CARTESIAN_POINT('',(18.7,-21.,5.));
#13986=CARTESIAN_POINT('',(18.7,-22.2,5.));
#13987=CARTESIAN_POINT('',(17.5,-22.2,5.));
#13988=CARTESIAN_POINT('',(19.3,-21.,5.));
#13989=CARTESIAN_POINT('',(19.3,-19.8,5.));
#13990=CARTESIAN_POINT('',(19.3,-22.2,5.));
#13991=CARTESIAN_POINT('',(20.5,-19.8,5.));
#13992=CARTESIAN_POINT('',(21.7,-19.8,5.));
#13993=CARTESIAN_POINT('',(21.7,-21.,5.));
#13994=CARTESIAN_POINT('',(21.7,-22.2,5.));
#13995=CARTESIAN_POINT('',(20.5,-22.2,5.));
#13996=CARTESIAN_POINT('',(22.3,-21.,5.));
#13997=CARTESIAN_POINT('',(22.3,-19.8,5.));
#13998=CARTESIAN_POINT('',(22.3,-22.2,5.));
#13999=CARTESIAN_POINT('',(23.5,-19.8,5.));
#14000=CARTESIAN_POINT('',(24.7,-19.8,5.));
#14001=CARTESIAN_POINT('',(24.7,-21.,5.));
#14002=CARTESIAN_POINT('',(24.7,-22.2,5.));
#14003=CARTESIAN_POINT('',(23.5,-22.2,5.));
#14004=CARTESIAN_POINT('',(25.3,-21.,5.));
#14005=CARTESIAN_POINT('',(25.3,-19.8,5.));
#14006=CARTESIAN_POINT('',(25.3,-22.2,5.));
#14007=CARTESIAN_POINT('',(26.5,-19.8,5.));
#14008=CARTESIAN_POINT('',(27.7,-19.8,5.));
#14009=CARTESIAN_POINT('',(27.7,-21.,5.));
#14010=CARTESIAN_POINT('',(27.7,-22.2,5.));
#14011=CARTESIAN_POINT('',(26.5,-22.2,5.));
#14012=CARTESIAN_POINT('',(28.3,-21.,5.));
#14013=CARTESIAN_POINT('',(28.3,-19.8,5.));
#14014=CARTESIAN_POINT('',(28.3,-22.2,5.));
#14015=CARTESIAN_POINT('',(29.5,-19.8,5.));
#14016=CARTESIAN_POINT('',(30.7,-19.8,5.));
#14017=CARTESIAN_POINT('',(30.7,-21.,5.));
#14018=CARTESIAN_POINT('',(30.7,-22.2,5.));
#14019=CARTESIAN_POINT('',(29.5,-22.2,5.));
#14020=CARTESIAN_POINT('',(43.3,-21.,5.));
#14021=CARTESIAN_POINT('',(43.3,-19.8,5.));
#14022=CARTESIAN_POINT('',(43.3,-22.2,5.));
#14023=CARTESIAN_POINT('',(44.5,-19.8,5.));
#14024=CARTESIAN_POINT('',(45.7,-19.8,5.));
#14025=CARTESIAN_POINT('',(45.7,-21.,5.));
#14026=CARTESIAN_POINT('',(45.7,-22.2,5.));
#14027=CARTESIAN_POINT('',(44.5,-22.2,5.));
#14028=CARTESIAN_POINT('',(46.3,-21.,5.));
#14029=CARTESIAN_POINT('',(46.3,-19.8,5.));
#14030=CARTESIAN_POINT('',(46.3,-22.2,5.));
#14031=CARTESIAN_POINT('',(47.5,-19.8,5.));
#14032=CARTESIAN_POINT('',(48.7,-19.8,5.));
#14033=CARTESIAN_POINT('',(48.7,-21.,5.));
#14034=CARTESIAN_POINT('',(48.7,-22.2,5.));
#14035=CARTESIAN_POINT('',(47.5,-22.2,5.));
#14036=CARTESIAN_POINT('',(49.3,-21.,5.));
#14037=CARTESIAN_POINT('',(49.3,-19.8,5.));
#14038=CARTESIAN_POINT('',(49.3,-22.2,5.));
#14039=CARTESIAN_POINT('',(50.5,-19.8,5.));
#14040=CARTESIAN_POINT('',(51.7,-19.8,5.));
#14041=CARTESIAN_POINT('',(51.7,-21.,5.));
#14042=CARTESIAN_POINT('',(51.7,-22.2,5.));
#14043=CARTESIAN_POINT('',(50.5,-22.2,5.));
#14044=CARTESIAN_POINT('',(4.3,-18.,5.));
#14045=CARTESIAN_POINT('',(4.3,-16.8,5.));
#14046=CARTESIAN_POINT('',(4.3,-19.2,5.));
#14047=CARTESIAN_POINT('',(5.5,-16.8,5.));
#14048=CARTESIAN_POINT('',(6.7,-16.8,5.));
#14049=CARTESIAN_POINT('',(6.7,-18.,5.));
#14050=CARTESIAN_POINT('',(6.7,-19.2,5.));
#14051=CARTESIAN_POINT('',(5.5,-19.2,5.));
#14052=CARTESIAN_POINT('',(40.3,-21.,5.));
#14053=CARTESIAN_POINT('',(40.3,-19.8,5.));
#14054=CARTESIAN_POINT('',(40.3,-22.2,5.));
#14055=CARTESIAN_POINT('',(41.5,-19.8,5.));
#14056=CARTESIAN_POINT('',(42.7,-19.8,5.));
#14057=CARTESIAN_POINT('',(42.7,-21.,5.));
#14058=CARTESIAN_POINT('',(42.7,-22.2,5.));
#14059=CARTESIAN_POINT('',(41.5,-22.2,5.));
#14060=CARTESIAN_POINT('',(37.3,-21.,5.));
#14061=CARTESIAN_POINT('',(37.3,-19.8,5.));
#14062=CARTESIAN_POINT('',(37.3,-22.2,5.));
#14063=CARTESIAN_POINT('',(38.5,-19.8,5.));
#14064=CARTESIAN_POINT('',(39.7,-19.8,5.));
#14065=CARTESIAN_POINT('',(39.7,-21.,5.));
#14066=CARTESIAN_POINT('',(39.7,-22.2,5.));
#14067=CARTESIAN_POINT('',(38.5,-22.2,5.));
#14068=CARTESIAN_POINT('',(34.3,-21.,5.));
#14069=CARTESIAN_POINT('',(34.3,-19.8,5.));
#14070=CARTESIAN_POINT('',(34.3,-22.2,5.));
#14071=CARTESIAN_POINT('',(35.5,-19.8,5.));
#14072=CARTESIAN_POINT('',(36.7,-19.8,5.));
#14073=CARTESIAN_POINT('',(36.7,-21.,5.));
#14074=CARTESIAN_POINT('',(36.7,-22.2,5.));
#14075=CARTESIAN_POINT('',(35.5,-22.2,5.));
#14076=CARTESIAN_POINT('',(31.3,-21.,5.));
#14077=CARTESIAN_POINT('',(31.3,-19.8,5.));
#14078=CARTESIAN_POINT('',(31.3,-22.2,5.));
#14079=CARTESIAN_POINT('',(32.5,-19.8,5.));
#14080=CARTESIAN_POINT('',(33.7,-19.8,5.));
#14081=CARTESIAN_POINT('',(33.7,-21.,5.));
#14082=CARTESIAN_POINT('',(33.7,-22.2,5.));
#14083=CARTESIAN_POINT('',(32.5,-22.2,5.));
#14084=CARTESIAN_POINT('',(10.3,-24.,5.));
#14085=CARTESIAN_POINT('',(10.3,-22.8,5.));
#14086=CARTESIAN_POINT('',(10.3,-25.2,5.));
#14087=CARTESIAN_POINT('',(11.5,-22.8,5.));
#14088=CARTESIAN_POINT('',(12.7,-22.8,5.));
#14089=CARTESIAN_POINT('',(12.7,-24.,5.));
#14090=CARTESIAN_POINT('',(12.7,-25.2,5.));
#14091=CARTESIAN_POINT('',(11.5,-25.2,5.));
#14092=CARTESIAN_POINT('',(16.3,-24.,5.));
#14093=CARTESIAN_POINT('',(16.3,-22.8,5.));
#14094=CARTESIAN_POINT('',(16.3,-25.2,5.));
#14095=CARTESIAN_POINT('',(17.5,-22.8,5.));
#14096=CARTESIAN_POINT('',(18.7,-22.8,5.));
#14097=CARTESIAN_POINT('',(18.7,-24.,5.));
#14098=CARTESIAN_POINT('',(18.7,-25.2,5.));
#14099=CARTESIAN_POINT('',(17.5,-25.2,5.));
#14100=CARTESIAN_POINT('',(37.3,-24.,5.));
#14101=CARTESIAN_POINT('',(37.3,-22.8,5.));
#14102=CARTESIAN_POINT('',(37.3,-25.2,5.));
#14103=CARTESIAN_POINT('',(38.5,-22.8,5.));
#14104=CARTESIAN_POINT('',(39.7,-22.8,5.));
#14105=CARTESIAN_POINT('',(39.7,-24.,5.));
#14106=CARTESIAN_POINT('',(39.7,-25.2,5.));
#14107=CARTESIAN_POINT('',(38.5,-25.2,5.));
#14108=CARTESIAN_POINT('',(31.3,-24.,5.));
#14109=CARTESIAN_POINT('',(31.3,-22.8,5.));
#14110=CARTESIAN_POINT('',(31.3,-25.2,5.));
#14111=CARTESIAN_POINT('',(32.5,-22.8,5.));
#14112=CARTESIAN_POINT('',(33.7,-22.8,5.));
#14113=CARTESIAN_POINT('',(33.7,-24.,5.));
#14114=CARTESIAN_POINT('',(33.7,-25.2,5.));
#14115=CARTESIAN_POINT('',(32.5,-25.2,5.));
#14116=CARTESIAN_POINT('',(25.3,-24.,5.));
#14117=CARTESIAN_POINT('',(25.3,-22.8,5.));
#14118=CARTESIAN_POINT('',(25.3,-25.2,5.));
#14119=CARTESIAN_POINT('',(26.5,-22.8,5.));
#14120=CARTESIAN_POINT('',(27.7,-22.8,5.));
#14121=CARTESIAN_POINT('',(27.7,-24.,5.));
#14122=CARTESIAN_POINT('',(27.7,-25.2,5.));
#14123=CARTESIAN_POINT('',(26.5,-25.2,5.));
#14124=CARTESIAN_POINT('',(19.3,-24.,5.));
#14125=CARTESIAN_POINT('',(19.3,-22.8,5.));
#14126=CARTESIAN_POINT('',(19.3,-25.2,5.));
#14127=CARTESIAN_POINT('',(20.5,-22.8,5.));
#14128=CARTESIAN_POINT('',(21.7,-22.8,5.));
#14129=CARTESIAN_POINT('',(21.7,-24.,5.));
#14130=CARTESIAN_POINT('',(21.7,-25.2,5.));
#14131=CARTESIAN_POINT('',(20.5,-25.2,5.));
#14132=CARTESIAN_POINT('',(13.3,-24.,5.));
#14133=CARTESIAN_POINT('',(13.3,-22.8,5.));
#14134=CARTESIAN_POINT('',(13.3,-25.2,5.));
#14135=CARTESIAN_POINT('',(14.5,-22.8,5.));
#14136=CARTESIAN_POINT('',(15.7,-22.8,5.));
#14137=CARTESIAN_POINT('',(15.7,-24.,5.));
#14138=CARTESIAN_POINT('',(15.7,-25.2,5.));
#14139=CARTESIAN_POINT('',(14.5,-25.2,5.));
#14140=CARTESIAN_POINT('',(7.3,-24.,5.));
#14141=CARTESIAN_POINT('',(7.3,-22.8,5.));
#14142=CARTESIAN_POINT('',(7.3,-25.2,5.));
#14143=CARTESIAN_POINT('',(8.5,-22.8,5.));
#14144=CARTESIAN_POINT('',(9.7,-22.8,5.));
#14145=CARTESIAN_POINT('',(9.7,-24.,5.));
#14146=CARTESIAN_POINT('',(9.7,-25.2,5.));
#14147=CARTESIAN_POINT('',(8.5,-25.2,5.));
#14148=CARTESIAN_POINT('',(43.3,-24.,5.));
#14149=CARTESIAN_POINT('',(43.3,-22.8,5.));
#14150=CARTESIAN_POINT('',(43.3,-25.2,5.));
#14151=CARTESIAN_POINT('',(44.5,-22.8,5.));
#14152=CARTESIAN_POINT('',(45.7,-22.8,5.));
#14153=CARTESIAN_POINT('',(45.7,-24.,5.));
#14154=CARTESIAN_POINT('',(45.7,-25.2,5.));
#14155=CARTESIAN_POINT('',(44.5,-25.2,5.));
#14156=CARTESIAN_POINT('',(46.3,-24.,5.));
#14157=CARTESIAN_POINT('',(46.3,-22.8,5.));
#14158=CARTESIAN_POINT('',(46.3,-25.2,5.));
#14159=CARTESIAN_POINT('',(47.5,-22.8,5.));
#14160=CARTESIAN_POINT('',(48.7,-22.8,5.));
#14161=CARTESIAN_POINT('',(48.7,-24.,5.));
#14162=CARTESIAN_POINT('',(48.7,-25.2,5.));
#14163=CARTESIAN_POINT('',(47.5,-25.2,5.));
#14164=CARTESIAN_POINT('',(49.3,-24.,5.));
#14165=CARTESIAN_POINT('',(49.3,-22.8,5.));
#14166=CARTESIAN_POINT('',(49.3,-25.2,5.));
#14167=CARTESIAN_POINT('',(50.5,-22.8,5.));
#14168=CARTESIAN_POINT('',(51.7,-22.8,5.));
#14169=CARTESIAN_POINT('',(51.7,-24.,5.));
#14170=CARTESIAN_POINT('',(51.7,-25.2,5.));
#14171=CARTESIAN_POINT('',(50.5,-25.2,5.));
#14172=CARTESIAN_POINT('',(4.3,-21.,5.));
#14173=CARTESIAN_POINT('',(4.3,-19.8,5.));
#14174=CARTESIAN_POINT('',(4.3,-22.2,5.));
#14175=CARTESIAN_POINT('',(5.5,-19.8,5.));
#14176=CARTESIAN_POINT('',(6.7,-19.8,5.));
#14177=CARTESIAN_POINT('',(6.7,-21.,5.));
#14178=CARTESIAN_POINT('',(6.7,-22.2,5.));
#14179=CARTESIAN_POINT('',(5.5,-22.2,5.));
#14180=CARTESIAN_POINT('',(40.3,-24.,5.));
#14181=CARTESIAN_POINT('',(40.3,-22.8,5.));
#14182=CARTESIAN_POINT('',(40.3,-25.2,5.));
#14183=CARTESIAN_POINT('',(41.5,-22.8,5.));
#14184=CARTESIAN_POINT('',(42.7,-22.8,5.));
#14185=CARTESIAN_POINT('',(42.7,-24.,5.));
#14186=CARTESIAN_POINT('',(42.7,-25.2,5.));
#14187=CARTESIAN_POINT('',(41.5,-25.2,5.));
#14188=CARTESIAN_POINT('',(34.3,-24.,5.));
#14189=CARTESIAN_POINT('',(34.3,-22.8,5.));
#14190=CARTESIAN_POINT('',(34.3,-25.2,5.));
#14191=CARTESIAN_POINT('',(35.5,-22.8,5.));
#14192=CARTESIAN_POINT('',(36.7,-22.8,5.));
#14193=CARTESIAN_POINT('',(36.7,-24.,5.));
#14194=CARTESIAN_POINT('',(36.7,-25.2,5.));
#14195=CARTESIAN_POINT('',(35.5,-25.2,5.));
#14196=CARTESIAN_POINT('',(28.3,-24.,5.));
#14197=CARTESIAN_POINT('',(28.3,-22.8,5.));
#14198=CARTESIAN_POINT('',(28.3,-25.2,5.));
#14199=CARTESIAN_POINT('',(29.5,-22.8,5.));
#14200=CARTESIAN_POINT('',(30.7,-22.8,5.));
#14201=CARTESIAN_POINT('',(30.7,-24.,5.));
#14202=CARTESIAN_POINT('',(30.7,-25.2,5.));
#14203=CARTESIAN_POINT('',(29.5,-25.2,5.));
#14204=CARTESIAN_POINT('',(22.3,-24.,5.));
#14205=CARTESIAN_POINT('',(22.3,-22.8,5.));
#14206=CARTESIAN_POINT('',(22.3,-25.2,5.));
#14207=CARTESIAN_POINT('',(23.5,-22.8,5.));
#14208=CARTESIAN_POINT('',(24.7,-22.8,5.));
#14209=CARTESIAN_POINT('',(24.7,-24.,5.));
#14210=CARTESIAN_POINT('',(24.7,-25.2,5.));
#14211=CARTESIAN_POINT('',(23.5,-25.2,5.));
#14212=CARTESIAN_POINT('',(7.3,-15.,5.));
#14213=CARTESIAN_POINT('',(7.3,-13.8,5.));
#14214=CARTESIAN_POINT('',(7.3,-16.2,5.));
#14215=CARTESIAN_POINT('',(8.5,-13.8,5.));
#14216=CARTESIAN_POINT('',(9.7,-13.8,5.));
#14217=CARTESIAN_POINT('',(9.7,-15.,5.));
#14218=CARTESIAN_POINT('',(9.7,-16.2,5.));
#14219=CARTESIAN_POINT('',(8.5,-16.2,5.));
#14220=CARTESIAN_POINT('',(10.3,-15.,5.));
#14221=CARTESIAN_POINT('',(10.3,-13.8,5.));
#14222=CARTESIAN_POINT('',(10.3,-16.2,5.));
#14223=CARTESIAN_POINT('',(11.5,-13.8,5.));
#14224=CARTESIAN_POINT('',(12.7,-13.8,5.));
#14225=CARTESIAN_POINT('',(12.7,-15.,5.));
#14226=CARTESIAN_POINT('',(12.7,-16.2,5.));
#14227=CARTESIAN_POINT('',(11.5,-16.2,5.));
#14228=CARTESIAN_POINT('',(13.3,-15.,5.));
#14229=CARTESIAN_POINT('',(13.3,-13.8,5.));
#14230=CARTESIAN_POINT('',(13.3,-16.2,5.));
#14231=CARTESIAN_POINT('',(14.5,-13.8,5.));
#14232=CARTESIAN_POINT('',(15.7,-13.8,5.));
#14233=CARTESIAN_POINT('',(15.7,-15.,5.));
#14234=CARTESIAN_POINT('',(15.7,-16.2,5.));
#14235=CARTESIAN_POINT('',(14.5,-16.2,5.));
#14236=CARTESIAN_POINT('',(16.3,-15.,5.));
#14237=CARTESIAN_POINT('',(16.3,-13.8,5.));
#14238=CARTESIAN_POINT('',(16.3,-16.2,5.));
#14239=CARTESIAN_POINT('',(17.5,-13.8,5.));
#14240=CARTESIAN_POINT('',(18.7,-13.8,5.));
#14241=CARTESIAN_POINT('',(18.7,-15.,5.));
#14242=CARTESIAN_POINT('',(18.7,-16.2,5.));
#14243=CARTESIAN_POINT('',(17.5,-16.2,5.));
#14244=CARTESIAN_POINT('',(22.3,-15.,5.));
#14245=CARTESIAN_POINT('',(22.3,-13.8,5.));
#14246=CARTESIAN_POINT('',(22.3,-16.2,5.));
#14247=CARTESIAN_POINT('',(23.5,-13.8,5.));
#14248=CARTESIAN_POINT('',(24.7,-13.8,5.));
#14249=CARTESIAN_POINT('',(24.7,-15.,5.));
#14250=CARTESIAN_POINT('',(24.7,-16.2,5.));
#14251=CARTESIAN_POINT('',(23.5,-16.2,5.));
#14252=CARTESIAN_POINT('',(19.3,-15.,5.));
#14253=CARTESIAN_POINT('',(19.3,-13.8,5.));
#14254=CARTESIAN_POINT('',(19.3,-16.2,5.));
#14255=CARTESIAN_POINT('',(20.5,-13.8,5.));
#14256=CARTESIAN_POINT('',(21.7,-13.8,5.));
#14257=CARTESIAN_POINT('',(21.7,-15.,5.));
#14258=CARTESIAN_POINT('',(21.7,-16.2,5.));
#14259=CARTESIAN_POINT('',(20.5,-16.2,5.));
#14260=CARTESIAN_POINT('',(28.3,-15.,5.));
#14261=CARTESIAN_POINT('',(28.3,-13.8,5.));
#14262=CARTESIAN_POINT('',(28.3,-16.2,5.));
#14263=CARTESIAN_POINT('',(29.5,-13.8,5.));
#14264=CARTESIAN_POINT('',(30.7,-13.8,5.));
#14265=CARTESIAN_POINT('',(30.7,-15.,5.));
#14266=CARTESIAN_POINT('',(30.7,-16.2,5.));
#14267=CARTESIAN_POINT('',(29.5,-16.2,5.));
#14268=CARTESIAN_POINT('',(25.3,-15.,5.));
#14269=CARTESIAN_POINT('',(25.3,-13.8,5.));
#14270=CARTESIAN_POINT('',(25.3,-16.2,5.));
#14271=CARTESIAN_POINT('',(26.5,-13.8,5.));
#14272=CARTESIAN_POINT('',(27.7,-13.8,5.));
#14273=CARTESIAN_POINT('',(27.7,-15.,5.));
#14274=CARTESIAN_POINT('',(27.7,-16.2,5.));
#14275=CARTESIAN_POINT('',(26.5,-16.2,5.));
#14276=CARTESIAN_POINT('',(4.3,-12.,5.));
#14277=CARTESIAN_POINT('',(4.3,-10.8,5.));
#14278=CARTESIAN_POINT('',(4.3,-13.2,5.));
#14279=CARTESIAN_POINT('',(5.5,-10.8,5.));
#14280=CARTESIAN_POINT('',(6.7,-10.8,5.));
#14281=CARTESIAN_POINT('',(6.7,-12.,5.));
#14282=CARTESIAN_POINT('',(6.7,-13.2,5.));
#14283=CARTESIAN_POINT('',(5.5,-13.2,5.));
#14284=CARTESIAN_POINT('',(43.3,-15.,5.));
#14285=CARTESIAN_POINT('',(43.3,-13.8,5.));
#14286=CARTESIAN_POINT('',(43.3,-16.2,5.));
#14287=CARTESIAN_POINT('',(44.5,-13.8,5.));
#14288=CARTESIAN_POINT('',(45.7,-13.8,5.));
#14289=CARTESIAN_POINT('',(45.7,-15.,5.));
#14290=CARTESIAN_POINT('',(45.7,-16.2,5.));
#14291=CARTESIAN_POINT('',(44.5,-16.2,5.));
#14292=CARTESIAN_POINT('',(49.3,-15.,5.));
#14293=CARTESIAN_POINT('',(49.3,-13.8,5.));
#14294=CARTESIAN_POINT('',(49.3,-16.2,5.));
#14295=CARTESIAN_POINT('',(50.5,-13.8,5.));
#14296=CARTESIAN_POINT('',(51.7,-13.8,5.));
#14297=CARTESIAN_POINT('',(51.7,-15.,5.));
#14298=CARTESIAN_POINT('',(51.7,-16.2,5.));
#14299=CARTESIAN_POINT('',(50.5,-16.2,5.));
#14300=CARTESIAN_POINT('',(46.3,-15.,5.));
#14301=CARTESIAN_POINT('',(46.3,-13.8,5.));
#14302=CARTESIAN_POINT('',(46.3,-16.2,5.));
#14303=CARTESIAN_POINT('',(47.5,-13.8,5.));
#14304=CARTESIAN_POINT('',(48.7,-13.8,5.));
#14305=CARTESIAN_POINT('',(48.7,-15.,5.));
#14306=CARTESIAN_POINT('',(48.7,-16.2,5.));
#14307=CARTESIAN_POINT('',(47.5,-16.2,5.));
#14308=CARTESIAN_POINT('',(40.3,-15.,5.));
#14309=CARTESIAN_POINT('',(40.3,-13.8,5.));
#14310=CARTESIAN_POINT('',(40.3,-16.2,5.));
#14311=CARTESIAN_POINT('',(41.5,-13.8,5.));
#14312=CARTESIAN_POINT('',(42.7,-13.8,5.));
#14313=CARTESIAN_POINT('',(42.7,-15.,5.));
#14314=CARTESIAN_POINT('',(42.7,-16.2,5.));
#14315=CARTESIAN_POINT('',(41.5,-16.2,5.));
#14316=CARTESIAN_POINT('',(37.3,-15.,5.));
#14317=CARTESIAN_POINT('',(37.3,-13.8,5.));
#14318=CARTESIAN_POINT('',(37.3,-16.2,5.));
#14319=CARTESIAN_POINT('',(38.5,-13.8,5.));
#14320=CARTESIAN_POINT('',(39.7,-13.8,5.));
#14321=CARTESIAN_POINT('',(39.7,-15.,5.));
#14322=CARTESIAN_POINT('',(39.7,-16.2,5.));
#14323=CARTESIAN_POINT('',(38.5,-16.2,5.));
#14324=CARTESIAN_POINT('',(34.3,-15.,5.));
#14325=CARTESIAN_POINT('',(34.3,-13.8,5.));
#14326=CARTESIAN_POINT('',(34.3,-16.2,5.));
#14327=CARTESIAN_POINT('',(35.5,-13.8,5.));
#14328=CARTESIAN_POINT('',(36.7,-13.8,5.));
#14329=CARTESIAN_POINT('',(36.7,-15.,5.));
#14330=CARTESIAN_POINT('',(36.7,-16.2,5.));
#14331=CARTESIAN_POINT('',(35.5,-16.2,5.));
#14332=CARTESIAN_POINT('',(31.3,-15.,5.));
#14333=CARTESIAN_POINT('',(31.3,-13.8,5.));
#14334=CARTESIAN_POINT('',(31.3,-16.2,5.));
#14335=CARTESIAN_POINT('',(32.5,-13.8,5.));
#14336=CARTESIAN_POINT('',(33.7,-13.8,5.));
#14337=CARTESIAN_POINT('',(33.7,-15.,5.));
#14338=CARTESIAN_POINT('',(33.7,-16.2,5.));
#14339=CARTESIAN_POINT('',(32.5,-16.2,5.));
#14340=CARTESIAN_POINT('',(16.3,-18.,5.));
#14341=CARTESIAN_POINT('',(16.3,-16.8,5.));
#14342=CARTESIAN_POINT('',(16.3,-19.2,5.));
#14343=CARTESIAN_POINT('',(17.5,-16.8,5.));
#14344=CARTESIAN_POINT('',(18.7,-16.8,5.));
#14345=CARTESIAN_POINT('',(18.7,-18.,5.));
#14346=CARTESIAN_POINT('',(18.7,-19.2,5.));
#14347=CARTESIAN_POINT('',(17.5,-19.2,5.));
#14348=CARTESIAN_POINT('',(10.3,-18.,5.));
#14349=CARTESIAN_POINT('',(10.3,-16.8,5.));
#14350=CARTESIAN_POINT('',(10.3,-19.2,5.));
#14351=CARTESIAN_POINT('',(11.5,-16.8,5.));
#14352=CARTESIAN_POINT('',(12.7,-16.8,5.));
#14353=CARTESIAN_POINT('',(12.7,-18.,5.));
#14354=CARTESIAN_POINT('',(12.7,-19.2,5.));
#14355=CARTESIAN_POINT('',(11.5,-19.2,5.));
#14356=CARTESIAN_POINT('',(13.3,-18.,5.));
#14357=CARTESIAN_POINT('',(13.3,-16.8,5.));
#14358=CARTESIAN_POINT('',(13.3,-19.2,5.));
#14359=CARTESIAN_POINT('',(14.5,-16.8,5.));
#14360=CARTESIAN_POINT('',(15.7,-16.8,5.));
#14361=CARTESIAN_POINT('',(15.7,-18.,5.));
#14362=CARTESIAN_POINT('',(15.7,-19.2,5.));
#14363=CARTESIAN_POINT('',(14.5,-19.2,5.));
#14364=CARTESIAN_POINT('',(7.3,-18.,5.));
#14365=CARTESIAN_POINT('',(7.3,-16.8,5.));
#14366=CARTESIAN_POINT('',(7.3,-19.2,5.));
#14367=CARTESIAN_POINT('',(8.5,-16.8,5.));
#14368=CARTESIAN_POINT('',(9.7,-16.8,5.));
#14369=CARTESIAN_POINT('',(9.7,-18.,5.));
#14370=CARTESIAN_POINT('',(9.7,-19.2,5.));
#14371=CARTESIAN_POINT('',(8.5,-19.2,5.));
#14372=CARTESIAN_POINT('',(19.3,-18.,5.));
#14373=CARTESIAN_POINT('',(19.3,-16.8,5.));
#14374=CARTESIAN_POINT('',(19.3,-19.2,5.));
#14375=CARTESIAN_POINT('',(20.5,-16.8,5.));
#14376=CARTESIAN_POINT('',(21.7,-16.8,5.));
#14377=CARTESIAN_POINT('',(21.7,-18.,5.));
#14378=CARTESIAN_POINT('',(21.7,-19.2,5.));
#14379=CARTESIAN_POINT('',(20.5,-19.2,5.));
#14380=CARTESIAN_POINT('',(22.3,-18.,5.));
#14381=CARTESIAN_POINT('',(22.3,-16.8,5.));
#14382=CARTESIAN_POINT('',(22.3,-19.2,5.));
#14383=CARTESIAN_POINT('',(23.5,-16.8,5.));
#14384=CARTESIAN_POINT('',(24.7,-16.8,5.));
#14385=CARTESIAN_POINT('',(24.7,-18.,5.));
#14386=CARTESIAN_POINT('',(24.7,-19.2,5.));
#14387=CARTESIAN_POINT('',(23.5,-19.2,5.));
#14388=CARTESIAN_POINT('',(28.3,-18.,5.));
#14389=CARTESIAN_POINT('',(28.3,-16.8,5.));
#14390=CARTESIAN_POINT('',(28.3,-19.2,5.));
#14391=CARTESIAN_POINT('',(29.5,-16.8,5.));
#14392=CARTESIAN_POINT('',(30.7,-16.8,5.));
#14393=CARTESIAN_POINT('',(30.7,-18.,5.));
#14394=CARTESIAN_POINT('',(30.7,-19.2,5.));
#14395=CARTESIAN_POINT('',(29.5,-19.2,5.));
#14396=CARTESIAN_POINT('',(25.3,-18.,5.));
#14397=CARTESIAN_POINT('',(25.3,-16.8,5.));
#14398=CARTESIAN_POINT('',(25.3,-19.2,5.));
#14399=CARTESIAN_POINT('',(26.5,-16.8,5.));
#14400=CARTESIAN_POINT('',(27.7,-16.8,5.));
#14401=CARTESIAN_POINT('',(27.7,-18.,5.));
#14402=CARTESIAN_POINT('',(27.7,-19.2,5.));
#14403=CARTESIAN_POINT('',(26.5,-19.2,5.));
#14404=CARTESIAN_POINT('',(43.3,-18.,5.));
#14405=CARTESIAN_POINT('',(43.3,-16.8,5.));
#14406=CARTESIAN_POINT('',(43.3,-19.2,5.));
#14407=CARTESIAN_POINT('',(44.5,-16.8,5.));
#14408=CARTESIAN_POINT('',(45.7,-16.8,5.));
#14409=CARTESIAN_POINT('',(45.7,-18.,5.));
#14410=CARTESIAN_POINT('',(45.7,-19.2,5.));
#14411=CARTESIAN_POINT('',(44.5,-19.2,5.));
#14412=CARTESIAN_POINT('',(46.3,-18.,5.));
#14413=CARTESIAN_POINT('',(46.3,-16.8,5.));
#14414=CARTESIAN_POINT('',(46.3,-19.2,5.));
#14415=CARTESIAN_POINT('',(47.5,-16.8,5.));
#14416=CARTESIAN_POINT('',(48.7,-16.8,5.));
#14417=CARTESIAN_POINT('',(48.7,-18.,5.));
#14418=CARTESIAN_POINT('',(48.7,-19.2,5.));
#14419=CARTESIAN_POINT('',(47.5,-19.2,5.));
#14420=CARTESIAN_POINT('',(49.3,-18.,5.));
#14421=CARTESIAN_POINT('',(49.3,-16.8,5.));
#14422=CARTESIAN_POINT('',(49.3,-19.2,5.));
#14423=CARTESIAN_POINT('',(50.5,-16.8,5.));
#14424=CARTESIAN_POINT('',(51.7,-16.8,5.));
#14425=CARTESIAN_POINT('',(51.7,-18.,5.));
#14426=CARTESIAN_POINT('',(51.7,-19.2,5.));
#14427=CARTESIAN_POINT('',(50.5,-19.2,5.));
#14428=CARTESIAN_POINT('',(4.3,-15.,5.));
#14429=CARTESIAN_POINT('',(4.3,-13.8,5.));
#14430=CARTESIAN_POINT('',(4.3,-16.2,5.));
#14431=CARTESIAN_POINT('',(5.5,-13.8,5.));
#14432=CARTESIAN_POINT('',(6.7,-13.8,5.));
#14433=CARTESIAN_POINT('',(6.7,-15.,5.));
#14434=CARTESIAN_POINT('',(6.7,-16.2,5.));
#14435=CARTESIAN_POINT('',(5.5,-16.2,5.));
#14436=CARTESIAN_POINT('',(40.3,-18.,5.));
#14437=CARTESIAN_POINT('',(40.3,-16.8,5.));
#14438=CARTESIAN_POINT('',(40.3,-19.2,5.));
#14439=CARTESIAN_POINT('',(41.5,-16.8,5.));
#14440=CARTESIAN_POINT('',(42.7,-16.8,5.));
#14441=CARTESIAN_POINT('',(42.7,-18.,5.));
#14442=CARTESIAN_POINT('',(42.7,-19.2,5.));
#14443=CARTESIAN_POINT('',(41.5,-19.2,5.));
#14444=CARTESIAN_POINT('',(37.3,-18.,5.));
#14445=CARTESIAN_POINT('',(37.3,-16.8,5.));
#14446=CARTESIAN_POINT('',(37.3,-19.2,5.));
#14447=CARTESIAN_POINT('',(38.5,-16.8,5.));
#14448=CARTESIAN_POINT('',(39.7,-16.8,5.));
#14449=CARTESIAN_POINT('',(39.7,-18.,5.));
#14450=CARTESIAN_POINT('',(39.7,-19.2,5.));
#14451=CARTESIAN_POINT('',(38.5,-19.2,5.));
#14452=CARTESIAN_POINT('',(34.3,-18.,5.));
#14453=CARTESIAN_POINT('',(34.3,-16.8,5.));
#14454=CARTESIAN_POINT('',(34.3,-19.2,5.));
#14455=CARTESIAN_POINT('',(35.5,-16.8,5.));
#14456=CARTESIAN_POINT('',(36.7,-16.8,5.));
#14457=CARTESIAN_POINT('',(36.7,-18.,5.));
#14458=CARTESIAN_POINT('',(36.7,-19.2,5.));
#14459=CARTESIAN_POINT('',(35.5,-19.2,5.));
#14460=CARTESIAN_POINT('',(31.3,-18.,5.));
#14461=CARTESIAN_POINT('',(31.3,-16.8,5.));
#14462=CARTESIAN_POINT('',(31.3,-19.2,5.));
#14463=CARTESIAN_POINT('',(32.5,-16.8,5.));
#14464=CARTESIAN_POINT('',(33.7,-16.8,5.));
#14465=CARTESIAN_POINT('',(33.7,-18.,5.));
#14466=CARTESIAN_POINT('',(33.7,-19.2,5.));
#14467=CARTESIAN_POINT('',(32.5,-19.2,5.));
#14468=CARTESIAN_POINT('',(-2.8,0.,-0.25));
#14469=CARTESIAN_POINT('',(58.8,0.,-0.25));
#14470=CARTESIAN_POINT('',(-2.8,0.,5.25));
#14471=CARTESIAN_POINT('',(58.8,0.,5.25));
#14472=CARTESIAN_POINT('',(54.5,0.,3.));
#14473=CARTESIAN_POINT('',(54.5,0.,3.));
#14474=CARTESIAN_POINT('',(28.,0.,3.));
#14475=CARTESIAN_POINT('',(56.,0.,3.));
#14476=CARTESIAN_POINT('',(56.,0.,5.));
#14477=CARTESIAN_POINT('',(56.,0.,0.));
#14478=CARTESIAN_POINT('',(28.,0.,0.));
#14479=CARTESIAN_POINT('',(0.,0.,0.));
#14480=CARTESIAN_POINT('',(0.,0.,5.));
#14481=CARTESIAN_POINT('',(0.,0.,3.));
#14482=CARTESIAN_POINT('',(28.,0.,3.));
#14483=CARTESIAN_POINT('',(1.5,0.,3.));
#14484=CARTESIAN_POINT('',(1.5,0.,3.));
#14485=CARTESIAN_POINT('',(0.,-28.35,5.25));
#14486=CARTESIAN_POINT('',(0.,1.35,5.25));
#14487=CARTESIAN_POINT('',(0.,-28.35,-0.25));
#14488=CARTESIAN_POINT('',(0.,1.35,-0.25));
#14489=CARTESIAN_POINT('',(0.,-13.5,3.));
#14490=CARTESIAN_POINT('',(0.,-25.5,3.));
#14491=CARTESIAN_POINT('',(3.46944695195361E-15,-27.,3.));
#14492=CARTESIAN_POINT('',(0.,-25.5,3.));
#14493=CARTESIAN_POINT('',(0.,-1.5,3.));
#14494=CARTESIAN_POINT('',(0.,-1.5,3.));
#14495=CARTESIAN_POINT('',(0.,-13.5,3.));
#14496=CARTESIAN_POINT('',(0.,-13.5,0.));
#14497=CARTESIAN_POINT('',(1.7347234759768E-15,-27.,0.));
#14498=CARTESIAN_POINT('',(1.7347234759768E-15,-27.,5.));
#14499=CARTESIAN_POINT('',(-2.8,-27.,-0.25));
#14500=CARTESIAN_POINT('',(58.8,-27.,-0.25));
#14501=CARTESIAN_POINT('',(-2.8,-27.,5.25));
#14502=CARTESIAN_POINT('',(58.8,-27.,5.25));
#14503=CARTESIAN_POINT('',(1.5,-27.,3.));
#14504=CARTESIAN_POINT('',(1.5,-27.,3.));
#14505=CARTESIAN_POINT('',(28.,-27.,3.));
#14506=CARTESIAN_POINT('',(28.,-27.,0.));
#14507=CARTESIAN_POINT('',(56.,-27.,0.));
#14508=CARTESIAN_POINT('',(56.,-27.,5.));
#14509=CARTESIAN_POINT('',(56.,-27.,3.));
#14510=CARTESIAN_POINT('',(28.,-27.,3.));
#14511=CARTESIAN_POINT('',(54.5,-27.,3.));
#14512=CARTESIAN_POINT('',(54.5,-27.,3.));
#14513=CARTESIAN_POINT('',(56.,-28.35,5.25));
#14514=CARTESIAN_POINT('',(56.,1.35,5.25));
#14515=CARTESIAN_POINT('',(56.,-28.35,-0.25));
#14516=CARTESIAN_POINT('',(56.,1.35,-0.25));
#14517=CARTESIAN_POINT('',(56.,-25.5,3.));
#14518=CARTESIAN_POINT('',(56.,-25.5,3.));
#14519=CARTESIAN_POINT('',(56.,-13.5,3.));
#14520=CARTESIAN_POINT('',(56.,-13.5,0.));
#14521=CARTESIAN_POINT('',(56.,-13.5,3.));
#14522=CARTESIAN_POINT('',(56.,-1.5,3.));
#14523=CARTESIAN_POINT('',(56.,-1.5,3.));
#14524=CARTESIAN_POINT('',(-2.8,-28.35,0.));
#14525=CARTESIAN_POINT('',(-2.8,1.35,0.));
#14526=CARTESIAN_POINT('',(58.8,-28.35,0.));
#14527=CARTESIAN_POINT('',(58.8,1.35,0.));
#14528=CARTESIAN_POINT('',(4.18,-22.8,5.1));
#14529=CARTESIAN_POINT('',(6.82,-22.8,5.1));
#14530=CARTESIAN_POINT('',(4.18,-22.8,2.9));
#14531=CARTESIAN_POINT('',(6.82,-22.8,2.9));
#14532=CARTESIAN_POINT('',(4.3,-22.8,3.));
#14533=CARTESIAN_POINT('',(4.3,-22.8,3.));
#14534=CARTESIAN_POINT('',(5.5,-22.8,3.));
#14535=CARTESIAN_POINT('',(6.7,-22.8,3.));
#14536=CARTESIAN_POINT('',(6.7,-22.8,3.));
#14537=CARTESIAN_POINT('',(4.3,-25.32,2.9));
#14538=CARTESIAN_POINT('',(4.3,-22.68,2.9));
#14539=CARTESIAN_POINT('',(4.3,-25.32,5.1));
#14540=CARTESIAN_POINT('',(4.3,-22.68,5.1));
#14541=CARTESIAN_POINT('',(4.3,-25.2,3.));
#14542=CARTESIAN_POINT('',(4.3,-25.2,3.));
#14543=CARTESIAN_POINT('',(4.3,-24.,3.));
#14544=CARTESIAN_POINT('',(4.18,-25.2,5.1));
#14545=CARTESIAN_POINT('',(6.82,-25.2,5.1));
#14546=CARTESIAN_POINT('',(4.18,-25.2,2.9));
#14547=CARTESIAN_POINT('',(6.82,-25.2,2.9));
#14548=CARTESIAN_POINT('',(6.7,-25.2,3.));
#14549=CARTESIAN_POINT('',(6.7,-25.2,3.));
#14550=CARTESIAN_POINT('',(5.5,-25.2,3.));
#14551=CARTESIAN_POINT('',(6.7,-25.32,2.9));
#14552=CARTESIAN_POINT('',(6.7,-22.68,2.9));
#14553=CARTESIAN_POINT('',(6.7,-25.32,5.1));
#14554=CARTESIAN_POINT('',(6.7,-22.68,5.1));
#14555=CARTESIAN_POINT('',(6.7,-24.,3.));
#14556=CARTESIAN_POINT('',(4.18,-25.32,3.));
#14557=CARTESIAN_POINT('',(4.18,-22.68,3.));
#14558=CARTESIAN_POINT('',(6.82,-25.32,3.));
#14559=CARTESIAN_POINT('',(6.82,-22.68,3.));
#14560=CARTESIAN_POINT('',(7.18,-7.8,5.1));
#14561=CARTESIAN_POINT('',(9.82,-7.8,5.1));
#14562=CARTESIAN_POINT('',(7.18,-7.8,2.9));
#14563=CARTESIAN_POINT('',(9.82,-7.8,2.9));
#14564=CARTESIAN_POINT('',(7.3,-7.8,3.));
#14565=CARTESIAN_POINT('',(7.3,-7.8,3.));
#14566=CARTESIAN_POINT('',(8.5,-7.8,3.));
#14567=CARTESIAN_POINT('',(9.7,-7.8,3.));
#14568=CARTESIAN_POINT('',(9.7,-7.8,3.));
#14569=CARTESIAN_POINT('',(7.3,-10.32,2.9));
#14570=CARTESIAN_POINT('',(7.3,-7.68,2.9));
#14571=CARTESIAN_POINT('',(7.3,-10.32,5.1));
#14572=CARTESIAN_POINT('',(7.3,-7.68,5.1));
#14573=CARTESIAN_POINT('',(7.3,-10.2,3.));
#14574=CARTESIAN_POINT('',(7.3,-10.2,3.));
#14575=CARTESIAN_POINT('',(7.3,-9.,3.));
#14576=CARTESIAN_POINT('',(7.18,-10.2,5.1));
#14577=CARTESIAN_POINT('',(9.82,-10.2,5.1));
#14578=CARTESIAN_POINT('',(7.18,-10.2,2.9));
#14579=CARTESIAN_POINT('',(9.82,-10.2,2.9));
#14580=CARTESIAN_POINT('',(9.7,-10.2,3.));
#14581=CARTESIAN_POINT('',(9.7,-10.2,3.));
#14582=CARTESIAN_POINT('',(8.5,-10.2,3.));
#14583=CARTESIAN_POINT('',(9.7,-10.32,2.9));
#14584=CARTESIAN_POINT('',(9.7,-7.68,2.9));
#14585=CARTESIAN_POINT('',(9.7,-10.32,5.1));
#14586=CARTESIAN_POINT('',(9.7,-7.68,5.1));
#14587=CARTESIAN_POINT('',(9.7,-9.,3.));
#14588=CARTESIAN_POINT('',(7.18,-10.32,3.));
#14589=CARTESIAN_POINT('',(7.18,-7.68,3.));
#14590=CARTESIAN_POINT('',(9.82,-10.32,3.));
#14591=CARTESIAN_POINT('',(9.82,-7.68,3.));
#14592=CARTESIAN_POINT('',(10.18,-7.8,5.1));
#14593=CARTESIAN_POINT('',(12.82,-7.8,5.1));
#14594=CARTESIAN_POINT('',(10.18,-7.8,2.9));
#14595=CARTESIAN_POINT('',(12.82,-7.8,2.9));
#14596=CARTESIAN_POINT('',(10.3,-7.8,3.));
#14597=CARTESIAN_POINT('',(10.3,-7.8,3.));
#14598=CARTESIAN_POINT('',(11.5,-7.8,3.));
#14599=CARTESIAN_POINT('',(12.7,-7.8,3.));
#14600=CARTESIAN_POINT('',(12.7,-7.8,3.));
#14601=CARTESIAN_POINT('',(10.3,-10.32,2.9));
#14602=CARTESIAN_POINT('',(10.3,-7.68,2.9));
#14603=CARTESIAN_POINT('',(10.3,-10.32,5.1));
#14604=CARTESIAN_POINT('',(10.3,-7.68,5.1));
#14605=CARTESIAN_POINT('',(10.3,-10.2,3.));
#14606=CARTESIAN_POINT('',(10.3,-10.2,3.));
#14607=CARTESIAN_POINT('',(10.3,-9.,3.));
#14608=CARTESIAN_POINT('',(10.18,-10.2,5.1));
#14609=CARTESIAN_POINT('',(12.82,-10.2,5.1));
#14610=CARTESIAN_POINT('',(10.18,-10.2,2.9));
#14611=CARTESIAN_POINT('',(12.82,-10.2,2.9));
#14612=CARTESIAN_POINT('',(12.7,-10.2,3.));
#14613=CARTESIAN_POINT('',(12.7,-10.2,3.));
#14614=CARTESIAN_POINT('',(11.5,-10.2,3.));
#14615=CARTESIAN_POINT('',(12.7,-10.32,2.9));
#14616=CARTESIAN_POINT('',(12.7,-7.68,2.9));
#14617=CARTESIAN_POINT('',(12.7,-10.32,5.1));
#14618=CARTESIAN_POINT('',(12.7,-7.68,5.1));
#14619=CARTESIAN_POINT('',(12.7,-9.,3.));
#14620=CARTESIAN_POINT('',(10.18,-10.32,3.));
#14621=CARTESIAN_POINT('',(10.18,-7.68,3.));
#14622=CARTESIAN_POINT('',(12.82,-10.32,3.));
#14623=CARTESIAN_POINT('',(12.82,-7.68,3.));
#14624=CARTESIAN_POINT('',(13.18,-7.8,5.1));
#14625=CARTESIAN_POINT('',(15.82,-7.8,5.1));
#14626=CARTESIAN_POINT('',(13.18,-7.8,2.9));
#14627=CARTESIAN_POINT('',(15.82,-7.8,2.9));
#14628=CARTESIAN_POINT('',(13.3,-7.8,3.));
#14629=CARTESIAN_POINT('',(13.3,-7.8,3.));
#14630=CARTESIAN_POINT('',(14.5,-7.8,3.));
#14631=CARTESIAN_POINT('',(15.7,-7.8,3.));
#14632=CARTESIAN_POINT('',(15.7,-7.8,3.));
#14633=CARTESIAN_POINT('',(13.3,-10.32,2.9));
#14634=CARTESIAN_POINT('',(13.3,-7.68,2.9));
#14635=CARTESIAN_POINT('',(13.3,-10.32,5.1));
#14636=CARTESIAN_POINT('',(13.3,-7.68,5.1));
#14637=CARTESIAN_POINT('',(13.3,-10.2,3.));
#14638=CARTESIAN_POINT('',(13.3,-10.2,3.));
#14639=CARTESIAN_POINT('',(13.3,-9.,3.));
#14640=CARTESIAN_POINT('',(13.18,-10.2,5.1));
#14641=CARTESIAN_POINT('',(15.82,-10.2,5.1));
#14642=CARTESIAN_POINT('',(13.18,-10.2,2.9));
#14643=CARTESIAN_POINT('',(15.82,-10.2,2.9));
#14644=CARTESIAN_POINT('',(15.7,-10.2,3.));
#14645=CARTESIAN_POINT('',(15.7,-10.2,3.));
#14646=CARTESIAN_POINT('',(14.5,-10.2,3.));
#14647=CARTESIAN_POINT('',(15.7,-10.32,2.9));
#14648=CARTESIAN_POINT('',(15.7,-7.68,2.9));
#14649=CARTESIAN_POINT('',(15.7,-10.32,5.1));
#14650=CARTESIAN_POINT('',(15.7,-7.68,5.1));
#14651=CARTESIAN_POINT('',(15.7,-9.,3.));
#14652=CARTESIAN_POINT('',(13.18,-10.32,3.));
#14653=CARTESIAN_POINT('',(13.18,-7.68,3.));
#14654=CARTESIAN_POINT('',(15.82,-10.32,3.));
#14655=CARTESIAN_POINT('',(15.82,-7.68,3.));
#14656=CARTESIAN_POINT('',(16.18,-7.8,5.1));
#14657=CARTESIAN_POINT('',(18.82,-7.8,5.1));
#14658=CARTESIAN_POINT('',(16.18,-7.8,2.9));
#14659=CARTESIAN_POINT('',(18.82,-7.8,2.9));
#14660=CARTESIAN_POINT('',(16.3,-7.8,3.));
#14661=CARTESIAN_POINT('',(16.3,-7.8,3.));
#14662=CARTESIAN_POINT('',(17.5,-7.8,3.));
#14663=CARTESIAN_POINT('',(18.7,-7.8,3.));
#14664=CARTESIAN_POINT('',(18.7,-7.8,3.));
#14665=CARTESIAN_POINT('',(16.3,-10.32,2.9));
#14666=CARTESIAN_POINT('',(16.3,-7.68,2.9));
#14667=CARTESIAN_POINT('',(16.3,-10.32,5.1));
#14668=CARTESIAN_POINT('',(16.3,-7.68,5.1));
#14669=CARTESIAN_POINT('',(16.3,-10.2,3.));
#14670=CARTESIAN_POINT('',(16.3,-10.2,3.));
#14671=CARTESIAN_POINT('',(16.3,-9.,3.));
#14672=CARTESIAN_POINT('',(16.18,-10.2,5.1));
#14673=CARTESIAN_POINT('',(18.82,-10.2,5.1));
#14674=CARTESIAN_POINT('',(16.18,-10.2,2.9));
#14675=CARTESIAN_POINT('',(18.82,-10.2,2.9));
#14676=CARTESIAN_POINT('',(18.7,-10.2,3.));
#14677=CARTESIAN_POINT('',(18.7,-10.2,3.));
#14678=CARTESIAN_POINT('',(17.5,-10.2,3.));
#14679=CARTESIAN_POINT('',(18.7,-10.32,2.9));
#14680=CARTESIAN_POINT('',(18.7,-7.68,2.9));
#14681=CARTESIAN_POINT('',(18.7,-10.32,5.1));
#14682=CARTESIAN_POINT('',(18.7,-7.68,5.1));
#14683=CARTESIAN_POINT('',(18.7,-9.,3.));
#14684=CARTESIAN_POINT('',(16.18,-10.32,3.));
#14685=CARTESIAN_POINT('',(16.18,-7.68,3.));
#14686=CARTESIAN_POINT('',(18.82,-10.32,3.));
#14687=CARTESIAN_POINT('',(18.82,-7.68,3.));
#14688=CARTESIAN_POINT('',(19.18,-7.8,5.1));
#14689=CARTESIAN_POINT('',(21.82,-7.8,5.1));
#14690=CARTESIAN_POINT('',(19.18,-7.8,2.9));
#14691=CARTESIAN_POINT('',(21.82,-7.8,2.9));
#14692=CARTESIAN_POINT('',(19.3,-7.8,3.));
#14693=CARTESIAN_POINT('',(19.3,-7.8,3.));
#14694=CARTESIAN_POINT('',(20.5,-7.8,3.));
#14695=CARTESIAN_POINT('',(21.7,-7.8,3.));
#14696=CARTESIAN_POINT('',(21.7,-7.8,3.));
#14697=CARTESIAN_POINT('',(19.3,-10.32,2.9));
#14698=CARTESIAN_POINT('',(19.3,-7.68,2.9));
#14699=CARTESIAN_POINT('',(19.3,-10.32,5.1));
#14700=CARTESIAN_POINT('',(19.3,-7.68,5.1));
#14701=CARTESIAN_POINT('',(19.3,-10.2,3.));
#14702=CARTESIAN_POINT('',(19.3,-10.2,3.));
#14703=CARTESIAN_POINT('',(19.3,-9.,3.));
#14704=CARTESIAN_POINT('',(19.18,-10.2,5.1));
#14705=CARTESIAN_POINT('',(21.82,-10.2,5.1));
#14706=CARTESIAN_POINT('',(19.18,-10.2,2.9));
#14707=CARTESIAN_POINT('',(21.82,-10.2,2.9));
#14708=CARTESIAN_POINT('',(21.7,-10.2,3.));
#14709=CARTESIAN_POINT('',(21.7,-10.2,3.));
#14710=CARTESIAN_POINT('',(20.5,-10.2,3.));
#14711=CARTESIAN_POINT('',(21.7,-10.32,2.9));
#14712=CARTESIAN_POINT('',(21.7,-7.68,2.9));
#14713=CARTESIAN_POINT('',(21.7,-10.32,5.1));
#14714=CARTESIAN_POINT('',(21.7,-7.68,5.1));
#14715=CARTESIAN_POINT('',(21.7,-9.,3.));
#14716=CARTESIAN_POINT('',(19.18,-10.32,3.));
#14717=CARTESIAN_POINT('',(19.18,-7.68,3.));
#14718=CARTESIAN_POINT('',(21.82,-10.32,3.));
#14719=CARTESIAN_POINT('',(21.82,-7.68,3.));
#14720=CARTESIAN_POINT('',(22.18,-7.8,5.1));
#14721=CARTESIAN_POINT('',(24.82,-7.8,5.1));
#14722=CARTESIAN_POINT('',(22.18,-7.8,2.9));
#14723=CARTESIAN_POINT('',(24.82,-7.8,2.9));
#14724=CARTESIAN_POINT('',(22.3,-7.8,3.));
#14725=CARTESIAN_POINT('',(22.3,-7.8,3.));
#14726=CARTESIAN_POINT('',(23.5,-7.8,3.));
#14727=CARTESIAN_POINT('',(24.7,-7.8,3.));
#14728=CARTESIAN_POINT('',(24.7,-7.8,3.));
#14729=CARTESIAN_POINT('',(22.3,-10.32,2.9));
#14730=CARTESIAN_POINT('',(22.3,-7.68,2.9));
#14731=CARTESIAN_POINT('',(22.3,-10.32,5.1));
#14732=CARTESIAN_POINT('',(22.3,-7.68,5.1));
#14733=CARTESIAN_POINT('',(22.3,-10.2,3.));
#14734=CARTESIAN_POINT('',(22.3,-10.2,3.));
#14735=CARTESIAN_POINT('',(22.3,-9.,3.));
#14736=CARTESIAN_POINT('',(22.18,-10.2,5.1));
#14737=CARTESIAN_POINT('',(24.82,-10.2,5.1));
#14738=CARTESIAN_POINT('',(22.18,-10.2,2.9));
#14739=CARTESIAN_POINT('',(24.82,-10.2,2.9));
#14740=CARTESIAN_POINT('',(24.7,-10.2,3.));
#14741=CARTESIAN_POINT('',(24.7,-10.2,3.));
#14742=CARTESIAN_POINT('',(23.5,-10.2,3.));
#14743=CARTESIAN_POINT('',(24.7,-10.32,2.9));
#14744=CARTESIAN_POINT('',(24.7,-7.68,2.9));
#14745=CARTESIAN_POINT('',(24.7,-10.32,5.1));
#14746=CARTESIAN_POINT('',(24.7,-7.68,5.1));
#14747=CARTESIAN_POINT('',(24.7,-9.,3.));
#14748=CARTESIAN_POINT('',(22.18,-10.32,3.));
#14749=CARTESIAN_POINT('',(22.18,-7.68,3.));
#14750=CARTESIAN_POINT('',(24.82,-10.32,3.));
#14751=CARTESIAN_POINT('',(24.82,-7.68,3.));
#14752=CARTESIAN_POINT('',(25.18,-7.8,5.1));
#14753=CARTESIAN_POINT('',(27.82,-7.8,5.1));
#14754=CARTESIAN_POINT('',(25.18,-7.8,2.9));
#14755=CARTESIAN_POINT('',(27.82,-7.8,2.9));
#14756=CARTESIAN_POINT('',(25.3,-7.8,3.));
#14757=CARTESIAN_POINT('',(25.3,-7.8,3.));
#14758=CARTESIAN_POINT('',(26.5,-7.8,3.));
#14759=CARTESIAN_POINT('',(27.7,-7.8,3.));
#14760=CARTESIAN_POINT('',(27.7,-7.8,3.));
#14761=CARTESIAN_POINT('',(25.3,-10.32,2.9));
#14762=CARTESIAN_POINT('',(25.3,-7.68,2.9));
#14763=CARTESIAN_POINT('',(25.3,-10.32,5.1));
#14764=CARTESIAN_POINT('',(25.3,-7.68,5.1));
#14765=CARTESIAN_POINT('',(25.3,-10.2,3.));
#14766=CARTESIAN_POINT('',(25.3,-10.2,3.));
#14767=CARTESIAN_POINT('',(25.3,-9.,3.));
#14768=CARTESIAN_POINT('',(25.18,-10.2,5.1));
#14769=CARTESIAN_POINT('',(27.82,-10.2,5.1));
#14770=CARTESIAN_POINT('',(25.18,-10.2,2.9));
#14771=CARTESIAN_POINT('',(27.82,-10.2,2.9));
#14772=CARTESIAN_POINT('',(27.7,-10.2,3.));
#14773=CARTESIAN_POINT('',(27.7,-10.2,3.));
#14774=CARTESIAN_POINT('',(26.5,-10.2,3.));
#14775=CARTESIAN_POINT('',(27.7,-10.32,2.9));
#14776=CARTESIAN_POINT('',(27.7,-7.68,2.9));
#14777=CARTESIAN_POINT('',(27.7,-10.32,5.1));
#14778=CARTESIAN_POINT('',(27.7,-7.68,5.1));
#14779=CARTESIAN_POINT('',(27.7,-9.,3.));
#14780=CARTESIAN_POINT('',(25.18,-10.32,3.));
#14781=CARTESIAN_POINT('',(25.18,-7.68,3.));
#14782=CARTESIAN_POINT('',(27.82,-10.32,3.));
#14783=CARTESIAN_POINT('',(27.82,-7.68,3.));
#14784=CARTESIAN_POINT('',(28.18,-7.8,5.1));
#14785=CARTESIAN_POINT('',(30.82,-7.8,5.1));
#14786=CARTESIAN_POINT('',(28.18,-7.8,2.9));
#14787=CARTESIAN_POINT('',(30.82,-7.8,2.9));
#14788=CARTESIAN_POINT('',(28.3,-7.8,3.));
#14789=CARTESIAN_POINT('',(28.3,-7.8,3.));
#14790=CARTESIAN_POINT('',(29.5,-7.8,3.));
#14791=CARTESIAN_POINT('',(30.7,-7.8,3.));
#14792=CARTESIAN_POINT('',(30.7,-7.8,3.));
#14793=CARTESIAN_POINT('',(28.3,-10.32,2.9));
#14794=CARTESIAN_POINT('',(28.3,-7.68,2.9));
#14795=CARTESIAN_POINT('',(28.3,-10.32,5.1));
#14796=CARTESIAN_POINT('',(28.3,-7.68,5.1));
#14797=CARTESIAN_POINT('',(28.3,-10.2,3.));
#14798=CARTESIAN_POINT('',(28.3,-10.2,3.));
#14799=CARTESIAN_POINT('',(28.3,-9.,3.));
#14800=CARTESIAN_POINT('',(28.18,-10.2,5.1));
#14801=CARTESIAN_POINT('',(30.82,-10.2,5.1));
#14802=CARTESIAN_POINT('',(28.18,-10.2,2.9));
#14803=CARTESIAN_POINT('',(30.82,-10.2,2.9));
#14804=CARTESIAN_POINT('',(30.7,-10.2,3.));
#14805=CARTESIAN_POINT('',(30.7,-10.2,3.));
#14806=CARTESIAN_POINT('',(29.5,-10.2,3.));
#14807=CARTESIAN_POINT('',(30.7,-10.32,2.9));
#14808=CARTESIAN_POINT('',(30.7,-7.68,2.9));
#14809=CARTESIAN_POINT('',(30.7,-10.32,5.1));
#14810=CARTESIAN_POINT('',(30.7,-7.68,5.1));
#14811=CARTESIAN_POINT('',(30.7,-9.,3.));
#14812=CARTESIAN_POINT('',(28.18,-10.32,3.));
#14813=CARTESIAN_POINT('',(28.18,-7.68,3.));
#14814=CARTESIAN_POINT('',(30.82,-10.32,3.));
#14815=CARTESIAN_POINT('',(30.82,-7.68,3.));
#14816=CARTESIAN_POINT('',(43.18,-7.8,5.1));
#14817=CARTESIAN_POINT('',(45.82,-7.8,5.1));
#14818=CARTESIAN_POINT('',(43.18,-7.8,2.9));
#14819=CARTESIAN_POINT('',(45.82,-7.8,2.9));
#14820=CARTESIAN_POINT('',(43.3,-7.8,3.));
#14821=CARTESIAN_POINT('',(43.3,-7.8,3.));
#14822=CARTESIAN_POINT('',(44.5,-7.8,3.));
#14823=CARTESIAN_POINT('',(45.7,-7.8,3.));
#14824=CARTESIAN_POINT('',(45.7,-7.8,3.));
#14825=CARTESIAN_POINT('',(43.3,-10.32,2.9));
#14826=CARTESIAN_POINT('',(43.3,-7.68,2.9));
#14827=CARTESIAN_POINT('',(43.3,-10.32,5.1));
#14828=CARTESIAN_POINT('',(43.3,-7.68,5.1));
#14829=CARTESIAN_POINT('',(43.3,-10.2,3.));
#14830=CARTESIAN_POINT('',(43.3,-10.2,3.));
#14831=CARTESIAN_POINT('',(43.3,-9.,3.));
#14832=CARTESIAN_POINT('',(43.18,-10.2,5.1));
#14833=CARTESIAN_POINT('',(45.82,-10.2,5.1));
#14834=CARTESIAN_POINT('',(43.18,-10.2,2.9));
#14835=CARTESIAN_POINT('',(45.82,-10.2,2.9));
#14836=CARTESIAN_POINT('',(45.7,-10.2,3.));
#14837=CARTESIAN_POINT('',(45.7,-10.2,3.));
#14838=CARTESIAN_POINT('',(44.5,-10.2,3.));
#14839=CARTESIAN_POINT('',(45.7,-10.32,2.9));
#14840=CARTESIAN_POINT('',(45.7,-7.68,2.9));
#14841=CARTESIAN_POINT('',(45.7,-10.32,5.1));
#14842=CARTESIAN_POINT('',(45.7,-7.68,5.1));
#14843=CARTESIAN_POINT('',(45.7,-9.,3.));
#14844=CARTESIAN_POINT('',(43.18,-10.32,3.));
#14845=CARTESIAN_POINT('',(43.18,-7.68,3.));
#14846=CARTESIAN_POINT('',(45.82,-10.32,3.));
#14847=CARTESIAN_POINT('',(45.82,-7.68,3.));
#14848=CARTESIAN_POINT('',(46.18,-7.8,5.1));
#14849=CARTESIAN_POINT('',(48.82,-7.8,5.1));
#14850=CARTESIAN_POINT('',(46.18,-7.8,2.9));
#14851=CARTESIAN_POINT('',(48.82,-7.8,2.9));
#14852=CARTESIAN_POINT('',(46.3,-7.8,3.));
#14853=CARTESIAN_POINT('',(46.3,-7.8,3.));
#14854=CARTESIAN_POINT('',(47.5,-7.8,3.));
#14855=CARTESIAN_POINT('',(48.7,-7.8,3.));
#14856=CARTESIAN_POINT('',(48.7,-7.8,3.));
#14857=CARTESIAN_POINT('',(46.3,-10.32,2.9));
#14858=CARTESIAN_POINT('',(46.3,-7.68,2.9));
#14859=CARTESIAN_POINT('',(46.3,-10.32,5.1));
#14860=CARTESIAN_POINT('',(46.3,-7.68,5.1));
#14861=CARTESIAN_POINT('',(46.3,-10.2,3.));
#14862=CARTESIAN_POINT('',(46.3,-10.2,3.));
#14863=CARTESIAN_POINT('',(46.3,-9.,3.));
#14864=CARTESIAN_POINT('',(46.18,-10.2,5.1));
#14865=CARTESIAN_POINT('',(48.82,-10.2,5.1));
#14866=CARTESIAN_POINT('',(46.18,-10.2,2.9));
#14867=CARTESIAN_POINT('',(48.82,-10.2,2.9));
#14868=CARTESIAN_POINT('',(48.7,-10.2,3.));
#14869=CARTESIAN_POINT('',(48.7,-10.2,3.));
#14870=CARTESIAN_POINT('',(47.5,-10.2,3.));
#14871=CARTESIAN_POINT('',(48.7,-10.32,2.9));
#14872=CARTESIAN_POINT('',(48.7,-7.68,2.9));
#14873=CARTESIAN_POINT('',(48.7,-10.32,5.1));
#14874=CARTESIAN_POINT('',(48.7,-7.68,5.1));
#14875=CARTESIAN_POINT('',(48.7,-9.,3.));
#14876=CARTESIAN_POINT('',(46.18,-10.32,3.));
#14877=CARTESIAN_POINT('',(46.18,-7.68,3.));
#14878=CARTESIAN_POINT('',(48.82,-10.32,3.));
#14879=CARTESIAN_POINT('',(48.82,-7.68,3.));
#14880=CARTESIAN_POINT('',(49.18,-7.8,5.1));
#14881=CARTESIAN_POINT('',(51.82,-7.8,5.1));
#14882=CARTESIAN_POINT('',(49.18,-7.8,2.9));
#14883=CARTESIAN_POINT('',(51.82,-7.8,2.9));
#14884=CARTESIAN_POINT('',(49.3,-7.8,3.));
#14885=CARTESIAN_POINT('',(49.3,-7.8,3.));
#14886=CARTESIAN_POINT('',(50.5,-7.8,3.));
#14887=CARTESIAN_POINT('',(51.7,-7.8,3.));
#14888=CARTESIAN_POINT('',(51.7,-7.8,3.));
#14889=CARTESIAN_POINT('',(49.3,-10.32,2.9));
#14890=CARTESIAN_POINT('',(49.3,-7.68,2.9));
#14891=CARTESIAN_POINT('',(49.3,-10.32,5.1));
#14892=CARTESIAN_POINT('',(49.3,-7.68,5.1));
#14893=CARTESIAN_POINT('',(49.3,-10.2,3.));
#14894=CARTESIAN_POINT('',(49.3,-10.2,3.));
#14895=CARTESIAN_POINT('',(49.3,-9.,3.));
#14896=CARTESIAN_POINT('',(49.18,-10.2,5.1));
#14897=CARTESIAN_POINT('',(51.82,-10.2,5.1));
#14898=CARTESIAN_POINT('',(49.18,-10.2,2.9));
#14899=CARTESIAN_POINT('',(51.82,-10.2,2.9));
#14900=CARTESIAN_POINT('',(51.7,-10.2,3.));
#14901=CARTESIAN_POINT('',(51.7,-10.2,3.));
#14902=CARTESIAN_POINT('',(50.5,-10.2,3.));
#14903=CARTESIAN_POINT('',(51.7,-10.32,2.9));
#14904=CARTESIAN_POINT('',(51.7,-7.68,2.9));
#14905=CARTESIAN_POINT('',(51.7,-10.32,5.1));
#14906=CARTESIAN_POINT('',(51.7,-7.68,5.1));
#14907=CARTESIAN_POINT('',(51.7,-9.,3.));
#14908=CARTESIAN_POINT('',(49.18,-10.32,3.));
#14909=CARTESIAN_POINT('',(49.18,-7.68,3.));
#14910=CARTESIAN_POINT('',(51.82,-10.32,3.));
#14911=CARTESIAN_POINT('',(51.82,-7.68,3.));
#14912=CARTESIAN_POINT('',(4.18,-4.8,5.1));
#14913=CARTESIAN_POINT('',(6.82,-4.8,5.1));
#14914=CARTESIAN_POINT('',(4.18,-4.8,2.9));
#14915=CARTESIAN_POINT('',(6.82,-4.8,2.9));
#14916=CARTESIAN_POINT('',(4.3,-4.8,3.));
#14917=CARTESIAN_POINT('',(4.3,-4.8,3.));
#14918=CARTESIAN_POINT('',(5.5,-4.8,3.));
#14919=CARTESIAN_POINT('',(6.7,-4.8,3.));
#14920=CARTESIAN_POINT('',(6.7,-4.8,3.));
#14921=CARTESIAN_POINT('',(4.3,-7.32,2.9));
#14922=CARTESIAN_POINT('',(4.3,-4.68,2.9));
#14923=CARTESIAN_POINT('',(4.3,-7.32,5.1));
#14924=CARTESIAN_POINT('',(4.3,-4.68,5.1));
#14925=CARTESIAN_POINT('',(4.3,-7.2,3.));
#14926=CARTESIAN_POINT('',(4.3,-7.2,3.));
#14927=CARTESIAN_POINT('',(4.3,-6.,3.));
#14928=CARTESIAN_POINT('',(4.18,-7.2,5.1));
#14929=CARTESIAN_POINT('',(6.82,-7.2,5.1));
#14930=CARTESIAN_POINT('',(4.18,-7.2,2.9));
#14931=CARTESIAN_POINT('',(6.82,-7.2,2.9));
#14932=CARTESIAN_POINT('',(6.7,-7.2,3.));
#14933=CARTESIAN_POINT('',(6.7,-7.2,3.));
#14934=CARTESIAN_POINT('',(5.5,-7.2,3.));
#14935=CARTESIAN_POINT('',(6.7,-7.32,2.9));
#14936=CARTESIAN_POINT('',(6.7,-4.68,2.9));
#14937=CARTESIAN_POINT('',(6.7,-7.32,5.1));
#14938=CARTESIAN_POINT('',(6.7,-4.68,5.1));
#14939=CARTESIAN_POINT('',(6.7,-6.,3.));
#14940=CARTESIAN_POINT('',(4.18,-7.32,3.));
#14941=CARTESIAN_POINT('',(4.18,-4.68,3.));
#14942=CARTESIAN_POINT('',(6.82,-7.32,3.));
#14943=CARTESIAN_POINT('',(6.82,-4.68,3.));
#14944=CARTESIAN_POINT('',(40.18,-7.8,5.1));
#14945=CARTESIAN_POINT('',(42.82,-7.8,5.1));
#14946=CARTESIAN_POINT('',(40.18,-7.8,2.9));
#14947=CARTESIAN_POINT('',(42.82,-7.8,2.9));
#14948=CARTESIAN_POINT('',(40.3,-7.8,3.));
#14949=CARTESIAN_POINT('',(40.3,-7.8,3.));
#14950=CARTESIAN_POINT('',(41.5,-7.8,3.));
#14951=CARTESIAN_POINT('',(42.7,-7.8,3.));
#14952=CARTESIAN_POINT('',(42.7,-7.8,3.));
#14953=CARTESIAN_POINT('',(40.3,-10.32,2.9));
#14954=CARTESIAN_POINT('',(40.3,-7.68,2.9));
#14955=CARTESIAN_POINT('',(40.3,-10.32,5.1));
#14956=CARTESIAN_POINT('',(40.3,-7.68,5.1));
#14957=CARTESIAN_POINT('',(40.3,-10.2,3.));
#14958=CARTESIAN_POINT('',(40.3,-10.2,3.));
#14959=CARTESIAN_POINT('',(40.3,-9.,3.));
#14960=CARTESIAN_POINT('',(40.18,-10.2,5.1));
#14961=CARTESIAN_POINT('',(42.82,-10.2,5.1));
#14962=CARTESIAN_POINT('',(40.18,-10.2,2.9));
#14963=CARTESIAN_POINT('',(42.82,-10.2,2.9));
#14964=CARTESIAN_POINT('',(42.7,-10.2,3.));
#14965=CARTESIAN_POINT('',(42.7,-10.2,3.));
#14966=CARTESIAN_POINT('',(41.5,-10.2,3.));
#14967=CARTESIAN_POINT('',(42.7,-10.32,2.9));
#14968=CARTESIAN_POINT('',(42.7,-7.68,2.9));
#14969=CARTESIAN_POINT('',(42.7,-10.32,5.1));
#14970=CARTESIAN_POINT('',(42.7,-7.68,5.1));
#14971=CARTESIAN_POINT('',(42.7,-9.,3.));
#14972=CARTESIAN_POINT('',(40.18,-10.32,3.));
#14973=CARTESIAN_POINT('',(40.18,-7.68,3.));
#14974=CARTESIAN_POINT('',(42.82,-10.32,3.));
#14975=CARTESIAN_POINT('',(42.82,-7.68,3.));
#14976=CARTESIAN_POINT('',(37.18,-7.8,5.1));
#14977=CARTESIAN_POINT('',(39.82,-7.8,5.1));
#14978=CARTESIAN_POINT('',(37.18,-7.8,2.9));
#14979=CARTESIAN_POINT('',(39.82,-7.8,2.9));
#14980=CARTESIAN_POINT('',(37.3,-7.8,3.));
#14981=CARTESIAN_POINT('',(37.3,-7.8,3.));
#14982=CARTESIAN_POINT('',(38.5,-7.8,3.));
#14983=CARTESIAN_POINT('',(39.7,-7.8,3.));
#14984=CARTESIAN_POINT('',(39.7,-7.8,3.));
#14985=CARTESIAN_POINT('',(37.3,-10.32,2.9));
#14986=CARTESIAN_POINT('',(37.3,-7.68,2.9));
#14987=CARTESIAN_POINT('',(37.3,-10.32,5.1));
#14988=CARTESIAN_POINT('',(37.3,-7.68,5.1));
#14989=CARTESIAN_POINT('',(37.3,-10.2,3.));
#14990=CARTESIAN_POINT('',(37.3,-10.2,3.));
#14991=CARTESIAN_POINT('',(37.3,-9.,3.));
#14992=CARTESIAN_POINT('',(37.18,-10.2,5.1));
#14993=CARTESIAN_POINT('',(39.82,-10.2,5.1));
#14994=CARTESIAN_POINT('',(37.18,-10.2,2.9));
#14995=CARTESIAN_POINT('',(39.82,-10.2,2.9));
#14996=CARTESIAN_POINT('',(39.7,-10.2,3.));
#14997=CARTESIAN_POINT('',(39.7,-10.2,3.));
#14998=CARTESIAN_POINT('',(38.5,-10.2,3.));
#14999=CARTESIAN_POINT('',(39.7,-10.32,2.9));
#15000=CARTESIAN_POINT('',(39.7,-7.68,2.9));
#15001=CARTESIAN_POINT('',(39.7,-10.32,5.1));
#15002=CARTESIAN_POINT('',(39.7,-7.68,5.1));
#15003=CARTESIAN_POINT('',(39.7,-9.,3.));
#15004=CARTESIAN_POINT('',(37.18,-10.32,3.));
#15005=CARTESIAN_POINT('',(37.18,-7.68,3.));
#15006=CARTESIAN_POINT('',(39.82,-10.32,3.));
#15007=CARTESIAN_POINT('',(39.82,-7.68,3.));
#15008=CARTESIAN_POINT('',(34.18,-7.8,5.1));
#15009=CARTESIAN_POINT('',(36.82,-7.8,5.1));
#15010=CARTESIAN_POINT('',(34.18,-7.8,2.9));
#15011=CARTESIAN_POINT('',(36.82,-7.8,2.9));
#15012=CARTESIAN_POINT('',(34.3,-7.8,3.));
#15013=CARTESIAN_POINT('',(34.3,-7.8,3.));
#15014=CARTESIAN_POINT('',(35.5,-7.8,3.));
#15015=CARTESIAN_POINT('',(36.7,-7.8,3.));
#15016=CARTESIAN_POINT('',(36.7,-7.8,3.));
#15017=CARTESIAN_POINT('',(34.3,-10.32,2.9));
#15018=CARTESIAN_POINT('',(34.3,-7.68,2.9));
#15019=CARTESIAN_POINT('',(34.3,-10.32,5.1));
#15020=CARTESIAN_POINT('',(34.3,-7.68,5.1));
#15021=CARTESIAN_POINT('',(34.3,-10.2,3.));
#15022=CARTESIAN_POINT('',(34.3,-10.2,3.));
#15023=CARTESIAN_POINT('',(34.3,-9.,3.));
#15024=CARTESIAN_POINT('',(34.18,-10.2,5.1));
#15025=CARTESIAN_POINT('',(36.82,-10.2,5.1));
#15026=CARTESIAN_POINT('',(34.18,-10.2,2.9));
#15027=CARTESIAN_POINT('',(36.82,-10.2,2.9));
#15028=CARTESIAN_POINT('',(36.7,-10.2,3.));
#15029=CARTESIAN_POINT('',(36.7,-10.2,3.));
#15030=CARTESIAN_POINT('',(35.5,-10.2,3.));
#15031=CARTESIAN_POINT('',(36.7,-10.32,2.9));
#15032=CARTESIAN_POINT('',(36.7,-7.68,2.9));
#15033=CARTESIAN_POINT('',(36.7,-10.32,5.1));
#15034=CARTESIAN_POINT('',(36.7,-7.68,5.1));
#15035=CARTESIAN_POINT('',(36.7,-9.,3.));
#15036=CARTESIAN_POINT('',(34.18,-10.32,3.));
#15037=CARTESIAN_POINT('',(34.18,-7.68,3.));
#15038=CARTESIAN_POINT('',(36.82,-10.32,3.));
#15039=CARTESIAN_POINT('',(36.82,-7.68,3.));
#15040=CARTESIAN_POINT('',(31.18,-7.8,5.1));
#15041=CARTESIAN_POINT('',(33.82,-7.8,5.1));
#15042=CARTESIAN_POINT('',(31.18,-7.8,2.9));
#15043=CARTESIAN_POINT('',(33.82,-7.8,2.9));
#15044=CARTESIAN_POINT('',(31.3,-7.8,3.));
#15045=CARTESIAN_POINT('',(31.3,-7.8,3.));
#15046=CARTESIAN_POINT('',(32.5,-7.8,3.));
#15047=CARTESIAN_POINT('',(33.7,-7.8,3.));
#15048=CARTESIAN_POINT('',(33.7,-7.8,3.));
#15049=CARTESIAN_POINT('',(31.3,-10.32,2.9));
#15050=CARTESIAN_POINT('',(31.3,-7.68,2.9));
#15051=CARTESIAN_POINT('',(31.3,-10.32,5.1));
#15052=CARTESIAN_POINT('',(31.3,-7.68,5.1));
#15053=CARTESIAN_POINT('',(31.3,-10.2,3.));
#15054=CARTESIAN_POINT('',(31.3,-10.2,3.));
#15055=CARTESIAN_POINT('',(31.3,-9.,3.));
#15056=CARTESIAN_POINT('',(31.18,-10.2,5.1));
#15057=CARTESIAN_POINT('',(33.82,-10.2,5.1));
#15058=CARTESIAN_POINT('',(31.18,-10.2,2.9));
#15059=CARTESIAN_POINT('',(33.82,-10.2,2.9));
#15060=CARTESIAN_POINT('',(33.7,-10.2,3.));
#15061=CARTESIAN_POINT('',(33.7,-10.2,3.));
#15062=CARTESIAN_POINT('',(32.5,-10.2,3.));
#15063=CARTESIAN_POINT('',(33.7,-10.32,2.9));
#15064=CARTESIAN_POINT('',(33.7,-7.68,2.9));
#15065=CARTESIAN_POINT('',(33.7,-10.32,5.1));
#15066=CARTESIAN_POINT('',(33.7,-7.68,5.1));
#15067=CARTESIAN_POINT('',(33.7,-9.,3.));
#15068=CARTESIAN_POINT('',(31.18,-10.32,3.));
#15069=CARTESIAN_POINT('',(31.18,-7.68,3.));
#15070=CARTESIAN_POINT('',(33.82,-10.32,3.));
#15071=CARTESIAN_POINT('',(33.82,-7.68,3.));
#15072=CARTESIAN_POINT('',(16.18,-10.8,5.1));
#15073=CARTESIAN_POINT('',(18.82,-10.8,5.1));
#15074=CARTESIAN_POINT('',(16.18,-10.8,2.9));
#15075=CARTESIAN_POINT('',(18.82,-10.8,2.9));
#15076=CARTESIAN_POINT('',(16.3,-10.8,3.));
#15077=CARTESIAN_POINT('',(16.3,-10.8,3.));
#15078=CARTESIAN_POINT('',(17.5,-10.8,3.));
#15079=CARTESIAN_POINT('',(18.7,-10.8,3.));
#15080=CARTESIAN_POINT('',(18.7,-10.8,3.));
#15081=CARTESIAN_POINT('',(16.3,-13.32,2.9));
#15082=CARTESIAN_POINT('',(16.3,-10.68,2.9));
#15083=CARTESIAN_POINT('',(16.3,-13.32,5.1));
#15084=CARTESIAN_POINT('',(16.3,-10.68,5.1));
#15085=CARTESIAN_POINT('',(16.3,-13.2,3.));
#15086=CARTESIAN_POINT('',(16.3,-13.2,3.));
#15087=CARTESIAN_POINT('',(16.3,-12.,3.));
#15088=CARTESIAN_POINT('',(16.18,-13.2,5.1));
#15089=CARTESIAN_POINT('',(18.82,-13.2,5.1));
#15090=CARTESIAN_POINT('',(16.18,-13.2,2.9));
#15091=CARTESIAN_POINT('',(18.82,-13.2,2.9));
#15092=CARTESIAN_POINT('',(18.7,-13.2,3.));
#15093=CARTESIAN_POINT('',(18.7,-13.2,3.));
#15094=CARTESIAN_POINT('',(17.5,-13.2,3.));
#15095=CARTESIAN_POINT('',(18.7,-13.32,2.9));
#15096=CARTESIAN_POINT('',(18.7,-10.68,2.9));
#15097=CARTESIAN_POINT('',(18.7,-13.32,5.1));
#15098=CARTESIAN_POINT('',(18.7,-10.68,5.1));
#15099=CARTESIAN_POINT('',(18.7,-12.,3.));
#15100=CARTESIAN_POINT('',(16.18,-13.32,3.));
#15101=CARTESIAN_POINT('',(16.18,-10.68,3.));
#15102=CARTESIAN_POINT('',(18.82,-13.32,3.));
#15103=CARTESIAN_POINT('',(18.82,-10.68,3.));
#15104=CARTESIAN_POINT('',(10.18,-10.8,5.1));
#15105=CARTESIAN_POINT('',(12.82,-10.8,5.1));
#15106=CARTESIAN_POINT('',(10.18,-10.8,2.9));
#15107=CARTESIAN_POINT('',(12.82,-10.8,2.9));
#15108=CARTESIAN_POINT('',(10.3,-10.8,3.));
#15109=CARTESIAN_POINT('',(10.3,-10.8,3.));
#15110=CARTESIAN_POINT('',(11.5,-10.8,3.));
#15111=CARTESIAN_POINT('',(12.7,-10.8,3.));
#15112=CARTESIAN_POINT('',(12.7,-10.8,3.));
#15113=CARTESIAN_POINT('',(10.3,-13.32,2.9));
#15114=CARTESIAN_POINT('',(10.3,-10.68,2.9));
#15115=CARTESIAN_POINT('',(10.3,-13.32,5.1));
#15116=CARTESIAN_POINT('',(10.3,-10.68,5.1));
#15117=CARTESIAN_POINT('',(10.3,-13.2,3.));
#15118=CARTESIAN_POINT('',(10.3,-13.2,3.));
#15119=CARTESIAN_POINT('',(10.3,-12.,3.));
#15120=CARTESIAN_POINT('',(10.18,-13.2,5.1));
#15121=CARTESIAN_POINT('',(12.82,-13.2,5.1));
#15122=CARTESIAN_POINT('',(10.18,-13.2,2.9));
#15123=CARTESIAN_POINT('',(12.82,-13.2,2.9));
#15124=CARTESIAN_POINT('',(12.7,-13.2,3.));
#15125=CARTESIAN_POINT('',(12.7,-13.2,3.));
#15126=CARTESIAN_POINT('',(11.5,-13.2,3.));
#15127=CARTESIAN_POINT('',(12.7,-13.32,2.9));
#15128=CARTESIAN_POINT('',(12.7,-10.68,2.9));
#15129=CARTESIAN_POINT('',(12.7,-13.32,5.1));
#15130=CARTESIAN_POINT('',(12.7,-10.68,5.1));
#15131=CARTESIAN_POINT('',(12.7,-12.,3.));
#15132=CARTESIAN_POINT('',(10.18,-13.32,3.));
#15133=CARTESIAN_POINT('',(10.18,-10.68,3.));
#15134=CARTESIAN_POINT('',(12.82,-13.32,3.));
#15135=CARTESIAN_POINT('',(12.82,-10.68,3.));
#15136=CARTESIAN_POINT('',(13.18,-10.8,5.1));
#15137=CARTESIAN_POINT('',(15.82,-10.8,5.1));
#15138=CARTESIAN_POINT('',(13.18,-10.8,2.9));
#15139=CARTESIAN_POINT('',(15.82,-10.8,2.9));
#15140=CARTESIAN_POINT('',(13.3,-10.8,3.));
#15141=CARTESIAN_POINT('',(13.3,-10.8,3.));
#15142=CARTESIAN_POINT('',(14.5,-10.8,3.));
#15143=CARTESIAN_POINT('',(15.7,-10.8,3.));
#15144=CARTESIAN_POINT('',(15.7,-10.8,3.));
#15145=CARTESIAN_POINT('',(13.3,-13.32,2.9));
#15146=CARTESIAN_POINT('',(13.3,-10.68,2.9));
#15147=CARTESIAN_POINT('',(13.3,-13.32,5.1));
#15148=CARTESIAN_POINT('',(13.3,-10.68,5.1));
#15149=CARTESIAN_POINT('',(13.3,-13.2,3.));
#15150=CARTESIAN_POINT('',(13.3,-13.2,3.));
#15151=CARTESIAN_POINT('',(13.3,-12.,3.));
#15152=CARTESIAN_POINT('',(13.18,-13.2,5.1));
#15153=CARTESIAN_POINT('',(15.82,-13.2,5.1));
#15154=CARTESIAN_POINT('',(13.18,-13.2,2.9));
#15155=CARTESIAN_POINT('',(15.82,-13.2,2.9));
#15156=CARTESIAN_POINT('',(15.7,-13.2,3.));
#15157=CARTESIAN_POINT('',(15.7,-13.2,3.));
#15158=CARTESIAN_POINT('',(14.5,-13.2,3.));
#15159=CARTESIAN_POINT('',(15.7,-13.32,2.9));
#15160=CARTESIAN_POINT('',(15.7,-10.68,2.9));
#15161=CARTESIAN_POINT('',(15.7,-13.32,5.1));
#15162=CARTESIAN_POINT('',(15.7,-10.68,5.1));
#15163=CARTESIAN_POINT('',(15.7,-12.,3.));
#15164=CARTESIAN_POINT('',(13.18,-13.32,3.));
#15165=CARTESIAN_POINT('',(13.18,-10.68,3.));
#15166=CARTESIAN_POINT('',(15.82,-13.32,3.));
#15167=CARTESIAN_POINT('',(15.82,-10.68,3.));
#15168=CARTESIAN_POINT('',(7.18,-10.8,5.1));
#15169=CARTESIAN_POINT('',(9.82,-10.8,5.1));
#15170=CARTESIAN_POINT('',(7.18,-10.8,2.9));
#15171=CARTESIAN_POINT('',(9.82,-10.8,2.9));
#15172=CARTESIAN_POINT('',(7.3,-10.8,3.));
#15173=CARTESIAN_POINT('',(7.3,-10.8,3.));
#15174=CARTESIAN_POINT('',(8.5,-10.8,3.));
#15175=CARTESIAN_POINT('',(9.7,-10.8,3.));
#15176=CARTESIAN_POINT('',(9.7,-10.8,3.));
#15177=CARTESIAN_POINT('',(7.3,-13.32,2.9));
#15178=CARTESIAN_POINT('',(7.3,-10.68,2.9));
#15179=CARTESIAN_POINT('',(7.3,-13.32,5.1));
#15180=CARTESIAN_POINT('',(7.3,-10.68,5.1));
#15181=CARTESIAN_POINT('',(7.3,-13.2,3.));
#15182=CARTESIAN_POINT('',(7.3,-13.2,3.));
#15183=CARTESIAN_POINT('',(7.3,-12.,3.));
#15184=CARTESIAN_POINT('',(7.18,-13.2,5.1));
#15185=CARTESIAN_POINT('',(9.82,-13.2,5.1));
#15186=CARTESIAN_POINT('',(7.18,-13.2,2.9));
#15187=CARTESIAN_POINT('',(9.82,-13.2,2.9));
#15188=CARTESIAN_POINT('',(9.7,-13.2,3.));
#15189=CARTESIAN_POINT('',(9.7,-13.2,3.));
#15190=CARTESIAN_POINT('',(8.5,-13.2,3.));
#15191=CARTESIAN_POINT('',(9.7,-13.32,2.9));
#15192=CARTESIAN_POINT('',(9.7,-10.68,2.9));
#15193=CARTESIAN_POINT('',(9.7,-13.32,5.1));
#15194=CARTESIAN_POINT('',(9.7,-10.68,5.1));
#15195=CARTESIAN_POINT('',(9.7,-12.,3.));
#15196=CARTESIAN_POINT('',(7.18,-13.32,3.));
#15197=CARTESIAN_POINT('',(7.18,-10.68,3.));
#15198=CARTESIAN_POINT('',(9.82,-13.32,3.));
#15199=CARTESIAN_POINT('',(9.82,-10.68,3.));
#15200=CARTESIAN_POINT('',(19.18,-10.8,5.1));
#15201=CARTESIAN_POINT('',(21.82,-10.8,5.1));
#15202=CARTESIAN_POINT('',(19.18,-10.8,2.9));
#15203=CARTESIAN_POINT('',(21.82,-10.8,2.9));
#15204=CARTESIAN_POINT('',(19.3,-10.8,3.));
#15205=CARTESIAN_POINT('',(19.3,-10.8,3.));
#15206=CARTESIAN_POINT('',(20.5,-10.8,3.));
#15207=CARTESIAN_POINT('',(21.7,-10.8,3.));
#15208=CARTESIAN_POINT('',(21.7,-10.8,3.));
#15209=CARTESIAN_POINT('',(19.3,-13.32,2.9));
#15210=CARTESIAN_POINT('',(19.3,-10.68,2.9));
#15211=CARTESIAN_POINT('',(19.3,-13.32,5.1));
#15212=CARTESIAN_POINT('',(19.3,-10.68,5.1));
#15213=CARTESIAN_POINT('',(19.3,-13.2,3.));
#15214=CARTESIAN_POINT('',(19.3,-13.2,3.));
#15215=CARTESIAN_POINT('',(19.3,-12.,3.));
#15216=CARTESIAN_POINT('',(19.18,-13.2,5.1));
#15217=CARTESIAN_POINT('',(21.82,-13.2,5.1));
#15218=CARTESIAN_POINT('',(19.18,-13.2,2.9));
#15219=CARTESIAN_POINT('',(21.82,-13.2,2.9));
#15220=CARTESIAN_POINT('',(21.7,-13.2,3.));
#15221=CARTESIAN_POINT('',(21.7,-13.2,3.));
#15222=CARTESIAN_POINT('',(20.5,-13.2,3.));
#15223=CARTESIAN_POINT('',(21.7,-13.32,2.9));
#15224=CARTESIAN_POINT('',(21.7,-10.68,2.9));
#15225=CARTESIAN_POINT('',(21.7,-13.32,5.1));
#15226=CARTESIAN_POINT('',(21.7,-10.68,5.1));
#15227=CARTESIAN_POINT('',(21.7,-12.,3.));
#15228=CARTESIAN_POINT('',(19.18,-13.32,3.));
#15229=CARTESIAN_POINT('',(19.18,-10.68,3.));
#15230=CARTESIAN_POINT('',(21.82,-13.32,3.));
#15231=CARTESIAN_POINT('',(21.82,-10.68,3.));
#15232=CARTESIAN_POINT('',(22.18,-10.8,5.1));
#15233=CARTESIAN_POINT('',(24.82,-10.8,5.1));
#15234=CARTESIAN_POINT('',(22.18,-10.8,2.9));
#15235=CARTESIAN_POINT('',(24.82,-10.8,2.9));
#15236=CARTESIAN_POINT('',(22.3,-10.8,3.));
#15237=CARTESIAN_POINT('',(22.3,-10.8,3.));
#15238=CARTESIAN_POINT('',(23.5,-10.8,3.));
#15239=CARTESIAN_POINT('',(24.7,-10.8,3.));
#15240=CARTESIAN_POINT('',(24.7,-10.8,3.));
#15241=CARTESIAN_POINT('',(22.3,-13.32,2.9));
#15242=CARTESIAN_POINT('',(22.3,-10.68,2.9));
#15243=CARTESIAN_POINT('',(22.3,-13.32,5.1));
#15244=CARTESIAN_POINT('',(22.3,-10.68,5.1));
#15245=CARTESIAN_POINT('',(22.3,-13.2,3.));
#15246=CARTESIAN_POINT('',(22.3,-13.2,3.));
#15247=CARTESIAN_POINT('',(22.3,-12.,3.));
#15248=CARTESIAN_POINT('',(22.18,-13.2,5.1));
#15249=CARTESIAN_POINT('',(24.82,-13.2,5.1));
#15250=CARTESIAN_POINT('',(22.18,-13.2,2.9));
#15251=CARTESIAN_POINT('',(24.82,-13.2,2.9));
#15252=CARTESIAN_POINT('',(24.7,-13.2,3.));
#15253=CARTESIAN_POINT('',(24.7,-13.2,3.));
#15254=CARTESIAN_POINT('',(23.5,-13.2,3.));
#15255=CARTESIAN_POINT('',(24.7,-13.32,2.9));
#15256=CARTESIAN_POINT('',(24.7,-10.68,2.9));
#15257=CARTESIAN_POINT('',(24.7,-13.32,5.1));
#15258=CARTESIAN_POINT('',(24.7,-10.68,5.1));
#15259=CARTESIAN_POINT('',(24.7,-12.,3.));
#15260=CARTESIAN_POINT('',(22.18,-13.32,3.));
#15261=CARTESIAN_POINT('',(22.18,-10.68,3.));
#15262=CARTESIAN_POINT('',(24.82,-13.32,3.));
#15263=CARTESIAN_POINT('',(24.82,-10.68,3.));
#15264=CARTESIAN_POINT('',(25.18,-10.8,5.1));
#15265=CARTESIAN_POINT('',(27.82,-10.8,5.1));
#15266=CARTESIAN_POINT('',(25.18,-10.8,2.9));
#15267=CARTESIAN_POINT('',(27.82,-10.8,2.9));
#15268=CARTESIAN_POINT('',(25.3,-10.8,3.));
#15269=CARTESIAN_POINT('',(25.3,-10.8,3.));
#15270=CARTESIAN_POINT('',(26.5,-10.8,3.));
#15271=CARTESIAN_POINT('',(27.7,-10.8,3.));
#15272=CARTESIAN_POINT('',(27.7,-10.8,3.));
#15273=CARTESIAN_POINT('',(25.3,-13.32,2.9));
#15274=CARTESIAN_POINT('',(25.3,-10.68,2.9));
#15275=CARTESIAN_POINT('',(25.3,-13.32,5.1));
#15276=CARTESIAN_POINT('',(25.3,-10.68,5.1));
#15277=CARTESIAN_POINT('',(25.3,-13.2,3.));
#15278=CARTESIAN_POINT('',(25.3,-13.2,3.));
#15279=CARTESIAN_POINT('',(25.3,-12.,3.));
#15280=CARTESIAN_POINT('',(25.18,-13.2,5.1));
#15281=CARTESIAN_POINT('',(27.82,-13.2,5.1));
#15282=CARTESIAN_POINT('',(25.18,-13.2,2.9));
#15283=CARTESIAN_POINT('',(27.82,-13.2,2.9));
#15284=CARTESIAN_POINT('',(27.7,-13.2,3.));
#15285=CARTESIAN_POINT('',(27.7,-13.2,3.));
#15286=CARTESIAN_POINT('',(26.5,-13.2,3.));
#15287=CARTESIAN_POINT('',(27.7,-13.32,2.9));
#15288=CARTESIAN_POINT('',(27.7,-10.68,2.9));
#15289=CARTESIAN_POINT('',(27.7,-13.32,5.1));
#15290=CARTESIAN_POINT('',(27.7,-10.68,5.1));
#15291=CARTESIAN_POINT('',(27.7,-12.,3.));
#15292=CARTESIAN_POINT('',(25.18,-13.32,3.));
#15293=CARTESIAN_POINT('',(25.18,-10.68,3.));
#15294=CARTESIAN_POINT('',(27.82,-13.32,3.));
#15295=CARTESIAN_POINT('',(27.82,-10.68,3.));
#15296=CARTESIAN_POINT('',(28.18,-10.8,5.1));
#15297=CARTESIAN_POINT('',(30.82,-10.8,5.1));
#15298=CARTESIAN_POINT('',(28.18,-10.8,2.9));
#15299=CARTESIAN_POINT('',(30.82,-10.8,2.9));
#15300=CARTESIAN_POINT('',(28.3,-10.8,3.));
#15301=CARTESIAN_POINT('',(28.3,-10.8,3.));
#15302=CARTESIAN_POINT('',(29.5,-10.8,3.));
#15303=CARTESIAN_POINT('',(30.7,-10.8,3.));
#15304=CARTESIAN_POINT('',(30.7,-10.8,3.));
#15305=CARTESIAN_POINT('',(28.3,-13.32,2.9));
#15306=CARTESIAN_POINT('',(28.3,-10.68,2.9));
#15307=CARTESIAN_POINT('',(28.3,-13.32,5.1));
#15308=CARTESIAN_POINT('',(28.3,-10.68,5.1));
#15309=CARTESIAN_POINT('',(28.3,-13.2,3.));
#15310=CARTESIAN_POINT('',(28.3,-13.2,3.));
#15311=CARTESIAN_POINT('',(28.3,-12.,3.));
#15312=CARTESIAN_POINT('',(28.18,-13.2,5.1));
#15313=CARTESIAN_POINT('',(30.82,-13.2,5.1));
#15314=CARTESIAN_POINT('',(28.18,-13.2,2.9));
#15315=CARTESIAN_POINT('',(30.82,-13.2,2.9));
#15316=CARTESIAN_POINT('',(30.7,-13.2,3.));
#15317=CARTESIAN_POINT('',(30.7,-13.2,3.));
#15318=CARTESIAN_POINT('',(29.5,-13.2,3.));
#15319=CARTESIAN_POINT('',(30.7,-13.32,2.9));
#15320=CARTESIAN_POINT('',(30.7,-10.68,2.9));
#15321=CARTESIAN_POINT('',(30.7,-13.32,5.1));
#15322=CARTESIAN_POINT('',(30.7,-10.68,5.1));
#15323=CARTESIAN_POINT('',(30.7,-12.,3.));
#15324=CARTESIAN_POINT('',(28.18,-13.32,3.));
#15325=CARTESIAN_POINT('',(28.18,-10.68,3.));
#15326=CARTESIAN_POINT('',(30.82,-13.32,3.));
#15327=CARTESIAN_POINT('',(30.82,-10.68,3.));
#15328=CARTESIAN_POINT('',(43.18,-10.8,5.1));
#15329=CARTESIAN_POINT('',(45.82,-10.8,5.1));
#15330=CARTESIAN_POINT('',(43.18,-10.8,2.9));
#15331=CARTESIAN_POINT('',(45.82,-10.8,2.9));
#15332=CARTESIAN_POINT('',(43.3,-10.8,3.));
#15333=CARTESIAN_POINT('',(43.3,-10.8,3.));
#15334=CARTESIAN_POINT('',(44.5,-10.8,3.));
#15335=CARTESIAN_POINT('',(45.7,-10.8,3.));
#15336=CARTESIAN_POINT('',(45.7,-10.8,3.));
#15337=CARTESIAN_POINT('',(43.3,-13.32,2.9));
#15338=CARTESIAN_POINT('',(43.3,-10.68,2.9));
#15339=CARTESIAN_POINT('',(43.3,-13.32,5.1));
#15340=CARTESIAN_POINT('',(43.3,-10.68,5.1));
#15341=CARTESIAN_POINT('',(43.3,-13.2,3.));
#15342=CARTESIAN_POINT('',(43.3,-13.2,3.));
#15343=CARTESIAN_POINT('',(43.3,-12.,3.));
#15344=CARTESIAN_POINT('',(43.18,-13.2,5.1));
#15345=CARTESIAN_POINT('',(45.82,-13.2,5.1));
#15346=CARTESIAN_POINT('',(43.18,-13.2,2.9));
#15347=CARTESIAN_POINT('',(45.82,-13.2,2.9));
#15348=CARTESIAN_POINT('',(45.7,-13.2,3.));
#15349=CARTESIAN_POINT('',(45.7,-13.2,3.));
#15350=CARTESIAN_POINT('',(44.5,-13.2,3.));
#15351=CARTESIAN_POINT('',(45.7,-13.32,2.9));
#15352=CARTESIAN_POINT('',(45.7,-10.68,2.9));
#15353=CARTESIAN_POINT('',(45.7,-13.32,5.1));
#15354=CARTESIAN_POINT('',(45.7,-10.68,5.1));
#15355=CARTESIAN_POINT('',(45.7,-12.,3.));
#15356=CARTESIAN_POINT('',(43.18,-13.32,3.));
#15357=CARTESIAN_POINT('',(43.18,-10.68,3.));
#15358=CARTESIAN_POINT('',(45.82,-13.32,3.));
#15359=CARTESIAN_POINT('',(45.82,-10.68,3.));
#15360=CARTESIAN_POINT('',(46.18,-10.8,5.1));
#15361=CARTESIAN_POINT('',(48.82,-10.8,5.1));
#15362=CARTESIAN_POINT('',(46.18,-10.8,2.9));
#15363=CARTESIAN_POINT('',(48.82,-10.8,2.9));
#15364=CARTESIAN_POINT('',(46.3,-10.8,3.));
#15365=CARTESIAN_POINT('',(46.3,-10.8,3.));
#15366=CARTESIAN_POINT('',(47.5,-10.8,3.));
#15367=CARTESIAN_POINT('',(48.7,-10.8,3.));
#15368=CARTESIAN_POINT('',(48.7,-10.8,3.));
#15369=CARTESIAN_POINT('',(46.3,-13.32,2.9));
#15370=CARTESIAN_POINT('',(46.3,-10.68,2.9));
#15371=CARTESIAN_POINT('',(46.3,-13.32,5.1));
#15372=CARTESIAN_POINT('',(46.3,-10.68,5.1));
#15373=CARTESIAN_POINT('',(46.3,-13.2,3.));
#15374=CARTESIAN_POINT('',(46.3,-13.2,3.));
#15375=CARTESIAN_POINT('',(46.3,-12.,3.));
#15376=CARTESIAN_POINT('',(46.18,-13.2,5.1));
#15377=CARTESIAN_POINT('',(48.82,-13.2,5.1));
#15378=CARTESIAN_POINT('',(46.18,-13.2,2.9));
#15379=CARTESIAN_POINT('',(48.82,-13.2,2.9));
#15380=CARTESIAN_POINT('',(48.7,-13.2,3.));
#15381=CARTESIAN_POINT('',(48.7,-13.2,3.));
#15382=CARTESIAN_POINT('',(47.5,-13.2,3.));
#15383=CARTESIAN_POINT('',(48.7,-13.32,2.9));
#15384=CARTESIAN_POINT('',(48.7,-10.68,2.9));
#15385=CARTESIAN_POINT('',(48.7,-13.32,5.1));
#15386=CARTESIAN_POINT('',(48.7,-10.68,5.1));
#15387=CARTESIAN_POINT('',(48.7,-12.,3.));
#15388=CARTESIAN_POINT('',(46.18,-13.32,3.));
#15389=CARTESIAN_POINT('',(46.18,-10.68,3.));
#15390=CARTESIAN_POINT('',(48.82,-13.32,3.));
#15391=CARTESIAN_POINT('',(48.82,-10.68,3.));
#15392=CARTESIAN_POINT('',(49.18,-10.8,5.1));
#15393=CARTESIAN_POINT('',(51.82,-10.8,5.1));
#15394=CARTESIAN_POINT('',(49.18,-10.8,2.9));
#15395=CARTESIAN_POINT('',(51.82,-10.8,2.9));
#15396=CARTESIAN_POINT('',(49.3,-10.8,3.));
#15397=CARTESIAN_POINT('',(49.3,-10.8,3.));
#15398=CARTESIAN_POINT('',(50.5,-10.8,3.));
#15399=CARTESIAN_POINT('',(51.7,-10.8,3.));
#15400=CARTESIAN_POINT('',(51.7,-10.8,3.));
#15401=CARTESIAN_POINT('',(49.3,-13.32,2.9));
#15402=CARTESIAN_POINT('',(49.3,-10.68,2.9));
#15403=CARTESIAN_POINT('',(49.3,-13.32,5.1));
#15404=CARTESIAN_POINT('',(49.3,-10.68,5.1));
#15405=CARTESIAN_POINT('',(49.3,-13.2,3.));
#15406=CARTESIAN_POINT('',(49.3,-13.2,3.));
#15407=CARTESIAN_POINT('',(49.3,-12.,3.));
#15408=CARTESIAN_POINT('',(49.18,-13.2,5.1));
#15409=CARTESIAN_POINT('',(51.82,-13.2,5.1));
#15410=CARTESIAN_POINT('',(49.18,-13.2,2.9));
#15411=CARTESIAN_POINT('',(51.82,-13.2,2.9));
#15412=CARTESIAN_POINT('',(51.7,-13.2,3.));
#15413=CARTESIAN_POINT('',(51.7,-13.2,3.));
#15414=CARTESIAN_POINT('',(50.5,-13.2,3.));
#15415=CARTESIAN_POINT('',(51.7,-13.32,2.9));
#15416=CARTESIAN_POINT('',(51.7,-10.68,2.9));
#15417=CARTESIAN_POINT('',(51.7,-13.32,5.1));
#15418=CARTESIAN_POINT('',(51.7,-10.68,5.1));
#15419=CARTESIAN_POINT('',(51.7,-12.,3.));
#15420=CARTESIAN_POINT('',(49.18,-13.32,3.));
#15421=CARTESIAN_POINT('',(49.18,-10.68,3.));
#15422=CARTESIAN_POINT('',(51.82,-13.32,3.));
#15423=CARTESIAN_POINT('',(51.82,-10.68,3.));
#15424=CARTESIAN_POINT('',(4.18,-7.8,5.1));
#15425=CARTESIAN_POINT('',(6.82,-7.8,5.1));
#15426=CARTESIAN_POINT('',(4.18,-7.8,2.9));
#15427=CARTESIAN_POINT('',(6.82,-7.8,2.9));
#15428=CARTESIAN_POINT('',(4.3,-7.8,3.));
#15429=CARTESIAN_POINT('',(4.3,-7.8,3.));
#15430=CARTESIAN_POINT('',(5.5,-7.8,3.));
#15431=CARTESIAN_POINT('',(6.7,-7.8,3.));
#15432=CARTESIAN_POINT('',(6.7,-7.8,3.));
#15433=CARTESIAN_POINT('',(4.3,-10.32,2.9));
#15434=CARTESIAN_POINT('',(4.3,-7.68,2.9));
#15435=CARTESIAN_POINT('',(4.3,-10.32,5.1));
#15436=CARTESIAN_POINT('',(4.3,-7.68,5.1));
#15437=CARTESIAN_POINT('',(4.3,-10.2,3.));
#15438=CARTESIAN_POINT('',(4.3,-10.2,3.));
#15439=CARTESIAN_POINT('',(4.3,-9.,3.));
#15440=CARTESIAN_POINT('',(4.18,-10.2,5.1));
#15441=CARTESIAN_POINT('',(6.82,-10.2,5.1));
#15442=CARTESIAN_POINT('',(4.18,-10.2,2.9));
#15443=CARTESIAN_POINT('',(6.82,-10.2,2.9));
#15444=CARTESIAN_POINT('',(6.7,-10.2,3.));
#15445=CARTESIAN_POINT('',(6.7,-10.2,3.));
#15446=CARTESIAN_POINT('',(5.5,-10.2,3.));
#15447=CARTESIAN_POINT('',(6.7,-10.32,2.9));
#15448=CARTESIAN_POINT('',(6.7,-7.68,2.9));
#15449=CARTESIAN_POINT('',(6.7,-10.32,5.1));
#15450=CARTESIAN_POINT('',(6.7,-7.68,5.1));
#15451=CARTESIAN_POINT('',(6.7,-9.,3.));
#15452=CARTESIAN_POINT('',(4.18,-10.32,3.));
#15453=CARTESIAN_POINT('',(4.18,-7.68,3.));
#15454=CARTESIAN_POINT('',(6.82,-10.32,3.));
#15455=CARTESIAN_POINT('',(6.82,-7.68,3.));
#15456=CARTESIAN_POINT('',(34.18,-10.8,5.1));
#15457=CARTESIAN_POINT('',(36.82,-10.8,5.1));
#15458=CARTESIAN_POINT('',(34.18,-10.8,2.9));
#15459=CARTESIAN_POINT('',(36.82,-10.8,2.9));
#15460=CARTESIAN_POINT('',(34.3,-10.8,3.));
#15461=CARTESIAN_POINT('',(34.3,-10.8,3.));
#15462=CARTESIAN_POINT('',(35.5,-10.8,3.));
#15463=CARTESIAN_POINT('',(36.7,-10.8,3.));
#15464=CARTESIAN_POINT('',(36.7,-10.8,3.));
#15465=CARTESIAN_POINT('',(34.3,-13.32,2.9));
#15466=CARTESIAN_POINT('',(34.3,-10.68,2.9));
#15467=CARTESIAN_POINT('',(34.3,-13.32,5.1));
#15468=CARTESIAN_POINT('',(34.3,-10.68,5.1));
#15469=CARTESIAN_POINT('',(34.3,-13.2,3.));
#15470=CARTESIAN_POINT('',(34.3,-13.2,3.));
#15471=CARTESIAN_POINT('',(34.3,-12.,3.));
#15472=CARTESIAN_POINT('',(34.18,-13.2,5.1));
#15473=CARTESIAN_POINT('',(36.82,-13.2,5.1));
#15474=CARTESIAN_POINT('',(34.18,-13.2,2.9));
#15475=CARTESIAN_POINT('',(36.82,-13.2,2.9));
#15476=CARTESIAN_POINT('',(36.7,-13.2,3.));
#15477=CARTESIAN_POINT('',(36.7,-13.2,3.));
#15478=CARTESIAN_POINT('',(35.5,-13.2,3.));
#15479=CARTESIAN_POINT('',(36.7,-13.32,2.9));
#15480=CARTESIAN_POINT('',(36.7,-10.68,2.9));
#15481=CARTESIAN_POINT('',(36.7,-13.32,5.1));
#15482=CARTESIAN_POINT('',(36.7,-10.68,5.1));
#15483=CARTESIAN_POINT('',(36.7,-12.,3.));
#15484=CARTESIAN_POINT('',(34.18,-13.32,3.));
#15485=CARTESIAN_POINT('',(34.18,-10.68,3.));
#15486=CARTESIAN_POINT('',(36.82,-13.32,3.));
#15487=CARTESIAN_POINT('',(36.82,-10.68,3.));
#15488=CARTESIAN_POINT('',(37.18,-10.8,5.1));
#15489=CARTESIAN_POINT('',(39.82,-10.8,5.1));
#15490=CARTESIAN_POINT('',(37.18,-10.8,2.9));
#15491=CARTESIAN_POINT('',(39.82,-10.8,2.9));
#15492=CARTESIAN_POINT('',(37.3,-10.8,3.));
#15493=CARTESIAN_POINT('',(37.3,-10.8,3.));
#15494=CARTESIAN_POINT('',(38.5,-10.8,3.));
#15495=CARTESIAN_POINT('',(39.7,-10.8,3.));
#15496=CARTESIAN_POINT('',(39.7,-10.8,3.));
#15497=CARTESIAN_POINT('',(37.3,-13.32,2.9));
#15498=CARTESIAN_POINT('',(37.3,-10.68,2.9));
#15499=CARTESIAN_POINT('',(37.3,-13.32,5.1));
#15500=CARTESIAN_POINT('',(37.3,-10.68,5.1));
#15501=CARTESIAN_POINT('',(37.3,-13.2,3.));
#15502=CARTESIAN_POINT('',(37.3,-13.2,3.));
#15503=CARTESIAN_POINT('',(37.3,-12.,3.));
#15504=CARTESIAN_POINT('',(37.18,-13.2,5.1));
#15505=CARTESIAN_POINT('',(39.82,-13.2,5.1));
#15506=CARTESIAN_POINT('',(37.18,-13.2,2.9));
#15507=CARTESIAN_POINT('',(39.82,-13.2,2.9));
#15508=CARTESIAN_POINT('',(39.7,-13.2,3.));
#15509=CARTESIAN_POINT('',(39.7,-13.2,3.));
#15510=CARTESIAN_POINT('',(38.5,-13.2,3.));
#15511=CARTESIAN_POINT('',(39.7,-13.32,2.9));
#15512=CARTESIAN_POINT('',(39.7,-10.68,2.9));
#15513=CARTESIAN_POINT('',(39.7,-13.32,5.1));
#15514=CARTESIAN_POINT('',(39.7,-10.68,5.1));
#15515=CARTESIAN_POINT('',(39.7,-12.,3.));
#15516=CARTESIAN_POINT('',(37.18,-13.32,3.));
#15517=CARTESIAN_POINT('',(37.18,-10.68,3.));
#15518=CARTESIAN_POINT('',(39.82,-13.32,3.));
#15519=CARTESIAN_POINT('',(39.82,-10.68,3.));
#15520=CARTESIAN_POINT('',(40.18,-10.8,5.1));
#15521=CARTESIAN_POINT('',(42.82,-10.8,5.1));
#15522=CARTESIAN_POINT('',(40.18,-10.8,2.9));
#15523=CARTESIAN_POINT('',(42.82,-10.8,2.9));
#15524=CARTESIAN_POINT('',(40.3,-10.8,3.));
#15525=CARTESIAN_POINT('',(40.3,-10.8,3.));
#15526=CARTESIAN_POINT('',(41.5,-10.8,3.));
#15527=CARTESIAN_POINT('',(42.7,-10.8,3.));
#15528=CARTESIAN_POINT('',(42.7,-10.8,3.));
#15529=CARTESIAN_POINT('',(40.3,-13.32,2.9));
#15530=CARTESIAN_POINT('',(40.3,-10.68,2.9));
#15531=CARTESIAN_POINT('',(40.3,-13.32,5.1));
#15532=CARTESIAN_POINT('',(40.3,-10.68,5.1));
#15533=CARTESIAN_POINT('',(40.3,-13.2,3.));
#15534=CARTESIAN_POINT('',(40.3,-13.2,3.));
#15535=CARTESIAN_POINT('',(40.3,-12.,3.));
#15536=CARTESIAN_POINT('',(40.18,-13.2,5.1));
#15537=CARTESIAN_POINT('',(42.82,-13.2,5.1));
#15538=CARTESIAN_POINT('',(40.18,-13.2,2.9));
#15539=CARTESIAN_POINT('',(42.82,-13.2,2.9));
#15540=CARTESIAN_POINT('',(42.7,-13.2,3.));
#15541=CARTESIAN_POINT('',(42.7,-13.2,3.));
#15542=CARTESIAN_POINT('',(41.5,-13.2,3.));
#15543=CARTESIAN_POINT('',(42.7,-13.32,2.9));
#15544=CARTESIAN_POINT('',(42.7,-10.68,2.9));
#15545=CARTESIAN_POINT('',(42.7,-13.32,5.1));
#15546=CARTESIAN_POINT('',(42.7,-10.68,5.1));
#15547=CARTESIAN_POINT('',(42.7,-12.,3.));
#15548=CARTESIAN_POINT('',(40.18,-13.32,3.));
#15549=CARTESIAN_POINT('',(40.18,-10.68,3.));
#15550=CARTESIAN_POINT('',(42.82,-13.32,3.));
#15551=CARTESIAN_POINT('',(42.82,-10.68,3.));
#15552=CARTESIAN_POINT('',(31.18,-10.8,5.1));
#15553=CARTESIAN_POINT('',(33.82,-10.8,5.1));
#15554=CARTESIAN_POINT('',(31.18,-10.8,2.9));
#15555=CARTESIAN_POINT('',(33.82,-10.8,2.9));
#15556=CARTESIAN_POINT('',(31.3,-10.8,3.));
#15557=CARTESIAN_POINT('',(31.3,-10.8,3.));
#15558=CARTESIAN_POINT('',(32.5,-10.8,3.));
#15559=CARTESIAN_POINT('',(33.7,-10.8,3.));
#15560=CARTESIAN_POINT('',(33.7,-10.8,3.));
#15561=CARTESIAN_POINT('',(31.3,-13.32,2.9));
#15562=CARTESIAN_POINT('',(31.3,-10.68,2.9));
#15563=CARTESIAN_POINT('',(31.3,-13.32,5.1));
#15564=CARTESIAN_POINT('',(31.3,-10.68,5.1));
#15565=CARTESIAN_POINT('',(31.3,-13.2,3.));
#15566=CARTESIAN_POINT('',(31.3,-13.2,3.));
#15567=CARTESIAN_POINT('',(31.3,-12.,3.));
#15568=CARTESIAN_POINT('',(31.18,-13.2,5.1));
#15569=CARTESIAN_POINT('',(33.82,-13.2,5.1));
#15570=CARTESIAN_POINT('',(31.18,-13.2,2.9));
#15571=CARTESIAN_POINT('',(33.82,-13.2,2.9));
#15572=CARTESIAN_POINT('',(33.7,-13.2,3.));
#15573=CARTESIAN_POINT('',(33.7,-13.2,3.));
#15574=CARTESIAN_POINT('',(32.5,-13.2,3.));
#15575=CARTESIAN_POINT('',(33.7,-13.32,2.9));
#15576=CARTESIAN_POINT('',(33.7,-10.68,2.9));
#15577=CARTESIAN_POINT('',(33.7,-13.32,5.1));
#15578=CARTESIAN_POINT('',(33.7,-10.68,5.1));
#15579=CARTESIAN_POINT('',(33.7,-12.,3.));
#15580=CARTESIAN_POINT('',(31.18,-13.32,3.));
#15581=CARTESIAN_POINT('',(31.18,-10.68,3.));
#15582=CARTESIAN_POINT('',(33.82,-13.32,3.));
#15583=CARTESIAN_POINT('',(33.82,-10.68,3.));
#15584=CARTESIAN_POINT('',(49.18,-1.8,5.1));
#15585=CARTESIAN_POINT('',(51.82,-1.8,5.1));
#15586=CARTESIAN_POINT('',(49.18,-1.8,2.9));
#15587=CARTESIAN_POINT('',(51.82,-1.8,2.9));
#15588=CARTESIAN_POINT('',(49.3,-1.8,3.));
#15589=CARTESIAN_POINT('',(49.3,-1.8,3.));
#15590=CARTESIAN_POINT('',(50.5,-1.8,3.));
#15591=CARTESIAN_POINT('',(51.7,-1.8,3.));
#15592=CARTESIAN_POINT('',(51.7,-1.8,3.));
#15593=CARTESIAN_POINT('',(49.3,-4.32,2.9));
#15594=CARTESIAN_POINT('',(49.3,-1.68,2.9));
#15595=CARTESIAN_POINT('',(49.3,-4.32,5.1));
#15596=CARTESIAN_POINT('',(49.3,-1.68,5.1));
#15597=CARTESIAN_POINT('',(49.3,-4.2,3.));
#15598=CARTESIAN_POINT('',(49.3,-4.2,3.));
#15599=CARTESIAN_POINT('',(49.3,-3.,3.));
#15600=CARTESIAN_POINT('',(49.18,-4.2,5.1));
#15601=CARTESIAN_POINT('',(51.82,-4.2,5.1));
#15602=CARTESIAN_POINT('',(49.18,-4.2,2.9));
#15603=CARTESIAN_POINT('',(51.82,-4.2,2.9));
#15604=CARTESIAN_POINT('',(51.7,-4.2,3.));
#15605=CARTESIAN_POINT('',(51.7,-4.2,3.));
#15606=CARTESIAN_POINT('',(50.5,-4.2,3.));
#15607=CARTESIAN_POINT('',(51.7,-4.32,2.9));
#15608=CARTESIAN_POINT('',(51.7,-1.68,2.9));
#15609=CARTESIAN_POINT('',(51.7,-4.32,5.1));
#15610=CARTESIAN_POINT('',(51.7,-1.68,5.1));
#15611=CARTESIAN_POINT('',(51.7,-3.,3.));
#15612=CARTESIAN_POINT('',(49.18,-4.32,3.));
#15613=CARTESIAN_POINT('',(49.18,-1.68,3.));
#15614=CARTESIAN_POINT('',(51.82,-4.32,3.));
#15615=CARTESIAN_POINT('',(51.82,-1.68,3.));
#15616=CARTESIAN_POINT('',(46.18,-1.8,5.1));
#15617=CARTESIAN_POINT('',(48.82,-1.8,5.1));
#15618=CARTESIAN_POINT('',(46.18,-1.8,2.9));
#15619=CARTESIAN_POINT('',(48.82,-1.8,2.9));
#15620=CARTESIAN_POINT('',(46.3,-1.8,3.));
#15621=CARTESIAN_POINT('',(46.3,-1.8,3.));
#15622=CARTESIAN_POINT('',(47.5,-1.8,3.));
#15623=CARTESIAN_POINT('',(48.7,-1.8,3.));
#15624=CARTESIAN_POINT('',(48.7,-1.8,3.));
#15625=CARTESIAN_POINT('',(46.3,-4.32,2.9));
#15626=CARTESIAN_POINT('',(46.3,-1.68,2.9));
#15627=CARTESIAN_POINT('',(46.3,-4.32,5.1));
#15628=CARTESIAN_POINT('',(46.3,-1.68,5.1));
#15629=CARTESIAN_POINT('',(46.3,-4.2,3.));
#15630=CARTESIAN_POINT('',(46.3,-4.2,3.));
#15631=CARTESIAN_POINT('',(46.3,-3.,3.));
#15632=CARTESIAN_POINT('',(46.18,-4.2,5.1));
#15633=CARTESIAN_POINT('',(48.82,-4.2,5.1));
#15634=CARTESIAN_POINT('',(46.18,-4.2,2.9));
#15635=CARTESIAN_POINT('',(48.82,-4.2,2.9));
#15636=CARTESIAN_POINT('',(48.7,-4.2,3.));
#15637=CARTESIAN_POINT('',(48.7,-4.2,3.));
#15638=CARTESIAN_POINT('',(47.5,-4.2,3.));
#15639=CARTESIAN_POINT('',(48.7,-4.32,2.9));
#15640=CARTESIAN_POINT('',(48.7,-1.68,2.9));
#15641=CARTESIAN_POINT('',(48.7,-4.32,5.1));
#15642=CARTESIAN_POINT('',(48.7,-1.68,5.1));
#15643=CARTESIAN_POINT('',(48.7,-3.,3.));
#15644=CARTESIAN_POINT('',(46.18,-4.32,3.));
#15645=CARTESIAN_POINT('',(46.18,-1.68,3.));
#15646=CARTESIAN_POINT('',(48.82,-4.32,3.));
#15647=CARTESIAN_POINT('',(48.82,-1.68,3.));
#15648=CARTESIAN_POINT('',(43.18,-1.8,5.1));
#15649=CARTESIAN_POINT('',(45.82,-1.8,5.1));
#15650=CARTESIAN_POINT('',(43.18,-1.8,2.9));
#15651=CARTESIAN_POINT('',(45.82,-1.8,2.9));
#15652=CARTESIAN_POINT('',(43.3,-1.8,3.));
#15653=CARTESIAN_POINT('',(43.3,-1.8,3.));
#15654=CARTESIAN_POINT('',(44.5,-1.8,3.));
#15655=CARTESIAN_POINT('',(45.7,-1.8,3.));
#15656=CARTESIAN_POINT('',(45.7,-1.8,3.));
#15657=CARTESIAN_POINT('',(43.3,-4.32,2.9));
#15658=CARTESIAN_POINT('',(43.3,-1.68,2.9));
#15659=CARTESIAN_POINT('',(43.3,-4.32,5.1));
#15660=CARTESIAN_POINT('',(43.3,-1.68,5.1));
#15661=CARTESIAN_POINT('',(43.3,-4.2,3.));
#15662=CARTESIAN_POINT('',(43.3,-4.2,3.));
#15663=CARTESIAN_POINT('',(43.3,-3.,3.));
#15664=CARTESIAN_POINT('',(43.18,-4.2,5.1));
#15665=CARTESIAN_POINT('',(45.82,-4.2,5.1));
#15666=CARTESIAN_POINT('',(43.18,-4.2,2.9));
#15667=CARTESIAN_POINT('',(45.82,-4.2,2.9));
#15668=CARTESIAN_POINT('',(45.7,-4.2,3.));
#15669=CARTESIAN_POINT('',(45.7,-4.2,3.));
#15670=CARTESIAN_POINT('',(44.5,-4.2,3.));
#15671=CARTESIAN_POINT('',(45.7,-4.32,2.9));
#15672=CARTESIAN_POINT('',(45.7,-1.68,2.9));
#15673=CARTESIAN_POINT('',(45.7,-4.32,5.1));
#15674=CARTESIAN_POINT('',(45.7,-1.68,5.1));
#15675=CARTESIAN_POINT('',(45.7,-3.,3.));
#15676=CARTESIAN_POINT('',(43.18,-4.32,3.));
#15677=CARTESIAN_POINT('',(43.18,-1.68,3.));
#15678=CARTESIAN_POINT('',(45.82,-4.32,3.));
#15679=CARTESIAN_POINT('',(45.82,-1.68,3.));
#15680=CARTESIAN_POINT('',(40.18,-1.8,5.1));
#15681=CARTESIAN_POINT('',(42.82,-1.8,5.1));
#15682=CARTESIAN_POINT('',(40.18,-1.8,2.9));
#15683=CARTESIAN_POINT('',(42.82,-1.8,2.9));
#15684=CARTESIAN_POINT('',(40.3,-1.8,3.));
#15685=CARTESIAN_POINT('',(40.3,-1.8,3.));
#15686=CARTESIAN_POINT('',(41.5,-1.8,3.));
#15687=CARTESIAN_POINT('',(42.7,-1.8,3.));
#15688=CARTESIAN_POINT('',(42.7,-1.8,3.));
#15689=CARTESIAN_POINT('',(40.3,-4.32,2.9));
#15690=CARTESIAN_POINT('',(40.3,-1.68,2.9));
#15691=CARTESIAN_POINT('',(40.3,-4.32,5.1));
#15692=CARTESIAN_POINT('',(40.3,-1.68,5.1));
#15693=CARTESIAN_POINT('',(40.3,-4.2,3.));
#15694=CARTESIAN_POINT('',(40.3,-4.2,3.));
#15695=CARTESIAN_POINT('',(40.3,-3.,3.));
#15696=CARTESIAN_POINT('',(40.18,-4.2,5.1));
#15697=CARTESIAN_POINT('',(42.82,-4.2,5.1));
#15698=CARTESIAN_POINT('',(40.18,-4.2,2.9));
#15699=CARTESIAN_POINT('',(42.82,-4.2,2.9));
#15700=CARTESIAN_POINT('',(42.7,-4.2,3.));
#15701=CARTESIAN_POINT('',(42.7,-4.2,3.));
#15702=CARTESIAN_POINT('',(41.5,-4.2,3.));
#15703=CARTESIAN_POINT('',(42.7,-4.32,2.9));
#15704=CARTESIAN_POINT('',(42.7,-1.68,2.9));
#15705=CARTESIAN_POINT('',(42.7,-4.32,5.1));
#15706=CARTESIAN_POINT('',(42.7,-1.68,5.1));
#15707=CARTESIAN_POINT('',(42.7,-3.,3.));
#15708=CARTESIAN_POINT('',(40.18,-4.32,3.));
#15709=CARTESIAN_POINT('',(40.18,-1.68,3.));
#15710=CARTESIAN_POINT('',(42.82,-4.32,3.));
#15711=CARTESIAN_POINT('',(42.82,-1.68,3.));
#15712=CARTESIAN_POINT('',(37.18,-1.8,5.1));
#15713=CARTESIAN_POINT('',(39.82,-1.8,5.1));
#15714=CARTESIAN_POINT('',(37.18,-1.8,2.9));
#15715=CARTESIAN_POINT('',(39.82,-1.8,2.9));
#15716=CARTESIAN_POINT('',(37.3,-1.8,3.));
#15717=CARTESIAN_POINT('',(37.3,-1.8,3.));
#15718=CARTESIAN_POINT('',(38.5,-1.8,3.));
#15719=CARTESIAN_POINT('',(39.7,-1.8,3.));
#15720=CARTESIAN_POINT('',(39.7,-1.8,3.));
#15721=CARTESIAN_POINT('',(37.3,-4.32,2.9));
#15722=CARTESIAN_POINT('',(37.3,-1.68,2.9));
#15723=CARTESIAN_POINT('',(37.3,-4.32,5.1));
#15724=CARTESIAN_POINT('',(37.3,-1.68,5.1));
#15725=CARTESIAN_POINT('',(37.3,-4.2,3.));
#15726=CARTESIAN_POINT('',(37.3,-4.2,3.));
#15727=CARTESIAN_POINT('',(37.3,-3.,3.));
#15728=CARTESIAN_POINT('',(37.18,-4.2,5.1));
#15729=CARTESIAN_POINT('',(39.82,-4.2,5.1));
#15730=CARTESIAN_POINT('',(37.18,-4.2,2.9));
#15731=CARTESIAN_POINT('',(39.82,-4.2,2.9));
#15732=CARTESIAN_POINT('',(39.7,-4.2,3.));
#15733=CARTESIAN_POINT('',(39.7,-4.2,3.));
#15734=CARTESIAN_POINT('',(38.5,-4.2,3.));
#15735=CARTESIAN_POINT('',(39.7,-4.32,2.9));
#15736=CARTESIAN_POINT('',(39.7,-1.68,2.9));
#15737=CARTESIAN_POINT('',(39.7,-4.32,5.1));
#15738=CARTESIAN_POINT('',(39.7,-1.68,5.1));
#15739=CARTESIAN_POINT('',(39.7,-3.,3.));
#15740=CARTESIAN_POINT('',(37.18,-4.32,3.));
#15741=CARTESIAN_POINT('',(37.18,-1.68,3.));
#15742=CARTESIAN_POINT('',(39.82,-4.32,3.));
#15743=CARTESIAN_POINT('',(39.82,-1.68,3.));
#15744=CARTESIAN_POINT('',(34.18,-1.8,5.1));
#15745=CARTESIAN_POINT('',(36.82,-1.8,5.1));
#15746=CARTESIAN_POINT('',(34.18,-1.8,2.9));
#15747=CARTESIAN_POINT('',(36.82,-1.8,2.9));
#15748=CARTESIAN_POINT('',(34.3,-1.8,3.));
#15749=CARTESIAN_POINT('',(34.3,-1.8,3.));
#15750=CARTESIAN_POINT('',(35.5,-1.8,3.));
#15751=CARTESIAN_POINT('',(36.7,-1.8,3.));
#15752=CARTESIAN_POINT('',(36.7,-1.8,3.));
#15753=CARTESIAN_POINT('',(34.3,-4.32,2.9));
#15754=CARTESIAN_POINT('',(34.3,-1.68,2.9));
#15755=CARTESIAN_POINT('',(34.3,-4.32,5.1));
#15756=CARTESIAN_POINT('',(34.3,-1.68,5.1));
#15757=CARTESIAN_POINT('',(34.3,-4.2,3.));
#15758=CARTESIAN_POINT('',(34.3,-4.2,3.));
#15759=CARTESIAN_POINT('',(34.3,-3.,3.));
#15760=CARTESIAN_POINT('',(34.18,-4.2,5.1));
#15761=CARTESIAN_POINT('',(36.82,-4.2,5.1));
#15762=CARTESIAN_POINT('',(34.18,-4.2,2.9));
#15763=CARTESIAN_POINT('',(36.82,-4.2,2.9));
#15764=CARTESIAN_POINT('',(36.7,-4.2,3.));
#15765=CARTESIAN_POINT('',(36.7,-4.2,3.));
#15766=CARTESIAN_POINT('',(35.5,-4.2,3.));
#15767=CARTESIAN_POINT('',(36.7,-4.32,2.9));
#15768=CARTESIAN_POINT('',(36.7,-1.68,2.9));
#15769=CARTESIAN_POINT('',(36.7,-4.32,5.1));
#15770=CARTESIAN_POINT('',(36.7,-1.68,5.1));
#15771=CARTESIAN_POINT('',(36.7,-3.,3.));
#15772=CARTESIAN_POINT('',(34.18,-4.32,3.));
#15773=CARTESIAN_POINT('',(34.18,-1.68,3.));
#15774=CARTESIAN_POINT('',(36.82,-4.32,3.));
#15775=CARTESIAN_POINT('',(36.82,-1.68,3.));
#15776=CARTESIAN_POINT('',(31.18,-1.8,5.1));
#15777=CARTESIAN_POINT('',(33.82,-1.8,5.1));
#15778=CARTESIAN_POINT('',(31.18,-1.8,2.9));
#15779=CARTESIAN_POINT('',(33.82,-1.8,2.9));
#15780=CARTESIAN_POINT('',(31.3,-1.8,3.));
#15781=CARTESIAN_POINT('',(31.3,-1.8,3.));
#15782=CARTESIAN_POINT('',(32.5,-1.8,3.));
#15783=CARTESIAN_POINT('',(33.7,-1.8,3.));
#15784=CARTESIAN_POINT('',(33.7,-1.8,3.));
#15785=CARTESIAN_POINT('',(31.3,-4.32,2.9));
#15786=CARTESIAN_POINT('',(31.3,-1.68,2.9));
#15787=CARTESIAN_POINT('',(31.3,-4.32,5.1));
#15788=CARTESIAN_POINT('',(31.3,-1.68,5.1));
#15789=CARTESIAN_POINT('',(31.3,-4.2,3.));
#15790=CARTESIAN_POINT('',(31.3,-4.2,3.));
#15791=CARTESIAN_POINT('',(31.3,-3.,3.));
#15792=CARTESIAN_POINT('',(31.18,-4.2,5.1));
#15793=CARTESIAN_POINT('',(33.82,-4.2,5.1));
#15794=CARTESIAN_POINT('',(31.18,-4.2,2.9));
#15795=CARTESIAN_POINT('',(33.82,-4.2,2.9));
#15796=CARTESIAN_POINT('',(33.7,-4.2,3.));
#15797=CARTESIAN_POINT('',(33.7,-4.2,3.));
#15798=CARTESIAN_POINT('',(32.5,-4.2,3.));
#15799=CARTESIAN_POINT('',(33.7,-4.32,2.9));
#15800=CARTESIAN_POINT('',(33.7,-1.68,2.9));
#15801=CARTESIAN_POINT('',(33.7,-4.32,5.1));
#15802=CARTESIAN_POINT('',(33.7,-1.68,5.1));
#15803=CARTESIAN_POINT('',(33.7,-3.,3.));
#15804=CARTESIAN_POINT('',(31.18,-4.32,3.));
#15805=CARTESIAN_POINT('',(31.18,-1.68,3.));
#15806=CARTESIAN_POINT('',(33.82,-4.32,3.));
#15807=CARTESIAN_POINT('',(33.82,-1.68,3.));
#15808=CARTESIAN_POINT('',(28.18,-1.8,5.1));
#15809=CARTESIAN_POINT('',(30.82,-1.8,5.1));
#15810=CARTESIAN_POINT('',(28.18,-1.8,2.9));
#15811=CARTESIAN_POINT('',(30.82,-1.8,2.9));
#15812=CARTESIAN_POINT('',(28.3,-1.8,3.));
#15813=CARTESIAN_POINT('',(28.3,-1.8,3.));
#15814=CARTESIAN_POINT('',(29.5,-1.8,3.));
#15815=CARTESIAN_POINT('',(30.7,-1.8,3.));
#15816=CARTESIAN_POINT('',(30.7,-1.8,3.));
#15817=CARTESIAN_POINT('',(28.3,-4.32,2.9));
#15818=CARTESIAN_POINT('',(28.3,-1.68,2.9));
#15819=CARTESIAN_POINT('',(28.3,-4.32,5.1));
#15820=CARTESIAN_POINT('',(28.3,-1.68,5.1));
#15821=CARTESIAN_POINT('',(28.3,-4.2,3.));
#15822=CARTESIAN_POINT('',(28.3,-4.2,3.));
#15823=CARTESIAN_POINT('',(28.3,-3.,3.));
#15824=CARTESIAN_POINT('',(28.18,-4.2,5.1));
#15825=CARTESIAN_POINT('',(30.82,-4.2,5.1));
#15826=CARTESIAN_POINT('',(28.18,-4.2,2.9));
#15827=CARTESIAN_POINT('',(30.82,-4.2,2.9));
#15828=CARTESIAN_POINT('',(30.7,-4.2,3.));
#15829=CARTESIAN_POINT('',(30.7,-4.2,3.));
#15830=CARTESIAN_POINT('',(29.5,-4.2,3.));
#15831=CARTESIAN_POINT('',(30.7,-4.32,2.9));
#15832=CARTESIAN_POINT('',(30.7,-1.68,2.9));
#15833=CARTESIAN_POINT('',(30.7,-4.32,5.1));
#15834=CARTESIAN_POINT('',(30.7,-1.68,5.1));
#15835=CARTESIAN_POINT('',(30.7,-3.,3.));
#15836=CARTESIAN_POINT('',(28.18,-4.32,3.));
#15837=CARTESIAN_POINT('',(28.18,-1.68,3.));
#15838=CARTESIAN_POINT('',(30.82,-4.32,3.));
#15839=CARTESIAN_POINT('',(30.82,-1.68,3.));
#15840=CARTESIAN_POINT('',(25.18,-1.8,5.1));
#15841=CARTESIAN_POINT('',(27.82,-1.8,5.1));
#15842=CARTESIAN_POINT('',(25.18,-1.8,2.9));
#15843=CARTESIAN_POINT('',(27.82,-1.8,2.9));
#15844=CARTESIAN_POINT('',(25.3,-1.8,3.));
#15845=CARTESIAN_POINT('',(25.3,-1.8,3.));
#15846=CARTESIAN_POINT('',(26.5,-1.8,3.));
#15847=CARTESIAN_POINT('',(27.7,-1.8,3.));
#15848=CARTESIAN_POINT('',(27.7,-1.8,3.));
#15849=CARTESIAN_POINT('',(25.3,-4.32,2.9));
#15850=CARTESIAN_POINT('',(25.3,-1.68,2.9));
#15851=CARTESIAN_POINT('',(25.3,-4.32,5.1));
#15852=CARTESIAN_POINT('',(25.3,-1.68,5.1));
#15853=CARTESIAN_POINT('',(25.3,-4.2,3.));
#15854=CARTESIAN_POINT('',(25.3,-4.2,3.));
#15855=CARTESIAN_POINT('',(25.3,-3.,3.));
#15856=CARTESIAN_POINT('',(25.18,-4.2,5.1));
#15857=CARTESIAN_POINT('',(27.82,-4.2,5.1));
#15858=CARTESIAN_POINT('',(25.18,-4.2,2.9));
#15859=CARTESIAN_POINT('',(27.82,-4.2,2.9));
#15860=CARTESIAN_POINT('',(27.7,-4.2,3.));
#15861=CARTESIAN_POINT('',(27.7,-4.2,3.));
#15862=CARTESIAN_POINT('',(26.5,-4.2,3.));
#15863=CARTESIAN_POINT('',(27.7,-4.32,2.9));
#15864=CARTESIAN_POINT('',(27.7,-1.68,2.9));
#15865=CARTESIAN_POINT('',(27.7,-4.32,5.1));
#15866=CARTESIAN_POINT('',(27.7,-1.68,5.1));
#15867=CARTESIAN_POINT('',(27.7,-3.,3.));
#15868=CARTESIAN_POINT('',(25.18,-4.32,3.));
#15869=CARTESIAN_POINT('',(25.18,-1.68,3.));
#15870=CARTESIAN_POINT('',(27.82,-4.32,3.));
#15871=CARTESIAN_POINT('',(27.82,-1.68,3.));
#15872=CARTESIAN_POINT('',(22.18,-1.8,5.1));
#15873=CARTESIAN_POINT('',(24.82,-1.8,5.1));
#15874=CARTESIAN_POINT('',(22.18,-1.8,2.9));
#15875=CARTESIAN_POINT('',(24.82,-1.8,2.9));
#15876=CARTESIAN_POINT('',(22.3,-1.8,3.));
#15877=CARTESIAN_POINT('',(22.3,-1.8,3.));
#15878=CARTESIAN_POINT('',(23.5,-1.8,3.));
#15879=CARTESIAN_POINT('',(24.7,-1.8,3.));
#15880=CARTESIAN_POINT('',(24.7,-1.8,3.));
#15881=CARTESIAN_POINT('',(22.3,-4.32,2.9));
#15882=CARTESIAN_POINT('',(22.3,-1.68,2.9));
#15883=CARTESIAN_POINT('',(22.3,-4.32,5.1));
#15884=CARTESIAN_POINT('',(22.3,-1.68,5.1));
#15885=CARTESIAN_POINT('',(22.3,-4.2,3.));
#15886=CARTESIAN_POINT('',(22.3,-4.2,3.));
#15887=CARTESIAN_POINT('',(22.3,-3.,3.));
#15888=CARTESIAN_POINT('',(22.18,-4.2,5.1));
#15889=CARTESIAN_POINT('',(24.82,-4.2,5.1));
#15890=CARTESIAN_POINT('',(22.18,-4.2,2.9));
#15891=CARTESIAN_POINT('',(24.82,-4.2,2.9));
#15892=CARTESIAN_POINT('',(24.7,-4.2,3.));
#15893=CARTESIAN_POINT('',(24.7,-4.2,3.));
#15894=CARTESIAN_POINT('',(23.5,-4.2,3.));
#15895=CARTESIAN_POINT('',(24.7,-4.32,2.9));
#15896=CARTESIAN_POINT('',(24.7,-1.68,2.9));
#15897=CARTESIAN_POINT('',(24.7,-4.32,5.1));
#15898=CARTESIAN_POINT('',(24.7,-1.68,5.1));
#15899=CARTESIAN_POINT('',(24.7,-3.,3.));
#15900=CARTESIAN_POINT('',(22.18,-4.32,3.));
#15901=CARTESIAN_POINT('',(22.18,-1.68,3.));
#15902=CARTESIAN_POINT('',(24.82,-4.32,3.));
#15903=CARTESIAN_POINT('',(24.82,-1.68,3.));
#15904=CARTESIAN_POINT('',(19.18,-1.8,5.1));
#15905=CARTESIAN_POINT('',(21.82,-1.8,5.1));
#15906=CARTESIAN_POINT('',(19.18,-1.8,2.9));
#15907=CARTESIAN_POINT('',(21.82,-1.8,2.9));
#15908=CARTESIAN_POINT('',(19.3,-1.8,3.));
#15909=CARTESIAN_POINT('',(19.3,-1.8,3.));
#15910=CARTESIAN_POINT('',(20.5,-1.8,3.));
#15911=CARTESIAN_POINT('',(21.7,-1.8,3.));
#15912=CARTESIAN_POINT('',(21.7,-1.8,3.));
#15913=CARTESIAN_POINT('',(19.3,-4.32,2.9));
#15914=CARTESIAN_POINT('',(19.3,-1.68,2.9));
#15915=CARTESIAN_POINT('',(19.3,-4.32,5.1));
#15916=CARTESIAN_POINT('',(19.3,-1.68,5.1));
#15917=CARTESIAN_POINT('',(19.3,-4.2,3.));
#15918=CARTESIAN_POINT('',(19.3,-4.2,3.));
#15919=CARTESIAN_POINT('',(19.3,-3.,3.));
#15920=CARTESIAN_POINT('',(19.18,-4.2,5.1));
#15921=CARTESIAN_POINT('',(21.82,-4.2,5.1));
#15922=CARTESIAN_POINT('',(19.18,-4.2,2.9));
#15923=CARTESIAN_POINT('',(21.82,-4.2,2.9));
#15924=CARTESIAN_POINT('',(21.7,-4.2,3.));
#15925=CARTESIAN_POINT('',(21.7,-4.2,3.));
#15926=CARTESIAN_POINT('',(20.5,-4.2,3.));
#15927=CARTESIAN_POINT('',(21.7,-4.32,2.9));
#15928=CARTESIAN_POINT('',(21.7,-1.68,2.9));
#15929=CARTESIAN_POINT('',(21.7,-4.32,5.1));
#15930=CARTESIAN_POINT('',(21.7,-1.68,5.1));
#15931=CARTESIAN_POINT('',(21.7,-3.,3.));
#15932=CARTESIAN_POINT('',(19.18,-4.32,3.));
#15933=CARTESIAN_POINT('',(19.18,-1.68,3.));
#15934=CARTESIAN_POINT('',(21.82,-4.32,3.));
#15935=CARTESIAN_POINT('',(21.82,-1.68,3.));
#15936=CARTESIAN_POINT('',(16.18,-1.8,5.1));
#15937=CARTESIAN_POINT('',(18.82,-1.8,5.1));
#15938=CARTESIAN_POINT('',(16.18,-1.8,2.9));
#15939=CARTESIAN_POINT('',(18.82,-1.8,2.9));
#15940=CARTESIAN_POINT('',(16.3,-1.8,3.));
#15941=CARTESIAN_POINT('',(16.3,-1.8,3.));
#15942=CARTESIAN_POINT('',(17.5,-1.8,3.));
#15943=CARTESIAN_POINT('',(18.7,-1.8,3.));
#15944=CARTESIAN_POINT('',(18.7,-1.8,3.));
#15945=CARTESIAN_POINT('',(16.3,-4.32,2.9));
#15946=CARTESIAN_POINT('',(16.3,-1.68,2.9));
#15947=CARTESIAN_POINT('',(16.3,-4.32,5.1));
#15948=CARTESIAN_POINT('',(16.3,-1.68,5.1));
#15949=CARTESIAN_POINT('',(16.3,-4.2,3.));
#15950=CARTESIAN_POINT('',(16.3,-4.2,3.));
#15951=CARTESIAN_POINT('',(16.3,-3.,3.));
#15952=CARTESIAN_POINT('',(16.18,-4.2,5.1));
#15953=CARTESIAN_POINT('',(18.82,-4.2,5.1));
#15954=CARTESIAN_POINT('',(16.18,-4.2,2.9));
#15955=CARTESIAN_POINT('',(18.82,-4.2,2.9));
#15956=CARTESIAN_POINT('',(18.7,-4.2,3.));
#15957=CARTESIAN_POINT('',(18.7,-4.2,3.));
#15958=CARTESIAN_POINT('',(17.5,-4.2,3.));
#15959=CARTESIAN_POINT('',(18.7,-4.32,2.9));
#15960=CARTESIAN_POINT('',(18.7,-1.68,2.9));
#15961=CARTESIAN_POINT('',(18.7,-4.32,5.1));
#15962=CARTESIAN_POINT('',(18.7,-1.68,5.1));
#15963=CARTESIAN_POINT('',(18.7,-3.,3.));
#15964=CARTESIAN_POINT('',(16.18,-4.32,3.));
#15965=CARTESIAN_POINT('',(16.18,-1.68,3.));
#15966=CARTESIAN_POINT('',(18.82,-4.32,3.));
#15967=CARTESIAN_POINT('',(18.82,-1.68,3.));
#15968=CARTESIAN_POINT('',(13.18,-1.8,5.1));
#15969=CARTESIAN_POINT('',(15.82,-1.8,5.1));
#15970=CARTESIAN_POINT('',(13.18,-1.8,2.9));
#15971=CARTESIAN_POINT('',(15.82,-1.8,2.9));
#15972=CARTESIAN_POINT('',(13.3,-1.8,3.));
#15973=CARTESIAN_POINT('',(13.3,-1.8,3.));
#15974=CARTESIAN_POINT('',(14.5,-1.8,3.));
#15975=CARTESIAN_POINT('',(15.7,-1.8,3.));
#15976=CARTESIAN_POINT('',(15.7,-1.8,3.));
#15977=CARTESIAN_POINT('',(13.3,-4.32,2.9));
#15978=CARTESIAN_POINT('',(13.3,-1.68,2.9));
#15979=CARTESIAN_POINT('',(13.3,-4.32,5.1));
#15980=CARTESIAN_POINT('',(13.3,-1.68,5.1));
#15981=CARTESIAN_POINT('',(13.3,-4.2,3.));
#15982=CARTESIAN_POINT('',(13.3,-4.2,3.));
#15983=CARTESIAN_POINT('',(13.3,-3.,3.));
#15984=CARTESIAN_POINT('',(13.18,-4.2,5.1));
#15985=CARTESIAN_POINT('',(15.82,-4.2,5.1));
#15986=CARTESIAN_POINT('',(13.18,-4.2,2.9));
#15987=CARTESIAN_POINT('',(15.82,-4.2,2.9));
#15988=CARTESIAN_POINT('',(15.7,-4.2,3.));
#15989=CARTESIAN_POINT('',(15.7,-4.2,3.));
#15990=CARTESIAN_POINT('',(14.5,-4.2,3.));
#15991=CARTESIAN_POINT('',(15.7,-4.32,2.9));
#15992=CARTESIAN_POINT('',(15.7,-1.68,2.9));
#15993=CARTESIAN_POINT('',(15.7,-4.32,5.1));
#15994=CARTESIAN_POINT('',(15.7,-1.68,5.1));
#15995=CARTESIAN_POINT('',(15.7,-3.,3.));
#15996=CARTESIAN_POINT('',(13.18,-4.32,3.));
#15997=CARTESIAN_POINT('',(13.18,-1.68,3.));
#15998=CARTESIAN_POINT('',(15.82,-4.32,3.));
#15999=CARTESIAN_POINT('',(15.82,-1.68,3.));
#16000=CARTESIAN_POINT('',(10.18,-1.8,5.1));
#16001=CARTESIAN_POINT('',(12.82,-1.8,5.1));
#16002=CARTESIAN_POINT('',(10.18,-1.8,2.9));
#16003=CARTESIAN_POINT('',(12.82,-1.8,2.9));
#16004=CARTESIAN_POINT('',(10.3,-1.8,3.));
#16005=CARTESIAN_POINT('',(10.3,-1.8,3.));
#16006=CARTESIAN_POINT('',(11.5,-1.8,3.));
#16007=CARTESIAN_POINT('',(12.7,-1.8,3.));
#16008=CARTESIAN_POINT('',(12.7,-1.8,3.));
#16009=CARTESIAN_POINT('',(10.3,-4.32,2.9));
#16010=CARTESIAN_POINT('',(10.3,-1.68,2.9));
#16011=CARTESIAN_POINT('',(10.3,-4.32,5.1));
#16012=CARTESIAN_POINT('',(10.3,-1.68,5.1));
#16013=CARTESIAN_POINT('',(10.3,-4.2,3.));
#16014=CARTESIAN_POINT('',(10.3,-4.2,3.));
#16015=CARTESIAN_POINT('',(10.3,-3.,3.));
#16016=CARTESIAN_POINT('',(10.18,-4.2,5.1));
#16017=CARTESIAN_POINT('',(12.82,-4.2,5.1));
#16018=CARTESIAN_POINT('',(10.18,-4.2,2.9));
#16019=CARTESIAN_POINT('',(12.82,-4.2,2.9));
#16020=CARTESIAN_POINT('',(12.7,-4.2,3.));
#16021=CARTESIAN_POINT('',(12.7,-4.2,3.));
#16022=CARTESIAN_POINT('',(11.5,-4.2,3.));
#16023=CARTESIAN_POINT('',(12.7,-4.32,2.9));
#16024=CARTESIAN_POINT('',(12.7,-1.68,2.9));
#16025=CARTESIAN_POINT('',(12.7,-4.32,5.1));
#16026=CARTESIAN_POINT('',(12.7,-1.68,5.1));
#16027=CARTESIAN_POINT('',(12.7,-3.,3.));
#16028=CARTESIAN_POINT('',(10.18,-4.32,3.));
#16029=CARTESIAN_POINT('',(10.18,-1.68,3.));
#16030=CARTESIAN_POINT('',(12.82,-4.32,3.));
#16031=CARTESIAN_POINT('',(12.82,-1.68,3.));
#16032=CARTESIAN_POINT('',(7.18,-1.8,5.1));
#16033=CARTESIAN_POINT('',(9.82,-1.8,5.1));
#16034=CARTESIAN_POINT('',(7.18,-1.8,2.9));
#16035=CARTESIAN_POINT('',(9.82,-1.8,2.9));
#16036=CARTESIAN_POINT('',(7.3,-1.8,3.));
#16037=CARTESIAN_POINT('',(7.3,-1.8,3.));
#16038=CARTESIAN_POINT('',(8.5,-1.8,3.));
#16039=CARTESIAN_POINT('',(9.7,-1.8,3.));
#16040=CARTESIAN_POINT('',(9.7,-1.8,3.));
#16041=CARTESIAN_POINT('',(7.3,-4.32,2.9));
#16042=CARTESIAN_POINT('',(7.3,-1.68,2.9));
#16043=CARTESIAN_POINT('',(7.3,-4.32,5.1));
#16044=CARTESIAN_POINT('',(7.3,-1.68,5.1));
#16045=CARTESIAN_POINT('',(7.3,-4.2,3.));
#16046=CARTESIAN_POINT('',(7.3,-4.2,3.));
#16047=CARTESIAN_POINT('',(7.3,-3.,3.));
#16048=CARTESIAN_POINT('',(7.18,-4.2,5.1));
#16049=CARTESIAN_POINT('',(9.82,-4.2,5.1));
#16050=CARTESIAN_POINT('',(7.18,-4.2,2.9));
#16051=CARTESIAN_POINT('',(9.82,-4.2,2.9));
#16052=CARTESIAN_POINT('',(9.7,-4.2,3.));
#16053=CARTESIAN_POINT('',(9.7,-4.2,3.));
#16054=CARTESIAN_POINT('',(8.5,-4.2,3.));
#16055=CARTESIAN_POINT('',(9.7,-4.32,2.9));
#16056=CARTESIAN_POINT('',(9.7,-1.68,2.9));
#16057=CARTESIAN_POINT('',(9.7,-4.32,5.1));
#16058=CARTESIAN_POINT('',(9.7,-1.68,5.1));
#16059=CARTESIAN_POINT('',(9.7,-3.,3.));
#16060=CARTESIAN_POINT('',(7.18,-4.32,3.));
#16061=CARTESIAN_POINT('',(7.18,-1.68,3.));
#16062=CARTESIAN_POINT('',(9.82,-4.32,3.));
#16063=CARTESIAN_POINT('',(9.82,-1.68,3.));
#16064=CARTESIAN_POINT('',(7.18,-4.8,5.1));
#16065=CARTESIAN_POINT('',(9.82,-4.8,5.1));
#16066=CARTESIAN_POINT('',(7.18,-4.8,2.9));
#16067=CARTESIAN_POINT('',(9.82,-4.8,2.9));
#16068=CARTESIAN_POINT('',(7.3,-4.8,3.));
#16069=CARTESIAN_POINT('',(7.3,-4.8,3.));
#16070=CARTESIAN_POINT('',(8.5,-4.8,3.));
#16071=CARTESIAN_POINT('',(9.7,-4.8,3.));
#16072=CARTESIAN_POINT('',(9.7,-4.8,3.));
#16073=CARTESIAN_POINT('',(7.3,-7.32,2.9));
#16074=CARTESIAN_POINT('',(7.3,-4.68,2.9));
#16075=CARTESIAN_POINT('',(7.3,-7.32,5.1));
#16076=CARTESIAN_POINT('',(7.3,-4.68,5.1));
#16077=CARTESIAN_POINT('',(7.3,-7.2,3.));
#16078=CARTESIAN_POINT('',(7.3,-7.2,3.));
#16079=CARTESIAN_POINT('',(7.3,-6.,3.));
#16080=CARTESIAN_POINT('',(7.18,-7.2,5.1));
#16081=CARTESIAN_POINT('',(9.82,-7.2,5.1));
#16082=CARTESIAN_POINT('',(7.18,-7.2,2.9));
#16083=CARTESIAN_POINT('',(9.82,-7.2,2.9));
#16084=CARTESIAN_POINT('',(9.7,-7.2,3.));
#16085=CARTESIAN_POINT('',(9.7,-7.2,3.));
#16086=CARTESIAN_POINT('',(8.5,-7.2,3.));
#16087=CARTESIAN_POINT('',(9.7,-7.32,2.9));
#16088=CARTESIAN_POINT('',(9.7,-4.68,2.9));
#16089=CARTESIAN_POINT('',(9.7,-7.32,5.1));
#16090=CARTESIAN_POINT('',(9.7,-4.68,5.1));
#16091=CARTESIAN_POINT('',(9.7,-6.,3.));
#16092=CARTESIAN_POINT('',(7.18,-7.32,3.));
#16093=CARTESIAN_POINT('',(7.18,-4.68,3.));
#16094=CARTESIAN_POINT('',(9.82,-7.32,3.));
#16095=CARTESIAN_POINT('',(9.82,-4.68,3.));
#16096=CARTESIAN_POINT('',(10.18,-4.8,5.1));
#16097=CARTESIAN_POINT('',(12.82,-4.8,5.1));
#16098=CARTESIAN_POINT('',(10.18,-4.8,2.9));
#16099=CARTESIAN_POINT('',(12.82,-4.8,2.9));
#16100=CARTESIAN_POINT('',(10.3,-4.8,3.));
#16101=CARTESIAN_POINT('',(10.3,-4.8,3.));
#16102=CARTESIAN_POINT('',(11.5,-4.8,3.));
#16103=CARTESIAN_POINT('',(12.7,-4.8,3.));
#16104=CARTESIAN_POINT('',(12.7,-4.8,3.));
#16105=CARTESIAN_POINT('',(10.3,-7.32,2.9));
#16106=CARTESIAN_POINT('',(10.3,-4.68,2.9));
#16107=CARTESIAN_POINT('',(10.3,-7.32,5.1));
#16108=CARTESIAN_POINT('',(10.3,-4.68,5.1));
#16109=CARTESIAN_POINT('',(10.3,-7.2,3.));
#16110=CARTESIAN_POINT('',(10.3,-7.2,3.));
#16111=CARTESIAN_POINT('',(10.3,-6.,3.));
#16112=CARTESIAN_POINT('',(10.18,-7.2,5.1));
#16113=CARTESIAN_POINT('',(12.82,-7.2,5.1));
#16114=CARTESIAN_POINT('',(10.18,-7.2,2.9));
#16115=CARTESIAN_POINT('',(12.82,-7.2,2.9));
#16116=CARTESIAN_POINT('',(12.7,-7.2,3.));
#16117=CARTESIAN_POINT('',(12.7,-7.2,3.));
#16118=CARTESIAN_POINT('',(11.5,-7.2,3.));
#16119=CARTESIAN_POINT('',(12.7,-7.32,2.9));
#16120=CARTESIAN_POINT('',(12.7,-4.68,2.9));
#16121=CARTESIAN_POINT('',(12.7,-7.32,5.1));
#16122=CARTESIAN_POINT('',(12.7,-4.68,5.1));
#16123=CARTESIAN_POINT('',(12.7,-6.,3.));
#16124=CARTESIAN_POINT('',(10.18,-7.32,3.));
#16125=CARTESIAN_POINT('',(10.18,-4.68,3.));
#16126=CARTESIAN_POINT('',(12.82,-7.32,3.));
#16127=CARTESIAN_POINT('',(12.82,-4.68,3.));
#16128=CARTESIAN_POINT('',(13.18,-4.8,5.1));
#16129=CARTESIAN_POINT('',(15.82,-4.8,5.1));
#16130=CARTESIAN_POINT('',(13.18,-4.8,2.9));
#16131=CARTESIAN_POINT('',(15.82,-4.8,2.9));
#16132=CARTESIAN_POINT('',(13.3,-4.8,3.));
#16133=CARTESIAN_POINT('',(13.3,-4.8,3.));
#16134=CARTESIAN_POINT('',(14.5,-4.8,3.));
#16135=CARTESIAN_POINT('',(15.7,-4.8,3.));
#16136=CARTESIAN_POINT('',(15.7,-4.8,3.));
#16137=CARTESIAN_POINT('',(13.3,-7.32,2.9));
#16138=CARTESIAN_POINT('',(13.3,-4.68,2.9));
#16139=CARTESIAN_POINT('',(13.3,-7.32,5.1));
#16140=CARTESIAN_POINT('',(13.3,-4.68,5.1));
#16141=CARTESIAN_POINT('',(13.3,-7.2,3.));
#16142=CARTESIAN_POINT('',(13.3,-7.2,3.));
#16143=CARTESIAN_POINT('',(13.3,-6.,3.));
#16144=CARTESIAN_POINT('',(13.18,-7.2,5.1));
#16145=CARTESIAN_POINT('',(15.82,-7.2,5.1));
#16146=CARTESIAN_POINT('',(13.18,-7.2,2.9));
#16147=CARTESIAN_POINT('',(15.82,-7.2,2.9));
#16148=CARTESIAN_POINT('',(15.7,-7.2,3.));
#16149=CARTESIAN_POINT('',(15.7,-7.2,3.));
#16150=CARTESIAN_POINT('',(14.5,-7.2,3.));
#16151=CARTESIAN_POINT('',(15.7,-7.32,2.9));
#16152=CARTESIAN_POINT('',(15.7,-4.68,2.9));
#16153=CARTESIAN_POINT('',(15.7,-7.32,5.1));
#16154=CARTESIAN_POINT('',(15.7,-4.68,5.1));
#16155=CARTESIAN_POINT('',(15.7,-6.,3.));
#16156=CARTESIAN_POINT('',(13.18,-7.32,3.));
#16157=CARTESIAN_POINT('',(13.18,-4.68,3.));
#16158=CARTESIAN_POINT('',(15.82,-7.32,3.));
#16159=CARTESIAN_POINT('',(15.82,-4.68,3.));
#16160=CARTESIAN_POINT('',(16.18,-4.8,5.1));
#16161=CARTESIAN_POINT('',(18.82,-4.8,5.1));
#16162=CARTESIAN_POINT('',(16.18,-4.8,2.9));
#16163=CARTESIAN_POINT('',(18.82,-4.8,2.9));
#16164=CARTESIAN_POINT('',(16.3,-4.8,3.));
#16165=CARTESIAN_POINT('',(16.3,-4.8,3.));
#16166=CARTESIAN_POINT('',(17.5,-4.8,3.));
#16167=CARTESIAN_POINT('',(18.7,-4.8,3.));
#16168=CARTESIAN_POINT('',(18.7,-4.8,3.));
#16169=CARTESIAN_POINT('',(16.3,-7.32,2.9));
#16170=CARTESIAN_POINT('',(16.3,-4.68,2.9));
#16171=CARTESIAN_POINT('',(16.3,-7.32,5.1));
#16172=CARTESIAN_POINT('',(16.3,-4.68,5.1));
#16173=CARTESIAN_POINT('',(16.3,-7.2,3.));
#16174=CARTESIAN_POINT('',(16.3,-7.2,3.));
#16175=CARTESIAN_POINT('',(16.3,-6.,3.));
#16176=CARTESIAN_POINT('',(16.18,-7.2,5.1));
#16177=CARTESIAN_POINT('',(18.82,-7.2,5.1));
#16178=CARTESIAN_POINT('',(16.18,-7.2,2.9));
#16179=CARTESIAN_POINT('',(18.82,-7.2,2.9));
#16180=CARTESIAN_POINT('',(18.7,-7.2,3.));
#16181=CARTESIAN_POINT('',(18.7,-7.2,3.));
#16182=CARTESIAN_POINT('',(17.5,-7.2,3.));
#16183=CARTESIAN_POINT('',(18.7,-7.32,2.9));
#16184=CARTESIAN_POINT('',(18.7,-4.68,2.9));
#16185=CARTESIAN_POINT('',(18.7,-7.32,5.1));
#16186=CARTESIAN_POINT('',(18.7,-4.68,5.1));
#16187=CARTESIAN_POINT('',(18.7,-6.,3.));
#16188=CARTESIAN_POINT('',(16.18,-7.32,3.));
#16189=CARTESIAN_POINT('',(16.18,-4.68,3.));
#16190=CARTESIAN_POINT('',(18.82,-7.32,3.));
#16191=CARTESIAN_POINT('',(18.82,-4.68,3.));
#16192=CARTESIAN_POINT('',(19.18,-4.8,5.1));
#16193=CARTESIAN_POINT('',(21.82,-4.8,5.1));
#16194=CARTESIAN_POINT('',(19.18,-4.8,2.9));
#16195=CARTESIAN_POINT('',(21.82,-4.8,2.9));
#16196=CARTESIAN_POINT('',(19.3,-4.8,3.));
#16197=CARTESIAN_POINT('',(19.3,-4.8,3.));
#16198=CARTESIAN_POINT('',(20.5,-4.8,3.));
#16199=CARTESIAN_POINT('',(21.7,-4.8,3.));
#16200=CARTESIAN_POINT('',(21.7,-4.8,3.));
#16201=CARTESIAN_POINT('',(19.3,-7.32,2.9));
#16202=CARTESIAN_POINT('',(19.3,-4.68,2.9));
#16203=CARTESIAN_POINT('',(19.3,-7.32,5.1));
#16204=CARTESIAN_POINT('',(19.3,-4.68,5.1));
#16205=CARTESIAN_POINT('',(19.3,-7.2,3.));
#16206=CARTESIAN_POINT('',(19.3,-7.2,3.));
#16207=CARTESIAN_POINT('',(19.3,-6.,3.));
#16208=CARTESIAN_POINT('',(19.18,-7.2,5.1));
#16209=CARTESIAN_POINT('',(21.82,-7.2,5.1));
#16210=CARTESIAN_POINT('',(19.18,-7.2,2.9));
#16211=CARTESIAN_POINT('',(21.82,-7.2,2.9));
#16212=CARTESIAN_POINT('',(21.7,-7.2,3.));
#16213=CARTESIAN_POINT('',(21.7,-7.2,3.));
#16214=CARTESIAN_POINT('',(20.5,-7.2,3.));
#16215=CARTESIAN_POINT('',(21.7,-7.32,2.9));
#16216=CARTESIAN_POINT('',(21.7,-4.68,2.9));
#16217=CARTESIAN_POINT('',(21.7,-7.32,5.1));
#16218=CARTESIAN_POINT('',(21.7,-4.68,5.1));
#16219=CARTESIAN_POINT('',(21.7,-6.,3.));
#16220=CARTESIAN_POINT('',(19.18,-7.32,3.));
#16221=CARTESIAN_POINT('',(19.18,-4.68,3.));
#16222=CARTESIAN_POINT('',(21.82,-7.32,3.));
#16223=CARTESIAN_POINT('',(21.82,-4.68,3.));
#16224=CARTESIAN_POINT('',(22.18,-4.8,5.1));
#16225=CARTESIAN_POINT('',(24.82,-4.8,5.1));
#16226=CARTESIAN_POINT('',(22.18,-4.8,2.9));
#16227=CARTESIAN_POINT('',(24.82,-4.8,2.9));
#16228=CARTESIAN_POINT('',(22.3,-4.8,3.));
#16229=CARTESIAN_POINT('',(22.3,-4.8,3.));
#16230=CARTESIAN_POINT('',(23.5,-4.8,3.));
#16231=CARTESIAN_POINT('',(24.7,-4.8,3.));
#16232=CARTESIAN_POINT('',(24.7,-4.8,3.));
#16233=CARTESIAN_POINT('',(22.3,-7.32,2.9));
#16234=CARTESIAN_POINT('',(22.3,-4.68,2.9));
#16235=CARTESIAN_POINT('',(22.3,-7.32,5.1));
#16236=CARTESIAN_POINT('',(22.3,-4.68,5.1));
#16237=CARTESIAN_POINT('',(22.3,-7.2,3.));
#16238=CARTESIAN_POINT('',(22.3,-7.2,3.));
#16239=CARTESIAN_POINT('',(22.3,-6.,3.));
#16240=CARTESIAN_POINT('',(22.18,-7.2,5.1));
#16241=CARTESIAN_POINT('',(24.82,-7.2,5.1));
#16242=CARTESIAN_POINT('',(22.18,-7.2,2.9));
#16243=CARTESIAN_POINT('',(24.82,-7.2,2.9));
#16244=CARTESIAN_POINT('',(24.7,-7.2,3.));
#16245=CARTESIAN_POINT('',(24.7,-7.2,3.));
#16246=CARTESIAN_POINT('',(23.5,-7.2,3.));
#16247=CARTESIAN_POINT('',(24.7,-7.32,2.9));
#16248=CARTESIAN_POINT('',(24.7,-4.68,2.9));
#16249=CARTESIAN_POINT('',(24.7,-7.32,5.1));
#16250=CARTESIAN_POINT('',(24.7,-4.68,5.1));
#16251=CARTESIAN_POINT('',(24.7,-6.,3.));
#16252=CARTESIAN_POINT('',(22.18,-7.32,3.));
#16253=CARTESIAN_POINT('',(22.18,-4.68,3.));
#16254=CARTESIAN_POINT('',(24.82,-7.32,3.));
#16255=CARTESIAN_POINT('',(24.82,-4.68,3.));
#16256=CARTESIAN_POINT('',(25.18,-4.8,5.1));
#16257=CARTESIAN_POINT('',(27.82,-4.8,5.1));
#16258=CARTESIAN_POINT('',(25.18,-4.8,2.9));
#16259=CARTESIAN_POINT('',(27.82,-4.8,2.9));
#16260=CARTESIAN_POINT('',(25.3,-4.8,3.));
#16261=CARTESIAN_POINT('',(25.3,-4.8,3.));
#16262=CARTESIAN_POINT('',(26.5,-4.8,3.));
#16263=CARTESIAN_POINT('',(27.7,-4.8,3.));
#16264=CARTESIAN_POINT('',(27.7,-4.8,3.));
#16265=CARTESIAN_POINT('',(25.3,-7.32,2.9));
#16266=CARTESIAN_POINT('',(25.3,-4.68,2.9));
#16267=CARTESIAN_POINT('',(25.3,-7.32,5.1));
#16268=CARTESIAN_POINT('',(25.3,-4.68,5.1));
#16269=CARTESIAN_POINT('',(25.3,-7.2,3.));
#16270=CARTESIAN_POINT('',(25.3,-7.2,3.));
#16271=CARTESIAN_POINT('',(25.3,-6.,3.));
#16272=CARTESIAN_POINT('',(25.18,-7.2,5.1));
#16273=CARTESIAN_POINT('',(27.82,-7.2,5.1));
#16274=CARTESIAN_POINT('',(25.18,-7.2,2.9));
#16275=CARTESIAN_POINT('',(27.82,-7.2,2.9));
#16276=CARTESIAN_POINT('',(27.7,-7.2,3.));
#16277=CARTESIAN_POINT('',(27.7,-7.2,3.));
#16278=CARTESIAN_POINT('',(26.5,-7.2,3.));
#16279=CARTESIAN_POINT('',(27.7,-7.32,2.9));
#16280=CARTESIAN_POINT('',(27.7,-4.68,2.9));
#16281=CARTESIAN_POINT('',(27.7,-7.32,5.1));
#16282=CARTESIAN_POINT('',(27.7,-4.68,5.1));
#16283=CARTESIAN_POINT('',(27.7,-6.,3.));
#16284=CARTESIAN_POINT('',(25.18,-7.32,3.));
#16285=CARTESIAN_POINT('',(25.18,-4.68,3.));
#16286=CARTESIAN_POINT('',(27.82,-7.32,3.));
#16287=CARTESIAN_POINT('',(27.82,-4.68,3.));
#16288=CARTESIAN_POINT('',(28.18,-4.8,5.1));
#16289=CARTESIAN_POINT('',(30.82,-4.8,5.1));
#16290=CARTESIAN_POINT('',(28.18,-4.8,2.9));
#16291=CARTESIAN_POINT('',(30.82,-4.8,2.9));
#16292=CARTESIAN_POINT('',(28.3,-4.8,3.));
#16293=CARTESIAN_POINT('',(28.3,-4.8,3.));
#16294=CARTESIAN_POINT('',(29.5,-4.8,3.));
#16295=CARTESIAN_POINT('',(30.7,-4.8,3.));
#16296=CARTESIAN_POINT('',(30.7,-4.8,3.));
#16297=CARTESIAN_POINT('',(28.3,-7.32,2.9));
#16298=CARTESIAN_POINT('',(28.3,-4.68,2.9));
#16299=CARTESIAN_POINT('',(28.3,-7.32,5.1));
#16300=CARTESIAN_POINT('',(28.3,-4.68,5.1));
#16301=CARTESIAN_POINT('',(28.3,-7.2,3.));
#16302=CARTESIAN_POINT('',(28.3,-7.2,3.));
#16303=CARTESIAN_POINT('',(28.3,-6.,3.));
#16304=CARTESIAN_POINT('',(28.18,-7.2,5.1));
#16305=CARTESIAN_POINT('',(30.82,-7.2,5.1));
#16306=CARTESIAN_POINT('',(28.18,-7.2,2.9));
#16307=CARTESIAN_POINT('',(30.82,-7.2,2.9));
#16308=CARTESIAN_POINT('',(30.7,-7.2,3.));
#16309=CARTESIAN_POINT('',(30.7,-7.2,3.));
#16310=CARTESIAN_POINT('',(29.5,-7.2,3.));
#16311=CARTESIAN_POINT('',(30.7,-7.32,2.9));
#16312=CARTESIAN_POINT('',(30.7,-4.68,2.9));
#16313=CARTESIAN_POINT('',(30.7,-7.32,5.1));
#16314=CARTESIAN_POINT('',(30.7,-4.68,5.1));
#16315=CARTESIAN_POINT('',(30.7,-6.,3.));
#16316=CARTESIAN_POINT('',(28.18,-7.32,3.));
#16317=CARTESIAN_POINT('',(28.18,-4.68,3.));
#16318=CARTESIAN_POINT('',(30.82,-7.32,3.));
#16319=CARTESIAN_POINT('',(30.82,-4.68,3.));
#16320=CARTESIAN_POINT('',(43.18,-4.8,5.1));
#16321=CARTESIAN_POINT('',(45.82,-4.8,5.1));
#16322=CARTESIAN_POINT('',(43.18,-4.8,2.9));
#16323=CARTESIAN_POINT('',(45.82,-4.8,2.9));
#16324=CARTESIAN_POINT('',(43.3,-4.8,3.));
#16325=CARTESIAN_POINT('',(43.3,-4.8,3.));
#16326=CARTESIAN_POINT('',(44.5,-4.8,3.));
#16327=CARTESIAN_POINT('',(45.7,-4.8,3.));
#16328=CARTESIAN_POINT('',(45.7,-4.8,3.));
#16329=CARTESIAN_POINT('',(43.3,-7.32,2.9));
#16330=CARTESIAN_POINT('',(43.3,-4.68,2.9));
#16331=CARTESIAN_POINT('',(43.3,-7.32,5.1));
#16332=CARTESIAN_POINT('',(43.3,-4.68,5.1));
#16333=CARTESIAN_POINT('',(43.3,-7.2,3.));
#16334=CARTESIAN_POINT('',(43.3,-7.2,3.));
#16335=CARTESIAN_POINT('',(43.3,-6.,3.));
#16336=CARTESIAN_POINT('',(43.18,-7.2,5.1));
#16337=CARTESIAN_POINT('',(45.82,-7.2,5.1));
#16338=CARTESIAN_POINT('',(43.18,-7.2,2.9));
#16339=CARTESIAN_POINT('',(45.82,-7.2,2.9));
#16340=CARTESIAN_POINT('',(45.7,-7.2,3.));
#16341=CARTESIAN_POINT('',(45.7,-7.2,3.));
#16342=CARTESIAN_POINT('',(44.5,-7.2,3.));
#16343=CARTESIAN_POINT('',(45.7,-7.32,2.9));
#16344=CARTESIAN_POINT('',(45.7,-4.68,2.9));
#16345=CARTESIAN_POINT('',(45.7,-7.32,5.1));
#16346=CARTESIAN_POINT('',(45.7,-4.68,5.1));
#16347=CARTESIAN_POINT('',(45.7,-6.,3.));
#16348=CARTESIAN_POINT('',(43.18,-7.32,3.));
#16349=CARTESIAN_POINT('',(43.18,-4.68,3.));
#16350=CARTESIAN_POINT('',(45.82,-7.32,3.));
#16351=CARTESIAN_POINT('',(45.82,-4.68,3.));
#16352=CARTESIAN_POINT('',(46.18,-4.8,5.1));
#16353=CARTESIAN_POINT('',(48.82,-4.8,5.1));
#16354=CARTESIAN_POINT('',(46.18,-4.8,2.9));
#16355=CARTESIAN_POINT('',(48.82,-4.8,2.9));
#16356=CARTESIAN_POINT('',(46.3,-4.8,3.));
#16357=CARTESIAN_POINT('',(46.3,-4.8,3.));
#16358=CARTESIAN_POINT('',(47.5,-4.8,3.));
#16359=CARTESIAN_POINT('',(48.7,-4.8,3.));
#16360=CARTESIAN_POINT('',(48.7,-4.8,3.));
#16361=CARTESIAN_POINT('',(46.3,-7.32,2.9));
#16362=CARTESIAN_POINT('',(46.3,-4.68,2.9));
#16363=CARTESIAN_POINT('',(46.3,-7.32,5.1));
#16364=CARTESIAN_POINT('',(46.3,-4.68,5.1));
#16365=CARTESIAN_POINT('',(46.3,-7.2,3.));
#16366=CARTESIAN_POINT('',(46.3,-7.2,3.));
#16367=CARTESIAN_POINT('',(46.3,-6.,3.));
#16368=CARTESIAN_POINT('',(46.18,-7.2,5.1));
#16369=CARTESIAN_POINT('',(48.82,-7.2,5.1));
#16370=CARTESIAN_POINT('',(46.18,-7.2,2.9));
#16371=CARTESIAN_POINT('',(48.82,-7.2,2.9));
#16372=CARTESIAN_POINT('',(48.7,-7.2,3.));
#16373=CARTESIAN_POINT('',(48.7,-7.2,3.));
#16374=CARTESIAN_POINT('',(47.5,-7.2,3.));
#16375=CARTESIAN_POINT('',(48.7,-7.32,2.9));
#16376=CARTESIAN_POINT('',(48.7,-4.68,2.9));
#16377=CARTESIAN_POINT('',(48.7,-7.32,5.1));
#16378=CARTESIAN_POINT('',(48.7,-4.68,5.1));
#16379=CARTESIAN_POINT('',(48.7,-6.,3.));
#16380=CARTESIAN_POINT('',(46.18,-7.32,3.));
#16381=CARTESIAN_POINT('',(46.18,-4.68,3.));
#16382=CARTESIAN_POINT('',(48.82,-7.32,3.));
#16383=CARTESIAN_POINT('',(48.82,-4.68,3.));
#16384=CARTESIAN_POINT('',(49.18,-4.8,5.1));
#16385=CARTESIAN_POINT('',(51.82,-4.8,5.1));
#16386=CARTESIAN_POINT('',(49.18,-4.8,2.9));
#16387=CARTESIAN_POINT('',(51.82,-4.8,2.9));
#16388=CARTESIAN_POINT('',(49.3,-4.8,3.));
#16389=CARTESIAN_POINT('',(49.3,-4.8,3.));
#16390=CARTESIAN_POINT('',(50.5,-4.8,3.));
#16391=CARTESIAN_POINT('',(51.7,-4.8,3.));
#16392=CARTESIAN_POINT('',(51.7,-4.8,3.));
#16393=CARTESIAN_POINT('',(49.3,-7.32,2.9));
#16394=CARTESIAN_POINT('',(49.3,-4.68,2.9));
#16395=CARTESIAN_POINT('',(49.3,-7.32,5.1));
#16396=CARTESIAN_POINT('',(49.3,-4.68,5.1));
#16397=CARTESIAN_POINT('',(49.3,-7.2,3.));
#16398=CARTESIAN_POINT('',(49.3,-7.2,3.));
#16399=CARTESIAN_POINT('',(49.3,-6.,3.));
#16400=CARTESIAN_POINT('',(49.18,-7.2,5.1));
#16401=CARTESIAN_POINT('',(51.82,-7.2,5.1));
#16402=CARTESIAN_POINT('',(49.18,-7.2,2.9));
#16403=CARTESIAN_POINT('',(51.82,-7.2,2.9));
#16404=CARTESIAN_POINT('',(51.7,-7.2,3.));
#16405=CARTESIAN_POINT('',(51.7,-7.2,3.));
#16406=CARTESIAN_POINT('',(50.5,-7.2,3.));
#16407=CARTESIAN_POINT('',(51.7,-7.32,2.9));
#16408=CARTESIAN_POINT('',(51.7,-4.68,2.9));
#16409=CARTESIAN_POINT('',(51.7,-7.32,5.1));
#16410=CARTESIAN_POINT('',(51.7,-4.68,5.1));
#16411=CARTESIAN_POINT('',(51.7,-6.,3.));
#16412=CARTESIAN_POINT('',(49.18,-7.32,3.));
#16413=CARTESIAN_POINT('',(49.18,-4.68,3.));
#16414=CARTESIAN_POINT('',(51.82,-7.32,3.));
#16415=CARTESIAN_POINT('',(51.82,-4.68,3.));
#16416=CARTESIAN_POINT('',(4.18,-1.8,5.1));
#16417=CARTESIAN_POINT('',(6.82,-1.8,5.1));
#16418=CARTESIAN_POINT('',(4.18,-1.8,2.9));
#16419=CARTESIAN_POINT('',(6.82,-1.8,2.9));
#16420=CARTESIAN_POINT('',(4.3,-1.8,3.));
#16421=CARTESIAN_POINT('',(4.3,-1.8,3.));
#16422=CARTESIAN_POINT('',(5.5,-1.8,3.));
#16423=CARTESIAN_POINT('',(6.7,-1.8,3.));
#16424=CARTESIAN_POINT('',(6.7,-1.8,3.));
#16425=CARTESIAN_POINT('',(4.3,-4.32,2.9));
#16426=CARTESIAN_POINT('',(4.3,-1.68,2.9));
#16427=CARTESIAN_POINT('',(4.3,-4.32,5.1));
#16428=CARTESIAN_POINT('',(4.3,-1.68,5.1));
#16429=CARTESIAN_POINT('',(4.3,-4.2,3.));
#16430=CARTESIAN_POINT('',(4.3,-4.2,3.));
#16431=CARTESIAN_POINT('',(4.3,-3.,3.));
#16432=CARTESIAN_POINT('',(4.18,-4.2,5.1));
#16433=CARTESIAN_POINT('',(6.82,-4.2,5.1));
#16434=CARTESIAN_POINT('',(4.18,-4.2,2.9));
#16435=CARTESIAN_POINT('',(6.82,-4.2,2.9));
#16436=CARTESIAN_POINT('',(6.7,-4.2,3.));
#16437=CARTESIAN_POINT('',(6.7,-4.2,3.));
#16438=CARTESIAN_POINT('',(5.5,-4.2,3.));
#16439=CARTESIAN_POINT('',(6.7,-4.32,2.9));
#16440=CARTESIAN_POINT('',(6.7,-1.68,2.9));
#16441=CARTESIAN_POINT('',(6.7,-4.32,5.1));
#16442=CARTESIAN_POINT('',(6.7,-1.68,5.1));
#16443=CARTESIAN_POINT('',(6.7,-3.,3.));
#16444=CARTESIAN_POINT('',(4.18,-4.32,3.));
#16445=CARTESIAN_POINT('',(4.18,-1.68,3.));
#16446=CARTESIAN_POINT('',(6.82,-4.32,3.));
#16447=CARTESIAN_POINT('',(6.82,-1.68,3.));
#16448=CARTESIAN_POINT('',(40.18,-4.8,5.1));
#16449=CARTESIAN_POINT('',(42.82,-4.8,5.1));
#16450=CARTESIAN_POINT('',(40.18,-4.8,2.9));
#16451=CARTESIAN_POINT('',(42.82,-4.8,2.9));
#16452=CARTESIAN_POINT('',(40.3,-4.8,3.));
#16453=CARTESIAN_POINT('',(40.3,-4.8,3.));
#16454=CARTESIAN_POINT('',(41.5,-4.8,3.));
#16455=CARTESIAN_POINT('',(42.7,-4.8,3.));
#16456=CARTESIAN_POINT('',(42.7,-4.8,3.));
#16457=CARTESIAN_POINT('',(40.3,-7.32,2.9));
#16458=CARTESIAN_POINT('',(40.3,-4.68,2.9));
#16459=CARTESIAN_POINT('',(40.3,-7.32,5.1));
#16460=CARTESIAN_POINT('',(40.3,-4.68,5.1));
#16461=CARTESIAN_POINT('',(40.3,-7.2,3.));
#16462=CARTESIAN_POINT('',(40.3,-7.2,3.));
#16463=CARTESIAN_POINT('',(40.3,-6.,3.));
#16464=CARTESIAN_POINT('',(40.18,-7.2,5.1));
#16465=CARTESIAN_POINT('',(42.82,-7.2,5.1));
#16466=CARTESIAN_POINT('',(40.18,-7.2,2.9));
#16467=CARTESIAN_POINT('',(42.82,-7.2,2.9));
#16468=CARTESIAN_POINT('',(42.7,-7.2,3.));
#16469=CARTESIAN_POINT('',(42.7,-7.2,3.));
#16470=CARTESIAN_POINT('',(41.5,-7.2,3.));
#16471=CARTESIAN_POINT('',(42.7,-7.32,2.9));
#16472=CARTESIAN_POINT('',(42.7,-4.68,2.9));
#16473=CARTESIAN_POINT('',(42.7,-7.32,5.1));
#16474=CARTESIAN_POINT('',(42.7,-4.68,5.1));
#16475=CARTESIAN_POINT('',(42.7,-6.,3.));
#16476=CARTESIAN_POINT('',(40.18,-7.32,3.));
#16477=CARTESIAN_POINT('',(40.18,-4.68,3.));
#16478=CARTESIAN_POINT('',(42.82,-7.32,3.));
#16479=CARTESIAN_POINT('',(42.82,-4.68,3.));
#16480=CARTESIAN_POINT('',(37.18,-4.8,5.1));
#16481=CARTESIAN_POINT('',(39.82,-4.8,5.1));
#16482=CARTESIAN_POINT('',(37.18,-4.8,2.9));
#16483=CARTESIAN_POINT('',(39.82,-4.8,2.9));
#16484=CARTESIAN_POINT('',(37.3,-4.8,3.));
#16485=CARTESIAN_POINT('',(37.3,-4.8,3.));
#16486=CARTESIAN_POINT('',(38.5,-4.8,3.));
#16487=CARTESIAN_POINT('',(39.7,-4.8,3.));
#16488=CARTESIAN_POINT('',(39.7,-4.8,3.));
#16489=CARTESIAN_POINT('',(37.3,-7.32,2.9));
#16490=CARTESIAN_POINT('',(37.3,-4.68,2.9));
#16491=CARTESIAN_POINT('',(37.3,-7.32,5.1));
#16492=CARTESIAN_POINT('',(37.3,-4.68,5.1));
#16493=CARTESIAN_POINT('',(37.3,-7.2,3.));
#16494=CARTESIAN_POINT('',(37.3,-7.2,3.));
#16495=CARTESIAN_POINT('',(37.3,-6.,3.));
#16496=CARTESIAN_POINT('',(37.18,-7.2,5.1));
#16497=CARTESIAN_POINT('',(39.82,-7.2,5.1));
#16498=CARTESIAN_POINT('',(37.18,-7.2,2.9));
#16499=CARTESIAN_POINT('',(39.82,-7.2,2.9));
#16500=CARTESIAN_POINT('',(39.7,-7.2,3.));
#16501=CARTESIAN_POINT('',(39.7,-7.2,3.));
#16502=CARTESIAN_POINT('',(38.5,-7.2,3.));
#16503=CARTESIAN_POINT('',(39.7,-7.32,2.9));
#16504=CARTESIAN_POINT('',(39.7,-4.68,2.9));
#16505=CARTESIAN_POINT('',(39.7,-7.32,5.1));
#16506=CARTESIAN_POINT('',(39.7,-4.68,5.1));
#16507=CARTESIAN_POINT('',(39.7,-6.,3.));
#16508=CARTESIAN_POINT('',(37.18,-7.32,3.));
#16509=CARTESIAN_POINT('',(37.18,-4.68,3.));
#16510=CARTESIAN_POINT('',(39.82,-7.32,3.));
#16511=CARTESIAN_POINT('',(39.82,-4.68,3.));
#16512=CARTESIAN_POINT('',(34.18,-4.8,5.1));
#16513=CARTESIAN_POINT('',(36.82,-4.8,5.1));
#16514=CARTESIAN_POINT('',(34.18,-4.8,2.9));
#16515=CARTESIAN_POINT('',(36.82,-4.8,2.9));
#16516=CARTESIAN_POINT('',(34.3,-4.8,3.));
#16517=CARTESIAN_POINT('',(34.3,-4.8,3.));
#16518=CARTESIAN_POINT('',(35.5,-4.8,3.));
#16519=CARTESIAN_POINT('',(36.7,-4.8,3.));
#16520=CARTESIAN_POINT('',(36.7,-4.8,3.));
#16521=CARTESIAN_POINT('',(34.3,-7.32,2.9));
#16522=CARTESIAN_POINT('',(34.3,-4.68,2.9));
#16523=CARTESIAN_POINT('',(34.3,-7.32,5.1));
#16524=CARTESIAN_POINT('',(34.3,-4.68,5.1));
#16525=CARTESIAN_POINT('',(34.3,-7.2,3.));
#16526=CARTESIAN_POINT('',(34.3,-7.2,3.));
#16527=CARTESIAN_POINT('',(34.3,-6.,3.));
#16528=CARTESIAN_POINT('',(34.18,-7.2,5.1));
#16529=CARTESIAN_POINT('',(36.82,-7.2,5.1));
#16530=CARTESIAN_POINT('',(34.18,-7.2,2.9));
#16531=CARTESIAN_POINT('',(36.82,-7.2,2.9));
#16532=CARTESIAN_POINT('',(36.7,-7.2,3.));
#16533=CARTESIAN_POINT('',(36.7,-7.2,3.));
#16534=CARTESIAN_POINT('',(35.5,-7.2,3.));
#16535=CARTESIAN_POINT('',(36.7,-7.32,2.9));
#16536=CARTESIAN_POINT('',(36.7,-4.68,2.9));
#16537=CARTESIAN_POINT('',(36.7,-7.32,5.1));
#16538=CARTESIAN_POINT('',(36.7,-4.68,5.1));
#16539=CARTESIAN_POINT('',(36.7,-6.,3.));
#16540=CARTESIAN_POINT('',(34.18,-7.32,3.));
#16541=CARTESIAN_POINT('',(34.18,-4.68,3.));
#16542=CARTESIAN_POINT('',(36.82,-7.32,3.));
#16543=CARTESIAN_POINT('',(36.82,-4.68,3.));
#16544=CARTESIAN_POINT('',(31.18,-4.8,5.1));
#16545=CARTESIAN_POINT('',(33.82,-4.8,5.1));
#16546=CARTESIAN_POINT('',(31.18,-4.8,2.9));
#16547=CARTESIAN_POINT('',(33.82,-4.8,2.9));
#16548=CARTESIAN_POINT('',(31.3,-4.8,3.));
#16549=CARTESIAN_POINT('',(31.3,-4.8,3.));
#16550=CARTESIAN_POINT('',(32.5,-4.8,3.));
#16551=CARTESIAN_POINT('',(33.7,-4.8,3.));
#16552=CARTESIAN_POINT('',(33.7,-4.8,3.));
#16553=CARTESIAN_POINT('',(31.3,-7.32,2.9));
#16554=CARTESIAN_POINT('',(31.3,-4.68,2.9));
#16555=CARTESIAN_POINT('',(31.3,-7.32,5.1));
#16556=CARTESIAN_POINT('',(31.3,-4.68,5.1));
#16557=CARTESIAN_POINT('',(31.3,-7.2,3.));
#16558=CARTESIAN_POINT('',(31.3,-7.2,3.));
#16559=CARTESIAN_POINT('',(31.3,-6.,3.));
#16560=CARTESIAN_POINT('',(31.18,-7.2,5.1));
#16561=CARTESIAN_POINT('',(33.82,-7.2,5.1));
#16562=CARTESIAN_POINT('',(31.18,-7.2,2.9));
#16563=CARTESIAN_POINT('',(33.82,-7.2,2.9));
#16564=CARTESIAN_POINT('',(33.7,-7.2,3.));
#16565=CARTESIAN_POINT('',(33.7,-7.2,3.));
#16566=CARTESIAN_POINT('',(32.5,-7.2,3.));
#16567=CARTESIAN_POINT('',(33.7,-7.32,2.9));
#16568=CARTESIAN_POINT('',(33.7,-4.68,2.9));
#16569=CARTESIAN_POINT('',(33.7,-7.32,5.1));
#16570=CARTESIAN_POINT('',(33.7,-4.68,5.1));
#16571=CARTESIAN_POINT('',(33.7,-6.,3.));
#16572=CARTESIAN_POINT('',(31.18,-7.32,3.));
#16573=CARTESIAN_POINT('',(31.18,-4.68,3.));
#16574=CARTESIAN_POINT('',(33.82,-7.32,3.));
#16575=CARTESIAN_POINT('',(33.82,-4.68,3.));
#16576=CARTESIAN_POINT('',(7.18,-19.8,5.1));
#16577=CARTESIAN_POINT('',(9.82,-19.8,5.1));
#16578=CARTESIAN_POINT('',(7.18,-19.8,2.9));
#16579=CARTESIAN_POINT('',(9.82,-19.8,2.9));
#16580=CARTESIAN_POINT('',(7.3,-19.8,3.));
#16581=CARTESIAN_POINT('',(7.3,-19.8,3.));
#16582=CARTESIAN_POINT('',(8.5,-19.8,3.));
#16583=CARTESIAN_POINT('',(9.7,-19.8,3.));
#16584=CARTESIAN_POINT('',(9.7,-19.8,3.));
#16585=CARTESIAN_POINT('',(7.3,-22.32,2.9));
#16586=CARTESIAN_POINT('',(7.3,-19.68,2.9));
#16587=CARTESIAN_POINT('',(7.3,-22.32,5.1));
#16588=CARTESIAN_POINT('',(7.3,-19.68,5.1));
#16589=CARTESIAN_POINT('',(7.3,-22.2,3.));
#16590=CARTESIAN_POINT('',(7.3,-22.2,3.));
#16591=CARTESIAN_POINT('',(7.3,-21.,3.));
#16592=CARTESIAN_POINT('',(7.18,-22.2,5.1));
#16593=CARTESIAN_POINT('',(9.82,-22.2,5.1));
#16594=CARTESIAN_POINT('',(7.18,-22.2,2.9));
#16595=CARTESIAN_POINT('',(9.82,-22.2,2.9));
#16596=CARTESIAN_POINT('',(9.7,-22.2,3.));
#16597=CARTESIAN_POINT('',(9.7,-22.2,3.));
#16598=CARTESIAN_POINT('',(8.5,-22.2,3.));
#16599=CARTESIAN_POINT('',(9.7,-22.32,2.9));
#16600=CARTESIAN_POINT('',(9.7,-19.68,2.9));
#16601=CARTESIAN_POINT('',(9.7,-22.32,5.1));
#16602=CARTESIAN_POINT('',(9.7,-19.68,5.1));
#16603=CARTESIAN_POINT('',(9.7,-21.,3.));
#16604=CARTESIAN_POINT('',(7.18,-22.32,3.));
#16605=CARTESIAN_POINT('',(7.18,-19.68,3.));
#16606=CARTESIAN_POINT('',(9.82,-22.32,3.));
#16607=CARTESIAN_POINT('',(9.82,-19.68,3.));
#16608=CARTESIAN_POINT('',(10.18,-19.8,5.1));
#16609=CARTESIAN_POINT('',(12.82,-19.8,5.1));
#16610=CARTESIAN_POINT('',(10.18,-19.8,2.9));
#16611=CARTESIAN_POINT('',(12.82,-19.8,2.9));
#16612=CARTESIAN_POINT('',(10.3,-19.8,3.));
#16613=CARTESIAN_POINT('',(10.3,-19.8,3.));
#16614=CARTESIAN_POINT('',(11.5,-19.8,3.));
#16615=CARTESIAN_POINT('',(12.7,-19.8,3.));
#16616=CARTESIAN_POINT('',(12.7,-19.8,3.));
#16617=CARTESIAN_POINT('',(10.3,-22.32,2.9));
#16618=CARTESIAN_POINT('',(10.3,-19.68,2.9));
#16619=CARTESIAN_POINT('',(10.3,-22.32,5.1));
#16620=CARTESIAN_POINT('',(10.3,-19.68,5.1));
#16621=CARTESIAN_POINT('',(10.3,-22.2,3.));
#16622=CARTESIAN_POINT('',(10.3,-22.2,3.));
#16623=CARTESIAN_POINT('',(10.3,-21.,3.));
#16624=CARTESIAN_POINT('',(10.18,-22.2,5.1));
#16625=CARTESIAN_POINT('',(12.82,-22.2,5.1));
#16626=CARTESIAN_POINT('',(10.18,-22.2,2.9));
#16627=CARTESIAN_POINT('',(12.82,-22.2,2.9));
#16628=CARTESIAN_POINT('',(12.7,-22.2,3.));
#16629=CARTESIAN_POINT('',(12.7,-22.2,3.));
#16630=CARTESIAN_POINT('',(11.5,-22.2,3.));
#16631=CARTESIAN_POINT('',(12.7,-22.32,2.9));
#16632=CARTESIAN_POINT('',(12.7,-19.68,2.9));
#16633=CARTESIAN_POINT('',(12.7,-22.32,5.1));
#16634=CARTESIAN_POINT('',(12.7,-19.68,5.1));
#16635=CARTESIAN_POINT('',(12.7,-21.,3.));
#16636=CARTESIAN_POINT('',(10.18,-22.32,3.));
#16637=CARTESIAN_POINT('',(10.18,-19.68,3.));
#16638=CARTESIAN_POINT('',(12.82,-22.32,3.));
#16639=CARTESIAN_POINT('',(12.82,-19.68,3.));
#16640=CARTESIAN_POINT('',(13.18,-19.8,5.1));
#16641=CARTESIAN_POINT('',(15.82,-19.8,5.1));
#16642=CARTESIAN_POINT('',(13.18,-19.8,2.9));
#16643=CARTESIAN_POINT('',(15.82,-19.8,2.9));
#16644=CARTESIAN_POINT('',(13.3,-19.8,3.));
#16645=CARTESIAN_POINT('',(13.3,-19.8,3.));
#16646=CARTESIAN_POINT('',(14.5,-19.8,3.));
#16647=CARTESIAN_POINT('',(15.7,-19.8,3.));
#16648=CARTESIAN_POINT('',(15.7,-19.8,3.));
#16649=CARTESIAN_POINT('',(13.3,-22.32,2.9));
#16650=CARTESIAN_POINT('',(13.3,-19.68,2.9));
#16651=CARTESIAN_POINT('',(13.3,-22.32,5.1));
#16652=CARTESIAN_POINT('',(13.3,-19.68,5.1));
#16653=CARTESIAN_POINT('',(13.3,-22.2,3.));
#16654=CARTESIAN_POINT('',(13.3,-22.2,3.));
#16655=CARTESIAN_POINT('',(13.3,-21.,3.));
#16656=CARTESIAN_POINT('',(13.18,-22.2,5.1));
#16657=CARTESIAN_POINT('',(15.82,-22.2,5.1));
#16658=CARTESIAN_POINT('',(13.18,-22.2,2.9));
#16659=CARTESIAN_POINT('',(15.82,-22.2,2.9));
#16660=CARTESIAN_POINT('',(15.7,-22.2,3.));
#16661=CARTESIAN_POINT('',(15.7,-22.2,3.));
#16662=CARTESIAN_POINT('',(14.5,-22.2,3.));
#16663=CARTESIAN_POINT('',(15.7,-22.32,2.9));
#16664=CARTESIAN_POINT('',(15.7,-19.68,2.9));
#16665=CARTESIAN_POINT('',(15.7,-22.32,5.1));
#16666=CARTESIAN_POINT('',(15.7,-19.68,5.1));
#16667=CARTESIAN_POINT('',(15.7,-21.,3.));
#16668=CARTESIAN_POINT('',(13.18,-22.32,3.));
#16669=CARTESIAN_POINT('',(13.18,-19.68,3.));
#16670=CARTESIAN_POINT('',(15.82,-22.32,3.));
#16671=CARTESIAN_POINT('',(15.82,-19.68,3.));
#16672=CARTESIAN_POINT('',(16.18,-19.8,5.1));
#16673=CARTESIAN_POINT('',(18.82,-19.8,5.1));
#16674=CARTESIAN_POINT('',(16.18,-19.8,2.9));
#16675=CARTESIAN_POINT('',(18.82,-19.8,2.9));
#16676=CARTESIAN_POINT('',(16.3,-19.8,3.));
#16677=CARTESIAN_POINT('',(16.3,-19.8,3.));
#16678=CARTESIAN_POINT('',(17.5,-19.8,3.));
#16679=CARTESIAN_POINT('',(18.7,-19.8,3.));
#16680=CARTESIAN_POINT('',(18.7,-19.8,3.));
#16681=CARTESIAN_POINT('',(16.3,-22.32,2.9));
#16682=CARTESIAN_POINT('',(16.3,-19.68,2.9));
#16683=CARTESIAN_POINT('',(16.3,-22.32,5.1));
#16684=CARTESIAN_POINT('',(16.3,-19.68,5.1));
#16685=CARTESIAN_POINT('',(16.3,-22.2,3.));
#16686=CARTESIAN_POINT('',(16.3,-22.2,3.));
#16687=CARTESIAN_POINT('',(16.3,-21.,3.));
#16688=CARTESIAN_POINT('',(16.18,-22.2,5.1));
#16689=CARTESIAN_POINT('',(18.82,-22.2,5.1));
#16690=CARTESIAN_POINT('',(16.18,-22.2,2.9));
#16691=CARTESIAN_POINT('',(18.82,-22.2,2.9));
#16692=CARTESIAN_POINT('',(18.7,-22.2,3.));
#16693=CARTESIAN_POINT('',(18.7,-22.2,3.));
#16694=CARTESIAN_POINT('',(17.5,-22.2,3.));
#16695=CARTESIAN_POINT('',(18.7,-22.32,2.9));
#16696=CARTESIAN_POINT('',(18.7,-19.68,2.9));
#16697=CARTESIAN_POINT('',(18.7,-22.32,5.1));
#16698=CARTESIAN_POINT('',(18.7,-19.68,5.1));
#16699=CARTESIAN_POINT('',(18.7,-21.,3.));
#16700=CARTESIAN_POINT('',(16.18,-22.32,3.));
#16701=CARTESIAN_POINT('',(16.18,-19.68,3.));
#16702=CARTESIAN_POINT('',(18.82,-22.32,3.));
#16703=CARTESIAN_POINT('',(18.82,-19.68,3.));
#16704=CARTESIAN_POINT('',(19.18,-19.8,5.1));
#16705=CARTESIAN_POINT('',(21.82,-19.8,5.1));
#16706=CARTESIAN_POINT('',(19.18,-19.8,2.9));
#16707=CARTESIAN_POINT('',(21.82,-19.8,2.9));
#16708=CARTESIAN_POINT('',(19.3,-19.8,3.));
#16709=CARTESIAN_POINT('',(19.3,-19.8,3.));
#16710=CARTESIAN_POINT('',(20.5,-19.8,3.));
#16711=CARTESIAN_POINT('',(21.7,-19.8,3.));
#16712=CARTESIAN_POINT('',(21.7,-19.8,3.));
#16713=CARTESIAN_POINT('',(19.3,-22.32,2.9));
#16714=CARTESIAN_POINT('',(19.3,-19.68,2.9));
#16715=CARTESIAN_POINT('',(19.3,-22.32,5.1));
#16716=CARTESIAN_POINT('',(19.3,-19.68,5.1));
#16717=CARTESIAN_POINT('',(19.3,-22.2,3.));
#16718=CARTESIAN_POINT('',(19.3,-22.2,3.));
#16719=CARTESIAN_POINT('',(19.3,-21.,3.));
#16720=CARTESIAN_POINT('',(19.18,-22.2,5.1));
#16721=CARTESIAN_POINT('',(21.82,-22.2,5.1));
#16722=CARTESIAN_POINT('',(19.18,-22.2,2.9));
#16723=CARTESIAN_POINT('',(21.82,-22.2,2.9));
#16724=CARTESIAN_POINT('',(21.7,-22.2,3.));
#16725=CARTESIAN_POINT('',(21.7,-22.2,3.));
#16726=CARTESIAN_POINT('',(20.5,-22.2,3.));
#16727=CARTESIAN_POINT('',(21.7,-22.32,2.9));
#16728=CARTESIAN_POINT('',(21.7,-19.68,2.9));
#16729=CARTESIAN_POINT('',(21.7,-22.32,5.1));
#16730=CARTESIAN_POINT('',(21.7,-19.68,5.1));
#16731=CARTESIAN_POINT('',(21.7,-21.,3.));
#16732=CARTESIAN_POINT('',(19.18,-22.32,3.));
#16733=CARTESIAN_POINT('',(19.18,-19.68,3.));
#16734=CARTESIAN_POINT('',(21.82,-22.32,3.));
#16735=CARTESIAN_POINT('',(21.82,-19.68,3.));
#16736=CARTESIAN_POINT('',(22.18,-19.8,5.1));
#16737=CARTESIAN_POINT('',(24.82,-19.8,5.1));
#16738=CARTESIAN_POINT('',(22.18,-19.8,2.9));
#16739=CARTESIAN_POINT('',(24.82,-19.8,2.9));
#16740=CARTESIAN_POINT('',(22.3,-19.8,3.));
#16741=CARTESIAN_POINT('',(22.3,-19.8,3.));
#16742=CARTESIAN_POINT('',(23.5,-19.8,3.));
#16743=CARTESIAN_POINT('',(24.7,-19.8,3.));
#16744=CARTESIAN_POINT('',(24.7,-19.8,3.));
#16745=CARTESIAN_POINT('',(22.3,-22.32,2.9));
#16746=CARTESIAN_POINT('',(22.3,-19.68,2.9));
#16747=CARTESIAN_POINT('',(22.3,-22.32,5.1));
#16748=CARTESIAN_POINT('',(22.3,-19.68,5.1));
#16749=CARTESIAN_POINT('',(22.3,-22.2,3.));
#16750=CARTESIAN_POINT('',(22.3,-22.2,3.));
#16751=CARTESIAN_POINT('',(22.3,-21.,3.));
#16752=CARTESIAN_POINT('',(22.18,-22.2,5.1));
#16753=CARTESIAN_POINT('',(24.82,-22.2,5.1));
#16754=CARTESIAN_POINT('',(22.18,-22.2,2.9));
#16755=CARTESIAN_POINT('',(24.82,-22.2,2.9));
#16756=CARTESIAN_POINT('',(24.7,-22.2,3.));
#16757=CARTESIAN_POINT('',(24.7,-22.2,3.));
#16758=CARTESIAN_POINT('',(23.5,-22.2,3.));
#16759=CARTESIAN_POINT('',(24.7,-22.32,2.9));
#16760=CARTESIAN_POINT('',(24.7,-19.68,2.9));
#16761=CARTESIAN_POINT('',(24.7,-22.32,5.1));
#16762=CARTESIAN_POINT('',(24.7,-19.68,5.1));
#16763=CARTESIAN_POINT('',(24.7,-21.,3.));
#16764=CARTESIAN_POINT('',(22.18,-22.32,3.));
#16765=CARTESIAN_POINT('',(22.18,-19.68,3.));
#16766=CARTESIAN_POINT('',(24.82,-22.32,3.));
#16767=CARTESIAN_POINT('',(24.82,-19.68,3.));
#16768=CARTESIAN_POINT('',(25.18,-19.8,5.1));
#16769=CARTESIAN_POINT('',(27.82,-19.8,5.1));
#16770=CARTESIAN_POINT('',(25.18,-19.8,2.9));
#16771=CARTESIAN_POINT('',(27.82,-19.8,2.9));
#16772=CARTESIAN_POINT('',(25.3,-19.8,3.));
#16773=CARTESIAN_POINT('',(25.3,-19.8,3.));
#16774=CARTESIAN_POINT('',(26.5,-19.8,3.));
#16775=CARTESIAN_POINT('',(27.7,-19.8,3.));
#16776=CARTESIAN_POINT('',(27.7,-19.8,3.));
#16777=CARTESIAN_POINT('',(25.3,-22.32,2.9));
#16778=CARTESIAN_POINT('',(25.3,-19.68,2.9));
#16779=CARTESIAN_POINT('',(25.3,-22.32,5.1));
#16780=CARTESIAN_POINT('',(25.3,-19.68,5.1));
#16781=CARTESIAN_POINT('',(25.3,-22.2,3.));
#16782=CARTESIAN_POINT('',(25.3,-22.2,3.));
#16783=CARTESIAN_POINT('',(25.3,-21.,3.));
#16784=CARTESIAN_POINT('',(25.18,-22.2,5.1));
#16785=CARTESIAN_POINT('',(27.82,-22.2,5.1));
#16786=CARTESIAN_POINT('',(25.18,-22.2,2.9));
#16787=CARTESIAN_POINT('',(27.82,-22.2,2.9));
#16788=CARTESIAN_POINT('',(27.7,-22.2,3.));
#16789=CARTESIAN_POINT('',(27.7,-22.2,3.));
#16790=CARTESIAN_POINT('',(26.5,-22.2,3.));
#16791=CARTESIAN_POINT('',(27.7,-22.32,2.9));
#16792=CARTESIAN_POINT('',(27.7,-19.68,2.9));
#16793=CARTESIAN_POINT('',(27.7,-22.32,5.1));
#16794=CARTESIAN_POINT('',(27.7,-19.68,5.1));
#16795=CARTESIAN_POINT('',(27.7,-21.,3.));
#16796=CARTESIAN_POINT('',(25.18,-22.32,3.));
#16797=CARTESIAN_POINT('',(25.18,-19.68,3.));
#16798=CARTESIAN_POINT('',(27.82,-22.32,3.));
#16799=CARTESIAN_POINT('',(27.82,-19.68,3.));
#16800=CARTESIAN_POINT('',(28.18,-19.8,5.1));
#16801=CARTESIAN_POINT('',(30.82,-19.8,5.1));
#16802=CARTESIAN_POINT('',(28.18,-19.8,2.9));
#16803=CARTESIAN_POINT('',(30.82,-19.8,2.9));
#16804=CARTESIAN_POINT('',(28.3,-19.8,3.));
#16805=CARTESIAN_POINT('',(28.3,-19.8,3.));
#16806=CARTESIAN_POINT('',(29.5,-19.8,3.));
#16807=CARTESIAN_POINT('',(30.7,-19.8,3.));
#16808=CARTESIAN_POINT('',(30.7,-19.8,3.));
#16809=CARTESIAN_POINT('',(28.3,-22.32,2.9));
#16810=CARTESIAN_POINT('',(28.3,-19.68,2.9));
#16811=CARTESIAN_POINT('',(28.3,-22.32,5.1));
#16812=CARTESIAN_POINT('',(28.3,-19.68,5.1));
#16813=CARTESIAN_POINT('',(28.3,-22.2,3.));
#16814=CARTESIAN_POINT('',(28.3,-22.2,3.));
#16815=CARTESIAN_POINT('',(28.3,-21.,3.));
#16816=CARTESIAN_POINT('',(28.18,-22.2,5.1));
#16817=CARTESIAN_POINT('',(30.82,-22.2,5.1));
#16818=CARTESIAN_POINT('',(28.18,-22.2,2.9));
#16819=CARTESIAN_POINT('',(30.82,-22.2,2.9));
#16820=CARTESIAN_POINT('',(30.7,-22.2,3.));
#16821=CARTESIAN_POINT('',(30.7,-22.2,3.));
#16822=CARTESIAN_POINT('',(29.5,-22.2,3.));
#16823=CARTESIAN_POINT('',(30.7,-22.32,2.9));
#16824=CARTESIAN_POINT('',(30.7,-19.68,2.9));
#16825=CARTESIAN_POINT('',(30.7,-22.32,5.1));
#16826=CARTESIAN_POINT('',(30.7,-19.68,5.1));
#16827=CARTESIAN_POINT('',(30.7,-21.,3.));
#16828=CARTESIAN_POINT('',(28.18,-22.32,3.));
#16829=CARTESIAN_POINT('',(28.18,-19.68,3.));
#16830=CARTESIAN_POINT('',(30.82,-22.32,3.));
#16831=CARTESIAN_POINT('',(30.82,-19.68,3.));
#16832=CARTESIAN_POINT('',(43.18,-19.8,5.1));
#16833=CARTESIAN_POINT('',(45.82,-19.8,5.1));
#16834=CARTESIAN_POINT('',(43.18,-19.8,2.9));
#16835=CARTESIAN_POINT('',(45.82,-19.8,2.9));
#16836=CARTESIAN_POINT('',(43.3,-19.8,3.));
#16837=CARTESIAN_POINT('',(43.3,-19.8,3.));
#16838=CARTESIAN_POINT('',(44.5,-19.8,3.));
#16839=CARTESIAN_POINT('',(45.7,-19.8,3.));
#16840=CARTESIAN_POINT('',(45.7,-19.8,3.));
#16841=CARTESIAN_POINT('',(43.3,-22.32,2.9));
#16842=CARTESIAN_POINT('',(43.3,-19.68,2.9));
#16843=CARTESIAN_POINT('',(43.3,-22.32,5.1));
#16844=CARTESIAN_POINT('',(43.3,-19.68,5.1));
#16845=CARTESIAN_POINT('',(43.3,-22.2,3.));
#16846=CARTESIAN_POINT('',(43.3,-22.2,3.));
#16847=CARTESIAN_POINT('',(43.3,-21.,3.));
#16848=CARTESIAN_POINT('',(43.18,-22.2,5.1));
#16849=CARTESIAN_POINT('',(45.82,-22.2,5.1));
#16850=CARTESIAN_POINT('',(43.18,-22.2,2.9));
#16851=CARTESIAN_POINT('',(45.82,-22.2,2.9));
#16852=CARTESIAN_POINT('',(45.7,-22.2,3.));
#16853=CARTESIAN_POINT('',(45.7,-22.2,3.));
#16854=CARTESIAN_POINT('',(44.5,-22.2,3.));
#16855=CARTESIAN_POINT('',(45.7,-22.32,2.9));
#16856=CARTESIAN_POINT('',(45.7,-19.68,2.9));
#16857=CARTESIAN_POINT('',(45.7,-22.32,5.1));
#16858=CARTESIAN_POINT('',(45.7,-19.68,5.1));
#16859=CARTESIAN_POINT('',(45.7,-21.,3.));
#16860=CARTESIAN_POINT('',(43.18,-22.32,3.));
#16861=CARTESIAN_POINT('',(43.18,-19.68,3.));
#16862=CARTESIAN_POINT('',(45.82,-22.32,3.));
#16863=CARTESIAN_POINT('',(45.82,-19.68,3.));
#16864=CARTESIAN_POINT('',(46.18,-19.8,5.1));
#16865=CARTESIAN_POINT('',(48.82,-19.8,5.1));
#16866=CARTESIAN_POINT('',(46.18,-19.8,2.9));
#16867=CARTESIAN_POINT('',(48.82,-19.8,2.9));
#16868=CARTESIAN_POINT('',(46.3,-19.8,3.));
#16869=CARTESIAN_POINT('',(46.3,-19.8,3.));
#16870=CARTESIAN_POINT('',(47.5,-19.8,3.));
#16871=CARTESIAN_POINT('',(48.7,-19.8,3.));
#16872=CARTESIAN_POINT('',(48.7,-19.8,3.));
#16873=CARTESIAN_POINT('',(46.3,-22.32,2.9));
#16874=CARTESIAN_POINT('',(46.3,-19.68,2.9));
#16875=CARTESIAN_POINT('',(46.3,-22.32,5.1));
#16876=CARTESIAN_POINT('',(46.3,-19.68,5.1));
#16877=CARTESIAN_POINT('',(46.3,-22.2,3.));
#16878=CARTESIAN_POINT('',(46.3,-22.2,3.));
#16879=CARTESIAN_POINT('',(46.3,-21.,3.));
#16880=CARTESIAN_POINT('',(46.18,-22.2,5.1));
#16881=CARTESIAN_POINT('',(48.82,-22.2,5.1));
#16882=CARTESIAN_POINT('',(46.18,-22.2,2.9));
#16883=CARTESIAN_POINT('',(48.82,-22.2,2.9));
#16884=CARTESIAN_POINT('',(48.7,-22.2,3.));
#16885=CARTESIAN_POINT('',(48.7,-22.2,3.));
#16886=CARTESIAN_POINT('',(47.5,-22.2,3.));
#16887=CARTESIAN_POINT('',(48.7,-22.32,2.9));
#16888=CARTESIAN_POINT('',(48.7,-19.68,2.9));
#16889=CARTESIAN_POINT('',(48.7,-22.32,5.1));
#16890=CARTESIAN_POINT('',(48.7,-19.68,5.1));
#16891=CARTESIAN_POINT('',(48.7,-21.,3.));
#16892=CARTESIAN_POINT('',(46.18,-22.32,3.));
#16893=CARTESIAN_POINT('',(46.18,-19.68,3.));
#16894=CARTESIAN_POINT('',(48.82,-22.32,3.));
#16895=CARTESIAN_POINT('',(48.82,-19.68,3.));
#16896=CARTESIAN_POINT('',(49.18,-19.8,5.1));
#16897=CARTESIAN_POINT('',(51.82,-19.8,5.1));
#16898=CARTESIAN_POINT('',(49.18,-19.8,2.9));
#16899=CARTESIAN_POINT('',(51.82,-19.8,2.9));
#16900=CARTESIAN_POINT('',(49.3,-19.8,3.));
#16901=CARTESIAN_POINT('',(49.3,-19.8,3.));
#16902=CARTESIAN_POINT('',(50.5,-19.8,3.));
#16903=CARTESIAN_POINT('',(51.7,-19.8,3.));
#16904=CARTESIAN_POINT('',(51.7,-19.8,3.));
#16905=CARTESIAN_POINT('',(49.3,-22.32,2.9));
#16906=CARTESIAN_POINT('',(49.3,-19.68,2.9));
#16907=CARTESIAN_POINT('',(49.3,-22.32,5.1));
#16908=CARTESIAN_POINT('',(49.3,-19.68,5.1));
#16909=CARTESIAN_POINT('',(49.3,-22.2,3.));
#16910=CARTESIAN_POINT('',(49.3,-22.2,3.));
#16911=CARTESIAN_POINT('',(49.3,-21.,3.));
#16912=CARTESIAN_POINT('',(49.18,-22.2,5.1));
#16913=CARTESIAN_POINT('',(51.82,-22.2,5.1));
#16914=CARTESIAN_POINT('',(49.18,-22.2,2.9));
#16915=CARTESIAN_POINT('',(51.82,-22.2,2.9));
#16916=CARTESIAN_POINT('',(51.7,-22.2,3.));
#16917=CARTESIAN_POINT('',(51.7,-22.2,3.));
#16918=CARTESIAN_POINT('',(50.5,-22.2,3.));
#16919=CARTESIAN_POINT('',(51.7,-22.32,2.9));
#16920=CARTESIAN_POINT('',(51.7,-19.68,2.9));
#16921=CARTESIAN_POINT('',(51.7,-22.32,5.1));
#16922=CARTESIAN_POINT('',(51.7,-19.68,5.1));
#16923=CARTESIAN_POINT('',(51.7,-21.,3.));
#16924=CARTESIAN_POINT('',(49.18,-22.32,3.));
#16925=CARTESIAN_POINT('',(49.18,-19.68,3.));
#16926=CARTESIAN_POINT('',(51.82,-22.32,3.));
#16927=CARTESIAN_POINT('',(51.82,-19.68,3.));
#16928=CARTESIAN_POINT('',(4.18,-16.8,5.1));
#16929=CARTESIAN_POINT('',(6.82,-16.8,5.1));
#16930=CARTESIAN_POINT('',(4.18,-16.8,2.9));
#16931=CARTESIAN_POINT('',(6.82,-16.8,2.9));
#16932=CARTESIAN_POINT('',(4.3,-16.8,3.));
#16933=CARTESIAN_POINT('',(4.3,-16.8,3.));
#16934=CARTESIAN_POINT('',(5.5,-16.8,3.));
#16935=CARTESIAN_POINT('',(6.7,-16.8,3.));
#16936=CARTESIAN_POINT('',(6.7,-16.8,3.));
#16937=CARTESIAN_POINT('',(4.3,-19.32,2.9));
#16938=CARTESIAN_POINT('',(4.3,-16.68,2.9));
#16939=CARTESIAN_POINT('',(4.3,-19.32,5.1));
#16940=CARTESIAN_POINT('',(4.3,-16.68,5.1));
#16941=CARTESIAN_POINT('',(4.3,-19.2,3.));
#16942=CARTESIAN_POINT('',(4.3,-19.2,3.));
#16943=CARTESIAN_POINT('',(4.3,-18.,3.));
#16944=CARTESIAN_POINT('',(4.18,-19.2,5.1));
#16945=CARTESIAN_POINT('',(6.82,-19.2,5.1));
#16946=CARTESIAN_POINT('',(4.18,-19.2,2.9));
#16947=CARTESIAN_POINT('',(6.82,-19.2,2.9));
#16948=CARTESIAN_POINT('',(6.7,-19.2,3.));
#16949=CARTESIAN_POINT('',(6.7,-19.2,3.));
#16950=CARTESIAN_POINT('',(5.5,-19.2,3.));
#16951=CARTESIAN_POINT('',(6.7,-19.32,2.9));
#16952=CARTESIAN_POINT('',(6.7,-16.68,2.9));
#16953=CARTESIAN_POINT('',(6.7,-19.32,5.1));
#16954=CARTESIAN_POINT('',(6.7,-16.68,5.1));
#16955=CARTESIAN_POINT('',(6.7,-18.,3.));
#16956=CARTESIAN_POINT('',(4.18,-19.32,3.));
#16957=CARTESIAN_POINT('',(4.18,-16.68,3.));
#16958=CARTESIAN_POINT('',(6.82,-19.32,3.));
#16959=CARTESIAN_POINT('',(6.82,-16.68,3.));
#16960=CARTESIAN_POINT('',(40.18,-19.8,5.1));
#16961=CARTESIAN_POINT('',(42.82,-19.8,5.1));
#16962=CARTESIAN_POINT('',(40.18,-19.8,2.9));
#16963=CARTESIAN_POINT('',(42.82,-19.8,2.9));
#16964=CARTESIAN_POINT('',(40.3,-19.8,3.));
#16965=CARTESIAN_POINT('',(40.3,-19.8,3.));
#16966=CARTESIAN_POINT('',(41.5,-19.8,3.));
#16967=CARTESIAN_POINT('',(42.7,-19.8,3.));
#16968=CARTESIAN_POINT('',(42.7,-19.8,3.));
#16969=CARTESIAN_POINT('',(40.3,-22.32,2.9));
#16970=CARTESIAN_POINT('',(40.3,-19.68,2.9));
#16971=CARTESIAN_POINT('',(40.3,-22.32,5.1));
#16972=CARTESIAN_POINT('',(40.3,-19.68,5.1));
#16973=CARTESIAN_POINT('',(40.3,-22.2,3.));
#16974=CARTESIAN_POINT('',(40.3,-22.2,3.));
#16975=CARTESIAN_POINT('',(40.3,-21.,3.));
#16976=CARTESIAN_POINT('',(40.18,-22.2,5.1));
#16977=CARTESIAN_POINT('',(42.82,-22.2,5.1));
#16978=CARTESIAN_POINT('',(40.18,-22.2,2.9));
#16979=CARTESIAN_POINT('',(42.82,-22.2,2.9));
#16980=CARTESIAN_POINT('',(42.7,-22.2,3.));
#16981=CARTESIAN_POINT('',(42.7,-22.2,3.));
#16982=CARTESIAN_POINT('',(41.5,-22.2,3.));
#16983=CARTESIAN_POINT('',(42.7,-22.32,2.9));
#16984=CARTESIAN_POINT('',(42.7,-19.68,2.9));
#16985=CARTESIAN_POINT('',(42.7,-22.32,5.1));
#16986=CARTESIAN_POINT('',(42.7,-19.68,5.1));
#16987=CARTESIAN_POINT('',(42.7,-21.,3.));
#16988=CARTESIAN_POINT('',(40.18,-22.32,3.));
#16989=CARTESIAN_POINT('',(40.18,-19.68,3.));
#16990=CARTESIAN_POINT('',(42.82,-22.32,3.));
#16991=CARTESIAN_POINT('',(42.82,-19.68,3.));
#16992=CARTESIAN_POINT('',(37.18,-19.8,5.1));
#16993=CARTESIAN_POINT('',(39.82,-19.8,5.1));
#16994=CARTESIAN_POINT('',(37.18,-19.8,2.9));
#16995=CARTESIAN_POINT('',(39.82,-19.8,2.9));
#16996=CARTESIAN_POINT('',(37.3,-19.8,3.));
#16997=CARTESIAN_POINT('',(37.3,-19.8,3.));
#16998=CARTESIAN_POINT('',(38.5,-19.8,3.));
#16999=CARTESIAN_POINT('',(39.7,-19.8,3.));
#17000=CARTESIAN_POINT('',(39.7,-19.8,3.));
#17001=CARTESIAN_POINT('',(37.3,-22.32,2.9));
#17002=CARTESIAN_POINT('',(37.3,-19.68,2.9));
#17003=CARTESIAN_POINT('',(37.3,-22.32,5.1));
#17004=CARTESIAN_POINT('',(37.3,-19.68,5.1));
#17005=CARTESIAN_POINT('',(37.3,-22.2,3.));
#17006=CARTESIAN_POINT('',(37.3,-22.2,3.));
#17007=CARTESIAN_POINT('',(37.3,-21.,3.));
#17008=CARTESIAN_POINT('',(37.18,-22.2,5.1));
#17009=CARTESIAN_POINT('',(39.82,-22.2,5.1));
#17010=CARTESIAN_POINT('',(37.18,-22.2,2.9));
#17011=CARTESIAN_POINT('',(39.82,-22.2,2.9));
#17012=CARTESIAN_POINT('',(39.7,-22.2,3.));
#17013=CARTESIAN_POINT('',(39.7,-22.2,3.));
#17014=CARTESIAN_POINT('',(38.5,-22.2,3.));
#17015=CARTESIAN_POINT('',(39.7,-22.32,2.9));
#17016=CARTESIAN_POINT('',(39.7,-19.68,2.9));
#17017=CARTESIAN_POINT('',(39.7,-22.32,5.1));
#17018=CARTESIAN_POINT('',(39.7,-19.68,5.1));
#17019=CARTESIAN_POINT('',(39.7,-21.,3.));
#17020=CARTESIAN_POINT('',(37.18,-22.32,3.));
#17021=CARTESIAN_POINT('',(37.18,-19.68,3.));
#17022=CARTESIAN_POINT('',(39.82,-22.32,3.));
#17023=CARTESIAN_POINT('',(39.82,-19.68,3.));
#17024=CARTESIAN_POINT('',(34.18,-19.8,5.1));
#17025=CARTESIAN_POINT('',(36.82,-19.8,5.1));
#17026=CARTESIAN_POINT('',(34.18,-19.8,2.9));
#17027=CARTESIAN_POINT('',(36.82,-19.8,2.9));
#17028=CARTESIAN_POINT('',(34.3,-19.8,3.));
#17029=CARTESIAN_POINT('',(34.3,-19.8,3.));
#17030=CARTESIAN_POINT('',(35.5,-19.8,3.));
#17031=CARTESIAN_POINT('',(36.7,-19.8,3.));
#17032=CARTESIAN_POINT('',(36.7,-19.8,3.));
#17033=CARTESIAN_POINT('',(34.3,-22.32,2.9));
#17034=CARTESIAN_POINT('',(34.3,-19.68,2.9));
#17035=CARTESIAN_POINT('',(34.3,-22.32,5.1));
#17036=CARTESIAN_POINT('',(34.3,-19.68,5.1));
#17037=CARTESIAN_POINT('',(34.3,-22.2,3.));
#17038=CARTESIAN_POINT('',(34.3,-22.2,3.));
#17039=CARTESIAN_POINT('',(34.3,-21.,3.));
#17040=CARTESIAN_POINT('',(34.18,-22.2,5.1));
#17041=CARTESIAN_POINT('',(36.82,-22.2,5.1));
#17042=CARTESIAN_POINT('',(34.18,-22.2,2.9));
#17043=CARTESIAN_POINT('',(36.82,-22.2,2.9));
#17044=CARTESIAN_POINT('',(36.7,-22.2,3.));
#17045=CARTESIAN_POINT('',(36.7,-22.2,3.));
#17046=CARTESIAN_POINT('',(35.5,-22.2,3.));
#17047=CARTESIAN_POINT('',(36.7,-22.32,2.9));
#17048=CARTESIAN_POINT('',(36.7,-19.68,2.9));
#17049=CARTESIAN_POINT('',(36.7,-22.32,5.1));
#17050=CARTESIAN_POINT('',(36.7,-19.68,5.1));
#17051=CARTESIAN_POINT('',(36.7,-21.,3.));
#17052=CARTESIAN_POINT('',(34.18,-22.32,3.));
#17053=CARTESIAN_POINT('',(34.18,-19.68,3.));
#17054=CARTESIAN_POINT('',(36.82,-22.32,3.));
#17055=CARTESIAN_POINT('',(36.82,-19.68,3.));
#17056=CARTESIAN_POINT('',(31.18,-19.8,5.1));
#17057=CARTESIAN_POINT('',(33.82,-19.8,5.1));
#17058=CARTESIAN_POINT('',(31.18,-19.8,2.9));
#17059=CARTESIAN_POINT('',(33.82,-19.8,2.9));
#17060=CARTESIAN_POINT('',(31.3,-19.8,3.));
#17061=CARTESIAN_POINT('',(31.3,-19.8,3.));
#17062=CARTESIAN_POINT('',(32.5,-19.8,3.));
#17063=CARTESIAN_POINT('',(33.7,-19.8,3.));
#17064=CARTESIAN_POINT('',(33.7,-19.8,3.));
#17065=CARTESIAN_POINT('',(31.3,-22.32,2.9));
#17066=CARTESIAN_POINT('',(31.3,-19.68,2.9));
#17067=CARTESIAN_POINT('',(31.3,-22.32,5.1));
#17068=CARTESIAN_POINT('',(31.3,-19.68,5.1));
#17069=CARTESIAN_POINT('',(31.3,-22.2,3.));
#17070=CARTESIAN_POINT('',(31.3,-22.2,3.));
#17071=CARTESIAN_POINT('',(31.3,-21.,3.));
#17072=CARTESIAN_POINT('',(31.18,-22.2,5.1));
#17073=CARTESIAN_POINT('',(33.82,-22.2,5.1));
#17074=CARTESIAN_POINT('',(31.18,-22.2,2.9));
#17075=CARTESIAN_POINT('',(33.82,-22.2,2.9));
#17076=CARTESIAN_POINT('',(33.7,-22.2,3.));
#17077=CARTESIAN_POINT('',(33.7,-22.2,3.));
#17078=CARTESIAN_POINT('',(32.5,-22.2,3.));
#17079=CARTESIAN_POINT('',(33.7,-22.32,2.9));
#17080=CARTESIAN_POINT('',(33.7,-19.68,2.9));
#17081=CARTESIAN_POINT('',(33.7,-22.32,5.1));
#17082=CARTESIAN_POINT('',(33.7,-19.68,5.1));
#17083=CARTESIAN_POINT('',(33.7,-21.,3.));
#17084=CARTESIAN_POINT('',(31.18,-22.32,3.));
#17085=CARTESIAN_POINT('',(31.18,-19.68,3.));
#17086=CARTESIAN_POINT('',(33.82,-22.32,3.));
#17087=CARTESIAN_POINT('',(33.82,-19.68,3.));
#17088=CARTESIAN_POINT('',(10.18,-22.8,5.1));
#17089=CARTESIAN_POINT('',(12.82,-22.8,5.1));
#17090=CARTESIAN_POINT('',(10.18,-22.8,2.9));
#17091=CARTESIAN_POINT('',(12.82,-22.8,2.9));
#17092=CARTESIAN_POINT('',(10.3,-22.8,3.));
#17093=CARTESIAN_POINT('',(10.3,-22.8,3.));
#17094=CARTESIAN_POINT('',(11.5,-22.8,3.));
#17095=CARTESIAN_POINT('',(12.7,-22.8,3.));
#17096=CARTESIAN_POINT('',(12.7,-22.8,3.));
#17097=CARTESIAN_POINT('',(10.3,-25.32,2.9));
#17098=CARTESIAN_POINT('',(10.3,-22.68,2.9));
#17099=CARTESIAN_POINT('',(10.3,-25.32,5.1));
#17100=CARTESIAN_POINT('',(10.3,-22.68,5.1));
#17101=CARTESIAN_POINT('',(10.3,-25.2,3.));
#17102=CARTESIAN_POINT('',(10.3,-25.2,3.));
#17103=CARTESIAN_POINT('',(10.3,-24.,3.));
#17104=CARTESIAN_POINT('',(10.18,-25.2,5.1));
#17105=CARTESIAN_POINT('',(12.82,-25.2,5.1));
#17106=CARTESIAN_POINT('',(10.18,-25.2,2.9));
#17107=CARTESIAN_POINT('',(12.82,-25.2,2.9));
#17108=CARTESIAN_POINT('',(12.7,-25.2,3.));
#17109=CARTESIAN_POINT('',(12.7,-25.2,3.));
#17110=CARTESIAN_POINT('',(11.5,-25.2,3.));
#17111=CARTESIAN_POINT('',(12.7,-25.32,2.9));
#17112=CARTESIAN_POINT('',(12.7,-22.68,2.9));
#17113=CARTESIAN_POINT('',(12.7,-25.32,5.1));
#17114=CARTESIAN_POINT('',(12.7,-22.68,5.1));
#17115=CARTESIAN_POINT('',(12.7,-24.,3.));
#17116=CARTESIAN_POINT('',(10.18,-25.32,3.));
#17117=CARTESIAN_POINT('',(10.18,-22.68,3.));
#17118=CARTESIAN_POINT('',(12.82,-25.32,3.));
#17119=CARTESIAN_POINT('',(12.82,-22.68,3.));
#17120=CARTESIAN_POINT('',(16.18,-22.8,5.1));
#17121=CARTESIAN_POINT('',(18.82,-22.8,5.1));
#17122=CARTESIAN_POINT('',(16.18,-22.8,2.9));
#17123=CARTESIAN_POINT('',(18.82,-22.8,2.9));
#17124=CARTESIAN_POINT('',(16.3,-22.8,3.));
#17125=CARTESIAN_POINT('',(16.3,-22.8,3.));
#17126=CARTESIAN_POINT('',(17.5,-22.8,3.));
#17127=CARTESIAN_POINT('',(18.7,-22.8,3.));
#17128=CARTESIAN_POINT('',(18.7,-22.8,3.));
#17129=CARTESIAN_POINT('',(16.3,-25.32,2.9));
#17130=CARTESIAN_POINT('',(16.3,-22.68,2.9));
#17131=CARTESIAN_POINT('',(16.3,-25.32,5.1));
#17132=CARTESIAN_POINT('',(16.3,-22.68,5.1));
#17133=CARTESIAN_POINT('',(16.3,-25.2,3.));
#17134=CARTESIAN_POINT('',(16.3,-25.2,3.));
#17135=CARTESIAN_POINT('',(16.3,-24.,3.));
#17136=CARTESIAN_POINT('',(16.18,-25.2,5.1));
#17137=CARTESIAN_POINT('',(18.82,-25.2,5.1));
#17138=CARTESIAN_POINT('',(16.18,-25.2,2.9));
#17139=CARTESIAN_POINT('',(18.82,-25.2,2.9));
#17140=CARTESIAN_POINT('',(18.7,-25.2,3.));
#17141=CARTESIAN_POINT('',(18.7,-25.2,3.));
#17142=CARTESIAN_POINT('',(17.5,-25.2,3.));
#17143=CARTESIAN_POINT('',(18.7,-25.32,2.9));
#17144=CARTESIAN_POINT('',(18.7,-22.68,2.9));
#17145=CARTESIAN_POINT('',(18.7,-25.32,5.1));
#17146=CARTESIAN_POINT('',(18.7,-22.68,5.1));
#17147=CARTESIAN_POINT('',(18.7,-24.,3.));
#17148=CARTESIAN_POINT('',(16.18,-25.32,3.));
#17149=CARTESIAN_POINT('',(16.18,-22.68,3.));
#17150=CARTESIAN_POINT('',(18.82,-25.32,3.));
#17151=CARTESIAN_POINT('',(18.82,-22.68,3.));
#17152=CARTESIAN_POINT('',(37.18,-22.8,5.1));
#17153=CARTESIAN_POINT('',(39.82,-22.8,5.1));
#17154=CARTESIAN_POINT('',(37.18,-22.8,2.9));
#17155=CARTESIAN_POINT('',(39.82,-22.8,2.9));
#17156=CARTESIAN_POINT('',(37.3,-22.8,3.));
#17157=CARTESIAN_POINT('',(37.3,-22.8,3.));
#17158=CARTESIAN_POINT('',(38.5,-22.8,3.));
#17159=CARTESIAN_POINT('',(39.7,-22.8,3.));
#17160=CARTESIAN_POINT('',(39.7,-22.8,3.));
#17161=CARTESIAN_POINT('',(37.3,-25.32,2.9));
#17162=CARTESIAN_POINT('',(37.3,-22.68,2.9));
#17163=CARTESIAN_POINT('',(37.3,-25.32,5.1));
#17164=CARTESIAN_POINT('',(37.3,-22.68,5.1));
#17165=CARTESIAN_POINT('',(37.3,-25.2,3.));
#17166=CARTESIAN_POINT('',(37.3,-25.2,3.));
#17167=CARTESIAN_POINT('',(37.3,-24.,3.));
#17168=CARTESIAN_POINT('',(37.18,-25.2,5.1));
#17169=CARTESIAN_POINT('',(39.82,-25.2,5.1));
#17170=CARTESIAN_POINT('',(37.18,-25.2,2.9));
#17171=CARTESIAN_POINT('',(39.82,-25.2,2.9));
#17172=CARTESIAN_POINT('',(39.7,-25.2,3.));
#17173=CARTESIAN_POINT('',(39.7,-25.2,3.));
#17174=CARTESIAN_POINT('',(38.5,-25.2,3.));
#17175=CARTESIAN_POINT('',(39.7,-25.32,2.9));
#17176=CARTESIAN_POINT('',(39.7,-22.68,2.9));
#17177=CARTESIAN_POINT('',(39.7,-25.32,5.1));
#17178=CARTESIAN_POINT('',(39.7,-22.68,5.1));
#17179=CARTESIAN_POINT('',(39.7,-24.,3.));
#17180=CARTESIAN_POINT('',(37.18,-25.32,3.));
#17181=CARTESIAN_POINT('',(37.18,-22.68,3.));
#17182=CARTESIAN_POINT('',(39.82,-25.32,3.));
#17183=CARTESIAN_POINT('',(39.82,-22.68,3.));
#17184=CARTESIAN_POINT('',(31.18,-22.8,5.1));
#17185=CARTESIAN_POINT('',(33.82,-22.8,5.1));
#17186=CARTESIAN_POINT('',(31.18,-22.8,2.9));
#17187=CARTESIAN_POINT('',(33.82,-22.8,2.9));
#17188=CARTESIAN_POINT('',(31.3,-22.8,3.));
#17189=CARTESIAN_POINT('',(31.3,-22.8,3.));
#17190=CARTESIAN_POINT('',(32.5,-22.8,3.));
#17191=CARTESIAN_POINT('',(33.7,-22.8,3.));
#17192=CARTESIAN_POINT('',(33.7,-22.8,3.));
#17193=CARTESIAN_POINT('',(31.3,-25.32,2.9));
#17194=CARTESIAN_POINT('',(31.3,-22.68,2.9));
#17195=CARTESIAN_POINT('',(31.3,-25.32,5.1));
#17196=CARTESIAN_POINT('',(31.3,-22.68,5.1));
#17197=CARTESIAN_POINT('',(31.3,-25.2,3.));
#17198=CARTESIAN_POINT('',(31.3,-25.2,3.));
#17199=CARTESIAN_POINT('',(31.3,-24.,3.));
#17200=CARTESIAN_POINT('',(31.18,-25.2,5.1));
#17201=CARTESIAN_POINT('',(33.82,-25.2,5.1));
#17202=CARTESIAN_POINT('',(31.18,-25.2,2.9));
#17203=CARTESIAN_POINT('',(33.82,-25.2,2.9));
#17204=CARTESIAN_POINT('',(33.7,-25.2,3.));
#17205=CARTESIAN_POINT('',(33.7,-25.2,3.));
#17206=CARTESIAN_POINT('',(32.5,-25.2,3.));
#17207=CARTESIAN_POINT('',(33.7,-25.32,2.9));
#17208=CARTESIAN_POINT('',(33.7,-22.68,2.9));
#17209=CARTESIAN_POINT('',(33.7,-25.32,5.1));
#17210=CARTESIAN_POINT('',(33.7,-22.68,5.1));
#17211=CARTESIAN_POINT('',(33.7,-24.,3.));
#17212=CARTESIAN_POINT('',(31.18,-25.32,3.));
#17213=CARTESIAN_POINT('',(31.18,-22.68,3.));
#17214=CARTESIAN_POINT('',(33.82,-25.32,3.));
#17215=CARTESIAN_POINT('',(33.82,-22.68,3.));
#17216=CARTESIAN_POINT('',(25.18,-22.8,5.1));
#17217=CARTESIAN_POINT('',(27.82,-22.8,5.1));
#17218=CARTESIAN_POINT('',(25.18,-22.8,2.9));
#17219=CARTESIAN_POINT('',(27.82,-22.8,2.9));
#17220=CARTESIAN_POINT('',(25.3,-22.8,3.));
#17221=CARTESIAN_POINT('',(25.3,-22.8,3.));
#17222=CARTESIAN_POINT('',(26.5,-22.8,3.));
#17223=CARTESIAN_POINT('',(27.7,-22.8,3.));
#17224=CARTESIAN_POINT('',(27.7,-22.8,3.));
#17225=CARTESIAN_POINT('',(25.3,-25.32,2.9));
#17226=CARTESIAN_POINT('',(25.3,-22.68,2.9));
#17227=CARTESIAN_POINT('',(25.3,-25.32,5.1));
#17228=CARTESIAN_POINT('',(25.3,-22.68,5.1));
#17229=CARTESIAN_POINT('',(25.3,-25.2,3.));
#17230=CARTESIAN_POINT('',(25.3,-25.2,3.));
#17231=CARTESIAN_POINT('',(25.3,-24.,3.));
#17232=CARTESIAN_POINT('',(25.18,-25.2,5.1));
#17233=CARTESIAN_POINT('',(27.82,-25.2,5.1));
#17234=CARTESIAN_POINT('',(25.18,-25.2,2.9));
#17235=CARTESIAN_POINT('',(27.82,-25.2,2.9));
#17236=CARTESIAN_POINT('',(27.7,-25.2,3.));
#17237=CARTESIAN_POINT('',(27.7,-25.2,3.));
#17238=CARTESIAN_POINT('',(26.5,-25.2,3.));
#17239=CARTESIAN_POINT('',(27.7,-25.32,2.9));
#17240=CARTESIAN_POINT('',(27.7,-22.68,2.9));
#17241=CARTESIAN_POINT('',(27.7,-25.32,5.1));
#17242=CARTESIAN_POINT('',(27.7,-22.68,5.1));
#17243=CARTESIAN_POINT('',(27.7,-24.,3.));
#17244=CARTESIAN_POINT('',(25.18,-25.32,3.));
#17245=CARTESIAN_POINT('',(25.18,-22.68,3.));
#17246=CARTESIAN_POINT('',(27.82,-25.32,3.));
#17247=CARTESIAN_POINT('',(27.82,-22.68,3.));
#17248=CARTESIAN_POINT('',(19.18,-22.8,5.1));
#17249=CARTESIAN_POINT('',(21.82,-22.8,5.1));
#17250=CARTESIAN_POINT('',(19.18,-22.8,2.9));
#17251=CARTESIAN_POINT('',(21.82,-22.8,2.9));
#17252=CARTESIAN_POINT('',(19.3,-22.8,3.));
#17253=CARTESIAN_POINT('',(19.3,-22.8,3.));
#17254=CARTESIAN_POINT('',(20.5,-22.8,3.));
#17255=CARTESIAN_POINT('',(21.7,-22.8,3.));
#17256=CARTESIAN_POINT('',(21.7,-22.8,3.));
#17257=CARTESIAN_POINT('',(19.3,-25.32,2.9));
#17258=CARTESIAN_POINT('',(19.3,-22.68,2.9));
#17259=CARTESIAN_POINT('',(19.3,-25.32,5.1));
#17260=CARTESIAN_POINT('',(19.3,-22.68,5.1));
#17261=CARTESIAN_POINT('',(19.3,-25.2,3.));
#17262=CARTESIAN_POINT('',(19.3,-25.2,3.));
#17263=CARTESIAN_POINT('',(19.3,-24.,3.));
#17264=CARTESIAN_POINT('',(19.18,-25.2,5.1));
#17265=CARTESIAN_POINT('',(21.82,-25.2,5.1));
#17266=CARTESIAN_POINT('',(19.18,-25.2,2.9));
#17267=CARTESIAN_POINT('',(21.82,-25.2,2.9));
#17268=CARTESIAN_POINT('',(21.7,-25.2,3.));
#17269=CARTESIAN_POINT('',(21.7,-25.2,3.));
#17270=CARTESIAN_POINT('',(20.5,-25.2,3.));
#17271=CARTESIAN_POINT('',(21.7,-25.32,2.9));
#17272=CARTESIAN_POINT('',(21.7,-22.68,2.9));
#17273=CARTESIAN_POINT('',(21.7,-25.32,5.1));
#17274=CARTESIAN_POINT('',(21.7,-22.68,5.1));
#17275=CARTESIAN_POINT('',(21.7,-24.,3.));
#17276=CARTESIAN_POINT('',(19.18,-25.32,3.));
#17277=CARTESIAN_POINT('',(19.18,-22.68,3.));
#17278=CARTESIAN_POINT('',(21.82,-25.32,3.));
#17279=CARTESIAN_POINT('',(21.82,-22.68,3.));
#17280=CARTESIAN_POINT('',(13.18,-22.8,5.1));
#17281=CARTESIAN_POINT('',(15.82,-22.8,5.1));
#17282=CARTESIAN_POINT('',(13.18,-22.8,2.9));
#17283=CARTESIAN_POINT('',(15.82,-22.8,2.9));
#17284=CARTESIAN_POINT('',(13.3,-22.8,3.));
#17285=CARTESIAN_POINT('',(13.3,-22.8,3.));
#17286=CARTESIAN_POINT('',(14.5,-22.8,3.));
#17287=CARTESIAN_POINT('',(15.7,-22.8,3.));
#17288=CARTESIAN_POINT('',(15.7,-22.8,3.));
#17289=CARTESIAN_POINT('',(13.3,-25.32,2.9));
#17290=CARTESIAN_POINT('',(13.3,-22.68,2.9));
#17291=CARTESIAN_POINT('',(13.3,-25.32,5.1));
#17292=CARTESIAN_POINT('',(13.3,-22.68,5.1));
#17293=CARTESIAN_POINT('',(13.3,-25.2,3.));
#17294=CARTESIAN_POINT('',(13.3,-25.2,3.));
#17295=CARTESIAN_POINT('',(13.3,-24.,3.));
#17296=CARTESIAN_POINT('',(13.18,-25.2,5.1));
#17297=CARTESIAN_POINT('',(15.82,-25.2,5.1));
#17298=CARTESIAN_POINT('',(13.18,-25.2,2.9));
#17299=CARTESIAN_POINT('',(15.82,-25.2,2.9));
#17300=CARTESIAN_POINT('',(15.7,-25.2,3.));
#17301=CARTESIAN_POINT('',(15.7,-25.2,3.));
#17302=CARTESIAN_POINT('',(14.5,-25.2,3.));
#17303=CARTESIAN_POINT('',(15.7,-25.32,2.9));
#17304=CARTESIAN_POINT('',(15.7,-22.68,2.9));
#17305=CARTESIAN_POINT('',(15.7,-25.32,5.1));
#17306=CARTESIAN_POINT('',(15.7,-22.68,5.1));
#17307=CARTESIAN_POINT('',(15.7,-24.,3.));
#17308=CARTESIAN_POINT('',(13.18,-25.32,3.));
#17309=CARTESIAN_POINT('',(13.18,-22.68,3.));
#17310=CARTESIAN_POINT('',(15.82,-25.32,3.));
#17311=CARTESIAN_POINT('',(15.82,-22.68,3.));
#17312=CARTESIAN_POINT('',(7.18,-22.8,5.1));
#17313=CARTESIAN_POINT('',(9.82,-22.8,5.1));
#17314=CARTESIAN_POINT('',(7.18,-22.8,2.9));
#17315=CARTESIAN_POINT('',(9.82,-22.8,2.9));
#17316=CARTESIAN_POINT('',(7.3,-22.8,3.));
#17317=CARTESIAN_POINT('',(7.3,-22.8,3.));
#17318=CARTESIAN_POINT('',(8.5,-22.8,3.));
#17319=CARTESIAN_POINT('',(9.7,-22.8,3.));
#17320=CARTESIAN_POINT('',(9.7,-22.8,3.));
#17321=CARTESIAN_POINT('',(7.3,-25.32,2.9));
#17322=CARTESIAN_POINT('',(7.3,-22.68,2.9));
#17323=CARTESIAN_POINT('',(7.3,-25.32,5.1));
#17324=CARTESIAN_POINT('',(7.3,-22.68,5.1));
#17325=CARTESIAN_POINT('',(7.3,-25.2,3.));
#17326=CARTESIAN_POINT('',(7.3,-25.2,3.));
#17327=CARTESIAN_POINT('',(7.3,-24.,3.));
#17328=CARTESIAN_POINT('',(7.18,-25.2,5.1));
#17329=CARTESIAN_POINT('',(9.82,-25.2,5.1));
#17330=CARTESIAN_POINT('',(7.18,-25.2,2.9));
#17331=CARTESIAN_POINT('',(9.82,-25.2,2.9));
#17332=CARTESIAN_POINT('',(9.7,-25.2,3.));
#17333=CARTESIAN_POINT('',(9.7,-25.2,3.));
#17334=CARTESIAN_POINT('',(8.5,-25.2,3.));
#17335=CARTESIAN_POINT('',(9.7,-25.32,2.9));
#17336=CARTESIAN_POINT('',(9.7,-22.68,2.9));
#17337=CARTESIAN_POINT('',(9.7,-25.32,5.1));
#17338=CARTESIAN_POINT('',(9.7,-22.68,5.1));
#17339=CARTESIAN_POINT('',(9.7,-24.,3.));
#17340=CARTESIAN_POINT('',(7.18,-25.32,3.));
#17341=CARTESIAN_POINT('',(7.18,-22.68,3.));
#17342=CARTESIAN_POINT('',(9.82,-25.32,3.));
#17343=CARTESIAN_POINT('',(9.82,-22.68,3.));
#17344=CARTESIAN_POINT('',(43.18,-22.8,5.1));
#17345=CARTESIAN_POINT('',(45.82,-22.8,5.1));
#17346=CARTESIAN_POINT('',(43.18,-22.8,2.9));
#17347=CARTESIAN_POINT('',(45.82,-22.8,2.9));
#17348=CARTESIAN_POINT('',(43.3,-22.8,3.));
#17349=CARTESIAN_POINT('',(43.3,-22.8,3.));
#17350=CARTESIAN_POINT('',(44.5,-22.8,3.));
#17351=CARTESIAN_POINT('',(45.7,-22.8,3.));
#17352=CARTESIAN_POINT('',(45.7,-22.8,3.));
#17353=CARTESIAN_POINT('',(43.3,-25.32,2.9));
#17354=CARTESIAN_POINT('',(43.3,-22.68,2.9));
#17355=CARTESIAN_POINT('',(43.3,-25.32,5.1));
#17356=CARTESIAN_POINT('',(43.3,-22.68,5.1));
#17357=CARTESIAN_POINT('',(43.3,-25.2,3.));
#17358=CARTESIAN_POINT('',(43.3,-25.2,3.));
#17359=CARTESIAN_POINT('',(43.3,-24.,3.));
#17360=CARTESIAN_POINT('',(43.18,-25.2,5.1));
#17361=CARTESIAN_POINT('',(45.82,-25.2,5.1));
#17362=CARTESIAN_POINT('',(43.18,-25.2,2.9));
#17363=CARTESIAN_POINT('',(45.82,-25.2,2.9));
#17364=CARTESIAN_POINT('',(45.7,-25.2,3.));
#17365=CARTESIAN_POINT('',(45.7,-25.2,3.));
#17366=CARTESIAN_POINT('',(44.5,-25.2,3.));
#17367=CARTESIAN_POINT('',(45.7,-25.32,2.9));
#17368=CARTESIAN_POINT('',(45.7,-22.68,2.9));
#17369=CARTESIAN_POINT('',(45.7,-25.32,5.1));
#17370=CARTESIAN_POINT('',(45.7,-22.68,5.1));
#17371=CARTESIAN_POINT('',(45.7,-24.,3.));
#17372=CARTESIAN_POINT('',(43.18,-25.32,3.));
#17373=CARTESIAN_POINT('',(43.18,-22.68,3.));
#17374=CARTESIAN_POINT('',(45.82,-25.32,3.));
#17375=CARTESIAN_POINT('',(45.82,-22.68,3.));
#17376=CARTESIAN_POINT('',(46.18,-22.8,5.1));
#17377=CARTESIAN_POINT('',(48.82,-22.8,5.1));
#17378=CARTESIAN_POINT('',(46.18,-22.8,2.9));
#17379=CARTESIAN_POINT('',(48.82,-22.8,2.9));
#17380=CARTESIAN_POINT('',(46.3,-22.8,3.));
#17381=CARTESIAN_POINT('',(46.3,-22.8,3.));
#17382=CARTESIAN_POINT('',(47.5,-22.8,3.));
#17383=CARTESIAN_POINT('',(48.7,-22.8,3.));
#17384=CARTESIAN_POINT('',(48.7,-22.8,3.));
#17385=CARTESIAN_POINT('',(46.3,-25.32,2.9));
#17386=CARTESIAN_POINT('',(46.3,-22.68,2.9));
#17387=CARTESIAN_POINT('',(46.3,-25.32,5.1));
#17388=CARTESIAN_POINT('',(46.3,-22.68,5.1));
#17389=CARTESIAN_POINT('',(46.3,-25.2,3.));
#17390=CARTESIAN_POINT('',(46.3,-25.2,3.));
#17391=CARTESIAN_POINT('',(46.3,-24.,3.));
#17392=CARTESIAN_POINT('',(46.18,-25.2,5.1));
#17393=CARTESIAN_POINT('',(48.82,-25.2,5.1));
#17394=CARTESIAN_POINT('',(46.18,-25.2,2.9));
#17395=CARTESIAN_POINT('',(48.82,-25.2,2.9));
#17396=CARTESIAN_POINT('',(48.7,-25.2,3.));
#17397=CARTESIAN_POINT('',(48.7,-25.2,3.));
#17398=CARTESIAN_POINT('',(47.5,-25.2,3.));
#17399=CARTESIAN_POINT('',(48.7,-25.32,2.9));
#17400=CARTESIAN_POINT('',(48.7,-22.68,2.9));
#17401=CARTESIAN_POINT('',(48.7,-25.32,5.1));
#17402=CARTESIAN_POINT('',(48.7,-22.68,5.1));
#17403=CARTESIAN_POINT('',(48.7,-24.,3.));
#17404=CARTESIAN_POINT('',(46.18,-25.32,3.));
#17405=CARTESIAN_POINT('',(46.18,-22.68,3.));
#17406=CARTESIAN_POINT('',(48.82,-25.32,3.));
#17407=CARTESIAN_POINT('',(48.82,-22.68,3.));
#17408=CARTESIAN_POINT('',(49.18,-22.8,5.1));
#17409=CARTESIAN_POINT('',(51.82,-22.8,5.1));
#17410=CARTESIAN_POINT('',(49.18,-22.8,2.9));
#17411=CARTESIAN_POINT('',(51.82,-22.8,2.9));
#17412=CARTESIAN_POINT('',(49.3,-22.8,3.));
#17413=CARTESIAN_POINT('',(49.3,-22.8,3.));
#17414=CARTESIAN_POINT('',(50.5,-22.8,3.));
#17415=CARTESIAN_POINT('',(51.7,-22.8,3.));
#17416=CARTESIAN_POINT('',(51.7,-22.8,3.));
#17417=CARTESIAN_POINT('',(49.3,-25.32,2.9));
#17418=CARTESIAN_POINT('',(49.3,-22.68,2.9));
#17419=CARTESIAN_POINT('',(49.3,-25.32,5.1));
#17420=CARTESIAN_POINT('',(49.3,-22.68,5.1));
#17421=CARTESIAN_POINT('',(49.3,-25.2,3.));
#17422=CARTESIAN_POINT('',(49.3,-25.2,3.));
#17423=CARTESIAN_POINT('',(49.3,-24.,3.));
#17424=CARTESIAN_POINT('',(49.18,-25.2,5.1));
#17425=CARTESIAN_POINT('',(51.82,-25.2,5.1));
#17426=CARTESIAN_POINT('',(49.18,-25.2,2.9));
#17427=CARTESIAN_POINT('',(51.82,-25.2,2.9));
#17428=CARTESIAN_POINT('',(51.7,-25.2,3.));
#17429=CARTESIAN_POINT('',(51.7,-25.2,3.));
#17430=CARTESIAN_POINT('',(50.5,-25.2,3.));
#17431=CARTESIAN_POINT('',(51.7,-25.32,2.9));
#17432=CARTESIAN_POINT('',(51.7,-22.68,2.9));
#17433=CARTESIAN_POINT('',(51.7,-25.32,5.1));
#17434=CARTESIAN_POINT('',(51.7,-22.68,5.1));
#17435=CARTESIAN_POINT('',(51.7,-24.,3.));
#17436=CARTESIAN_POINT('',(49.18,-25.32,3.));
#17437=CARTESIAN_POINT('',(49.18,-22.68,3.));
#17438=CARTESIAN_POINT('',(51.82,-25.32,3.));
#17439=CARTESIAN_POINT('',(51.82,-22.68,3.));
#17440=CARTESIAN_POINT('',(4.18,-19.8,5.1));
#17441=CARTESIAN_POINT('',(6.82,-19.8,5.1));
#17442=CARTESIAN_POINT('',(4.18,-19.8,2.9));
#17443=CARTESIAN_POINT('',(6.82,-19.8,2.9));
#17444=CARTESIAN_POINT('',(4.3,-19.8,3.));
#17445=CARTESIAN_POINT('',(4.3,-19.8,3.));
#17446=CARTESIAN_POINT('',(5.5,-19.8,3.));
#17447=CARTESIAN_POINT('',(6.7,-19.8,3.));
#17448=CARTESIAN_POINT('',(6.7,-19.8,3.));
#17449=CARTESIAN_POINT('',(4.3,-22.32,2.9));
#17450=CARTESIAN_POINT('',(4.3,-19.68,2.9));
#17451=CARTESIAN_POINT('',(4.3,-22.32,5.1));
#17452=CARTESIAN_POINT('',(4.3,-19.68,5.1));
#17453=CARTESIAN_POINT('',(4.3,-22.2,3.));
#17454=CARTESIAN_POINT('',(4.3,-22.2,3.));
#17455=CARTESIAN_POINT('',(4.3,-21.,3.));
#17456=CARTESIAN_POINT('',(4.18,-22.2,5.1));
#17457=CARTESIAN_POINT('',(6.82,-22.2,5.1));
#17458=CARTESIAN_POINT('',(4.18,-22.2,2.9));
#17459=CARTESIAN_POINT('',(6.82,-22.2,2.9));
#17460=CARTESIAN_POINT('',(6.7,-22.2,3.));
#17461=CARTESIAN_POINT('',(6.7,-22.2,3.));
#17462=CARTESIAN_POINT('',(5.5,-22.2,3.));
#17463=CARTESIAN_POINT('',(6.7,-22.32,2.9));
#17464=CARTESIAN_POINT('',(6.7,-19.68,2.9));
#17465=CARTESIAN_POINT('',(6.7,-22.32,5.1));
#17466=CARTESIAN_POINT('',(6.7,-19.68,5.1));
#17467=CARTESIAN_POINT('',(6.7,-21.,3.));
#17468=CARTESIAN_POINT('',(4.18,-22.32,3.));
#17469=CARTESIAN_POINT('',(4.18,-19.68,3.));
#17470=CARTESIAN_POINT('',(6.82,-22.32,3.));
#17471=CARTESIAN_POINT('',(6.82,-19.68,3.));
#17472=CARTESIAN_POINT('',(40.18,-22.8,5.1));
#17473=CARTESIAN_POINT('',(42.82,-22.8,5.1));
#17474=CARTESIAN_POINT('',(40.18,-22.8,2.9));
#17475=CARTESIAN_POINT('',(42.82,-22.8,2.9));
#17476=CARTESIAN_POINT('',(40.3,-22.8,3.));
#17477=CARTESIAN_POINT('',(40.3,-22.8,3.));
#17478=CARTESIAN_POINT('',(41.5,-22.8,3.));
#17479=CARTESIAN_POINT('',(42.7,-22.8,3.));
#17480=CARTESIAN_POINT('',(42.7,-22.8,3.));
#17481=CARTESIAN_POINT('',(40.3,-25.32,2.9));
#17482=CARTESIAN_POINT('',(40.3,-22.68,2.9));
#17483=CARTESIAN_POINT('',(40.3,-25.32,5.1));
#17484=CARTESIAN_POINT('',(40.3,-22.68,5.1));
#17485=CARTESIAN_POINT('',(40.3,-25.2,3.));
#17486=CARTESIAN_POINT('',(40.3,-25.2,3.));
#17487=CARTESIAN_POINT('',(40.3,-24.,3.));
#17488=CARTESIAN_POINT('',(40.18,-25.2,5.1));
#17489=CARTESIAN_POINT('',(42.82,-25.2,5.1));
#17490=CARTESIAN_POINT('',(40.18,-25.2,2.9));
#17491=CARTESIAN_POINT('',(42.82,-25.2,2.9));
#17492=CARTESIAN_POINT('',(42.7,-25.2,3.));
#17493=CARTESIAN_POINT('',(42.7,-25.2,3.));
#17494=CARTESIAN_POINT('',(41.5,-25.2,3.));
#17495=CARTESIAN_POINT('',(42.7,-25.32,2.9));
#17496=CARTESIAN_POINT('',(42.7,-22.68,2.9));
#17497=CARTESIAN_POINT('',(42.7,-25.32,5.1));
#17498=CARTESIAN_POINT('',(42.7,-22.68,5.1));
#17499=CARTESIAN_POINT('',(42.7,-24.,3.));
#17500=CARTESIAN_POINT('',(40.18,-25.32,3.));
#17501=CARTESIAN_POINT('',(40.18,-22.68,3.));
#17502=CARTESIAN_POINT('',(42.82,-25.32,3.));
#17503=CARTESIAN_POINT('',(42.82,-22.68,3.));
#17504=CARTESIAN_POINT('',(34.18,-22.8,5.1));
#17505=CARTESIAN_POINT('',(36.82,-22.8,5.1));
#17506=CARTESIAN_POINT('',(34.18,-22.8,2.9));
#17507=CARTESIAN_POINT('',(36.82,-22.8,2.9));
#17508=CARTESIAN_POINT('',(34.3,-22.8,3.));
#17509=CARTESIAN_POINT('',(34.3,-22.8,3.));
#17510=CARTESIAN_POINT('',(35.5,-22.8,3.));
#17511=CARTESIAN_POINT('',(36.7,-22.8,3.));
#17512=CARTESIAN_POINT('',(36.7,-22.8,3.));
#17513=CARTESIAN_POINT('',(34.3,-25.32,2.9));
#17514=CARTESIAN_POINT('',(34.3,-22.68,2.9));
#17515=CARTESIAN_POINT('',(34.3,-25.32,5.1));
#17516=CARTESIAN_POINT('',(34.3,-22.68,5.1));
#17517=CARTESIAN_POINT('',(34.3,-25.2,3.));
#17518=CARTESIAN_POINT('',(34.3,-25.2,3.));
#17519=CARTESIAN_POINT('',(34.3,-24.,3.));
#17520=CARTESIAN_POINT('',(34.18,-25.2,5.1));
#17521=CARTESIAN_POINT('',(36.82,-25.2,5.1));
#17522=CARTESIAN_POINT('',(34.18,-25.2,2.9));
#17523=CARTESIAN_POINT('',(36.82,-25.2,2.9));
#17524=CARTESIAN_POINT('',(36.7,-25.2,3.));
#17525=CARTESIAN_POINT('',(36.7,-25.2,3.));
#17526=CARTESIAN_POINT('',(35.5,-25.2,3.));
#17527=CARTESIAN_POINT('',(36.7,-25.32,2.9));
#17528=CARTESIAN_POINT('',(36.7,-22.68,2.9));
#17529=CARTESIAN_POINT('',(36.7,-25.32,5.1));
#17530=CARTESIAN_POINT('',(36.7,-22.68,5.1));
#17531=CARTESIAN_POINT('',(36.7,-24.,3.));
#17532=CARTESIAN_POINT('',(34.18,-25.32,3.));
#17533=CARTESIAN_POINT('',(34.18,-22.68,3.));
#17534=CARTESIAN_POINT('',(36.82,-25.32,3.));
#17535=CARTESIAN_POINT('',(36.82,-22.68,3.));
#17536=CARTESIAN_POINT('',(28.18,-22.8,5.1));
#17537=CARTESIAN_POINT('',(30.82,-22.8,5.1));
#17538=CARTESIAN_POINT('',(28.18,-22.8,2.9));
#17539=CARTESIAN_POINT('',(30.82,-22.8,2.9));
#17540=CARTESIAN_POINT('',(28.3,-22.8,3.));
#17541=CARTESIAN_POINT('',(28.3,-22.8,3.));
#17542=CARTESIAN_POINT('',(29.5,-22.8,3.));
#17543=CARTESIAN_POINT('',(30.7,-22.8,3.));
#17544=CARTESIAN_POINT('',(30.7,-22.8,3.));
#17545=CARTESIAN_POINT('',(28.3,-25.32,2.9));
#17546=CARTESIAN_POINT('',(28.3,-22.68,2.9));
#17547=CARTESIAN_POINT('',(28.3,-25.32,5.1));
#17548=CARTESIAN_POINT('',(28.3,-22.68,5.1));
#17549=CARTESIAN_POINT('',(28.3,-25.2,3.));
#17550=CARTESIAN_POINT('',(28.3,-25.2,3.));
#17551=CARTESIAN_POINT('',(28.3,-24.,3.));
#17552=CARTESIAN_POINT('',(28.18,-25.2,5.1));
#17553=CARTESIAN_POINT('',(30.82,-25.2,5.1));
#17554=CARTESIAN_POINT('',(28.18,-25.2,2.9));
#17555=CARTESIAN_POINT('',(30.82,-25.2,2.9));
#17556=CARTESIAN_POINT('',(30.7,-25.2,3.));
#17557=CARTESIAN_POINT('',(30.7,-25.2,3.));
#17558=CARTESIAN_POINT('',(29.5,-25.2,3.));
#17559=CARTESIAN_POINT('',(30.7,-25.32,2.9));
#17560=CARTESIAN_POINT('',(30.7,-22.68,2.9));
#17561=CARTESIAN_POINT('',(30.7,-25.32,5.1));
#17562=CARTESIAN_POINT('',(30.7,-22.68,5.1));
#17563=CARTESIAN_POINT('',(30.7,-24.,3.));
#17564=CARTESIAN_POINT('',(28.18,-25.32,3.));
#17565=CARTESIAN_POINT('',(28.18,-22.68,3.));
#17566=CARTESIAN_POINT('',(30.82,-25.32,3.));
#17567=CARTESIAN_POINT('',(30.82,-22.68,3.));
#17568=CARTESIAN_POINT('',(22.18,-22.8,5.1));
#17569=CARTESIAN_POINT('',(24.82,-22.8,5.1));
#17570=CARTESIAN_POINT('',(22.18,-22.8,2.9));
#17571=CARTESIAN_POINT('',(24.82,-22.8,2.9));
#17572=CARTESIAN_POINT('',(22.3,-22.8,3.));
#17573=CARTESIAN_POINT('',(22.3,-22.8,3.));
#17574=CARTESIAN_POINT('',(23.5,-22.8,3.));
#17575=CARTESIAN_POINT('',(24.7,-22.8,3.));
#17576=CARTESIAN_POINT('',(24.7,-22.8,3.));
#17577=CARTESIAN_POINT('',(22.3,-25.32,2.9));
#17578=CARTESIAN_POINT('',(22.3,-22.68,2.9));
#17579=CARTESIAN_POINT('',(22.3,-25.32,5.1));
#17580=CARTESIAN_POINT('',(22.3,-22.68,5.1));
#17581=CARTESIAN_POINT('',(22.3,-25.2,3.));
#17582=CARTESIAN_POINT('',(22.3,-25.2,3.));
#17583=CARTESIAN_POINT('',(22.3,-24.,3.));
#17584=CARTESIAN_POINT('',(22.18,-25.2,5.1));
#17585=CARTESIAN_POINT('',(24.82,-25.2,5.1));
#17586=CARTESIAN_POINT('',(22.18,-25.2,2.9));
#17587=CARTESIAN_POINT('',(24.82,-25.2,2.9));
#17588=CARTESIAN_POINT('',(24.7,-25.2,3.));
#17589=CARTESIAN_POINT('',(24.7,-25.2,3.));
#17590=CARTESIAN_POINT('',(23.5,-25.2,3.));
#17591=CARTESIAN_POINT('',(24.7,-25.32,2.9));
#17592=CARTESIAN_POINT('',(24.7,-22.68,2.9));
#17593=CARTESIAN_POINT('',(24.7,-25.32,5.1));
#17594=CARTESIAN_POINT('',(24.7,-22.68,5.1));
#17595=CARTESIAN_POINT('',(24.7,-24.,3.));
#17596=CARTESIAN_POINT('',(22.18,-25.32,3.));
#17597=CARTESIAN_POINT('',(22.18,-22.68,3.));
#17598=CARTESIAN_POINT('',(24.82,-25.32,3.));
#17599=CARTESIAN_POINT('',(24.82,-22.68,3.));
#17600=CARTESIAN_POINT('',(7.18,-13.8,5.1));
#17601=CARTESIAN_POINT('',(9.82,-13.8,5.1));
#17602=CARTESIAN_POINT('',(7.18,-13.8,2.9));
#17603=CARTESIAN_POINT('',(9.82,-13.8,2.9));
#17604=CARTESIAN_POINT('',(7.3,-13.8,3.));
#17605=CARTESIAN_POINT('',(7.3,-13.8,3.));
#17606=CARTESIAN_POINT('',(8.5,-13.8,3.));
#17607=CARTESIAN_POINT('',(9.7,-13.8,3.));
#17608=CARTESIAN_POINT('',(9.7,-13.8,3.));
#17609=CARTESIAN_POINT('',(7.3,-16.32,2.9));
#17610=CARTESIAN_POINT('',(7.3,-13.68,2.9));
#17611=CARTESIAN_POINT('',(7.3,-16.32,5.1));
#17612=CARTESIAN_POINT('',(7.3,-13.68,5.1));
#17613=CARTESIAN_POINT('',(7.3,-16.2,3.));
#17614=CARTESIAN_POINT('',(7.3,-16.2,3.));
#17615=CARTESIAN_POINT('',(7.3,-15.,3.));
#17616=CARTESIAN_POINT('',(7.18,-16.2,5.1));
#17617=CARTESIAN_POINT('',(9.82,-16.2,5.1));
#17618=CARTESIAN_POINT('',(7.18,-16.2,2.9));
#17619=CARTESIAN_POINT('',(9.82,-16.2,2.9));
#17620=CARTESIAN_POINT('',(9.7,-16.2,3.));
#17621=CARTESIAN_POINT('',(9.7,-16.2,3.));
#17622=CARTESIAN_POINT('',(8.5,-16.2,3.));
#17623=CARTESIAN_POINT('',(9.7,-16.32,2.9));
#17624=CARTESIAN_POINT('',(9.7,-13.68,2.9));
#17625=CARTESIAN_POINT('',(9.7,-16.32,5.1));
#17626=CARTESIAN_POINT('',(9.7,-13.68,5.1));
#17627=CARTESIAN_POINT('',(9.7,-15.,3.));
#17628=CARTESIAN_POINT('',(7.18,-16.32,3.));
#17629=CARTESIAN_POINT('',(7.18,-13.68,3.));
#17630=CARTESIAN_POINT('',(9.82,-16.32,3.));
#17631=CARTESIAN_POINT('',(9.82,-13.68,3.));
#17632=CARTESIAN_POINT('',(10.18,-13.8,5.1));
#17633=CARTESIAN_POINT('',(12.82,-13.8,5.1));
#17634=CARTESIAN_POINT('',(10.18,-13.8,2.9));
#17635=CARTESIAN_POINT('',(12.82,-13.8,2.9));
#17636=CARTESIAN_POINT('',(10.3,-13.8,3.));
#17637=CARTESIAN_POINT('',(10.3,-13.8,3.));
#17638=CARTESIAN_POINT('',(11.5,-13.8,3.));
#17639=CARTESIAN_POINT('',(12.7,-13.8,3.));
#17640=CARTESIAN_POINT('',(12.7,-13.8,3.));
#17641=CARTESIAN_POINT('',(10.3,-16.32,2.9));
#17642=CARTESIAN_POINT('',(10.3,-13.68,2.9));
#17643=CARTESIAN_POINT('',(10.3,-16.32,5.1));
#17644=CARTESIAN_POINT('',(10.3,-13.68,5.1));
#17645=CARTESIAN_POINT('',(10.3,-16.2,3.));
#17646=CARTESIAN_POINT('',(10.3,-16.2,3.));
#17647=CARTESIAN_POINT('',(10.3,-15.,3.));
#17648=CARTESIAN_POINT('',(10.18,-16.2,5.1));
#17649=CARTESIAN_POINT('',(12.82,-16.2,5.1));
#17650=CARTESIAN_POINT('',(10.18,-16.2,2.9));
#17651=CARTESIAN_POINT('',(12.82,-16.2,2.9));
#17652=CARTESIAN_POINT('',(12.7,-16.2,3.));
#17653=CARTESIAN_POINT('',(12.7,-16.2,3.));
#17654=CARTESIAN_POINT('',(11.5,-16.2,3.));
#17655=CARTESIAN_POINT('',(12.7,-16.32,2.9));
#17656=CARTESIAN_POINT('',(12.7,-13.68,2.9));
#17657=CARTESIAN_POINT('',(12.7,-16.32,5.1));
#17658=CARTESIAN_POINT('',(12.7,-13.68,5.1));
#17659=CARTESIAN_POINT('',(12.7,-15.,3.));
#17660=CARTESIAN_POINT('',(10.18,-16.32,3.));
#17661=CARTESIAN_POINT('',(10.18,-13.68,3.));
#17662=CARTESIAN_POINT('',(12.82,-16.32,3.));
#17663=CARTESIAN_POINT('',(12.82,-13.68,3.));
#17664=CARTESIAN_POINT('',(13.18,-13.8,5.1));
#17665=CARTESIAN_POINT('',(15.82,-13.8,5.1));
#17666=CARTESIAN_POINT('',(13.18,-13.8,2.9));
#17667=CARTESIAN_POINT('',(15.82,-13.8,2.9));
#17668=CARTESIAN_POINT('',(13.3,-13.8,3.));
#17669=CARTESIAN_POINT('',(13.3,-13.8,3.));
#17670=CARTESIAN_POINT('',(14.5,-13.8,3.));
#17671=CARTESIAN_POINT('',(15.7,-13.8,3.));
#17672=CARTESIAN_POINT('',(15.7,-13.8,3.));
#17673=CARTESIAN_POINT('',(13.3,-16.32,2.9));
#17674=CARTESIAN_POINT('',(13.3,-13.68,2.9));
#17675=CARTESIAN_POINT('',(13.3,-16.32,5.1));
#17676=CARTESIAN_POINT('',(13.3,-13.68,5.1));
#17677=CARTESIAN_POINT('',(13.3,-16.2,3.));
#17678=CARTESIAN_POINT('',(13.3,-16.2,3.));
#17679=CARTESIAN_POINT('',(13.3,-15.,3.));
#17680=CARTESIAN_POINT('',(13.18,-16.2,5.1));
#17681=CARTESIAN_POINT('',(15.82,-16.2,5.1));
#17682=CARTESIAN_POINT('',(13.18,-16.2,2.9));
#17683=CARTESIAN_POINT('',(15.82,-16.2,2.9));
#17684=CARTESIAN_POINT('',(15.7,-16.2,3.));
#17685=CARTESIAN_POINT('',(15.7,-16.2,3.));
#17686=CARTESIAN_POINT('',(14.5,-16.2,3.));
#17687=CARTESIAN_POINT('',(15.7,-16.32,2.9));
#17688=CARTESIAN_POINT('',(15.7,-13.68,2.9));
#17689=CARTESIAN_POINT('',(15.7,-16.32,5.1));
#17690=CARTESIAN_POINT('',(15.7,-13.68,5.1));
#17691=CARTESIAN_POINT('',(15.7,-15.,3.));
#17692=CARTESIAN_POINT('',(13.18,-16.32,3.));
#17693=CARTESIAN_POINT('',(13.18,-13.68,3.));
#17694=CARTESIAN_POINT('',(15.82,-16.32,3.));
#17695=CARTESIAN_POINT('',(15.82,-13.68,3.));
#17696=CARTESIAN_POINT('',(16.18,-13.8,5.1));
#17697=CARTESIAN_POINT('',(18.82,-13.8,5.1));
#17698=CARTESIAN_POINT('',(16.18,-13.8,2.9));
#17699=CARTESIAN_POINT('',(18.82,-13.8,2.9));
#17700=CARTESIAN_POINT('',(16.3,-13.8,3.));
#17701=CARTESIAN_POINT('',(16.3,-13.8,3.));
#17702=CARTESIAN_POINT('',(17.5,-13.8,3.));
#17703=CARTESIAN_POINT('',(18.7,-13.8,3.));
#17704=CARTESIAN_POINT('',(18.7,-13.8,3.));
#17705=CARTESIAN_POINT('',(16.3,-16.32,2.9));
#17706=CARTESIAN_POINT('',(16.3,-13.68,2.9));
#17707=CARTESIAN_POINT('',(16.3,-16.32,5.1));
#17708=CARTESIAN_POINT('',(16.3,-13.68,5.1));
#17709=CARTESIAN_POINT('',(16.3,-16.2,3.));
#17710=CARTESIAN_POINT('',(16.3,-16.2,3.));
#17711=CARTESIAN_POINT('',(16.3,-15.,3.));
#17712=CARTESIAN_POINT('',(16.18,-16.2,5.1));
#17713=CARTESIAN_POINT('',(18.82,-16.2,5.1));
#17714=CARTESIAN_POINT('',(16.18,-16.2,2.9));
#17715=CARTESIAN_POINT('',(18.82,-16.2,2.9));
#17716=CARTESIAN_POINT('',(18.7,-16.2,3.));
#17717=CARTESIAN_POINT('',(18.7,-16.2,3.));
#17718=CARTESIAN_POINT('',(17.5,-16.2,3.));
#17719=CARTESIAN_POINT('',(18.7,-16.32,2.9));
#17720=CARTESIAN_POINT('',(18.7,-13.68,2.9));
#17721=CARTESIAN_POINT('',(18.7,-16.32,5.1));
#17722=CARTESIAN_POINT('',(18.7,-13.68,5.1));
#17723=CARTESIAN_POINT('',(18.7,-15.,3.));
#17724=CARTESIAN_POINT('',(16.18,-16.32,3.));
#17725=CARTESIAN_POINT('',(16.18,-13.68,3.));
#17726=CARTESIAN_POINT('',(18.82,-16.32,3.));
#17727=CARTESIAN_POINT('',(18.82,-13.68,3.));
#17728=CARTESIAN_POINT('',(22.18,-13.8,5.1));
#17729=CARTESIAN_POINT('',(24.82,-13.8,5.1));
#17730=CARTESIAN_POINT('',(22.18,-13.8,2.9));
#17731=CARTESIAN_POINT('',(24.82,-13.8,2.9));
#17732=CARTESIAN_POINT('',(22.3,-13.8,3.));
#17733=CARTESIAN_POINT('',(22.3,-13.8,3.));
#17734=CARTESIAN_POINT('',(23.5,-13.8,3.));
#17735=CARTESIAN_POINT('',(24.7,-13.8,3.));
#17736=CARTESIAN_POINT('',(24.7,-13.8,3.));
#17737=CARTESIAN_POINT('',(22.3,-16.32,2.9));
#17738=CARTESIAN_POINT('',(22.3,-13.68,2.9));
#17739=CARTESIAN_POINT('',(22.3,-16.32,5.1));
#17740=CARTESIAN_POINT('',(22.3,-13.68,5.1));
#17741=CARTESIAN_POINT('',(22.3,-16.2,3.));
#17742=CARTESIAN_POINT('',(22.3,-16.2,3.));
#17743=CARTESIAN_POINT('',(22.3,-15.,3.));
#17744=CARTESIAN_POINT('',(22.18,-16.2,5.1));
#17745=CARTESIAN_POINT('',(24.82,-16.2,5.1));
#17746=CARTESIAN_POINT('',(22.18,-16.2,2.9));
#17747=CARTESIAN_POINT('',(24.82,-16.2,2.9));
#17748=CARTESIAN_POINT('',(24.7,-16.2,3.));
#17749=CARTESIAN_POINT('',(24.7,-16.2,3.));
#17750=CARTESIAN_POINT('',(23.5,-16.2,3.));
#17751=CARTESIAN_POINT('',(24.7,-16.32,2.9));
#17752=CARTESIAN_POINT('',(24.7,-13.68,2.9));
#17753=CARTESIAN_POINT('',(24.7,-16.32,5.1));
#17754=CARTESIAN_POINT('',(24.7,-13.68,5.1));
#17755=CARTESIAN_POINT('',(24.7,-15.,3.));
#17756=CARTESIAN_POINT('',(22.18,-16.32,3.));
#17757=CARTESIAN_POINT('',(22.18,-13.68,3.));
#17758=CARTESIAN_POINT('',(24.82,-16.32,3.));
#17759=CARTESIAN_POINT('',(24.82,-13.68,3.));
#17760=CARTESIAN_POINT('',(19.18,-13.8,5.1));
#17761=CARTESIAN_POINT('',(21.82,-13.8,5.1));
#17762=CARTESIAN_POINT('',(19.18,-13.8,2.9));
#17763=CARTESIAN_POINT('',(21.82,-13.8,2.9));
#17764=CARTESIAN_POINT('',(19.3,-13.8,3.));
#17765=CARTESIAN_POINT('',(19.3,-13.8,3.));
#17766=CARTESIAN_POINT('',(20.5,-13.8,3.));
#17767=CARTESIAN_POINT('',(21.7,-13.8,3.));
#17768=CARTESIAN_POINT('',(21.7,-13.8,3.));
#17769=CARTESIAN_POINT('',(19.3,-16.32,2.9));
#17770=CARTESIAN_POINT('',(19.3,-13.68,2.9));
#17771=CARTESIAN_POINT('',(19.3,-16.32,5.1));
#17772=CARTESIAN_POINT('',(19.3,-13.68,5.1));
#17773=CARTESIAN_POINT('',(19.3,-16.2,3.));
#17774=CARTESIAN_POINT('',(19.3,-16.2,3.));
#17775=CARTESIAN_POINT('',(19.3,-15.,3.));
#17776=CARTESIAN_POINT('',(19.18,-16.2,5.1));
#17777=CARTESIAN_POINT('',(21.82,-16.2,5.1));
#17778=CARTESIAN_POINT('',(19.18,-16.2,2.9));
#17779=CARTESIAN_POINT('',(21.82,-16.2,2.9));
#17780=CARTESIAN_POINT('',(21.7,-16.2,3.));
#17781=CARTESIAN_POINT('',(21.7,-16.2,3.));
#17782=CARTESIAN_POINT('',(20.5,-16.2,3.));
#17783=CARTESIAN_POINT('',(21.7,-16.32,2.9));
#17784=CARTESIAN_POINT('',(21.7,-13.68,2.9));
#17785=CARTESIAN_POINT('',(21.7,-16.32,5.1));
#17786=CARTESIAN_POINT('',(21.7,-13.68,5.1));
#17787=CARTESIAN_POINT('',(21.7,-15.,3.));
#17788=CARTESIAN_POINT('',(19.18,-16.32,3.));
#17789=CARTESIAN_POINT('',(19.18,-13.68,3.));
#17790=CARTESIAN_POINT('',(21.82,-16.32,3.));
#17791=CARTESIAN_POINT('',(21.82,-13.68,3.));
#17792=CARTESIAN_POINT('',(28.18,-13.8,5.1));
#17793=CARTESIAN_POINT('',(30.82,-13.8,5.1));
#17794=CARTESIAN_POINT('',(28.18,-13.8,2.9));
#17795=CARTESIAN_POINT('',(30.82,-13.8,2.9));
#17796=CARTESIAN_POINT('',(28.3,-13.8,3.));
#17797=CARTESIAN_POINT('',(28.3,-13.8,3.));
#17798=CARTESIAN_POINT('',(29.5,-13.8,3.));
#17799=CARTESIAN_POINT('',(30.7,-13.8,3.));
#17800=CARTESIAN_POINT('',(30.7,-13.8,3.));
#17801=CARTESIAN_POINT('',(28.3,-16.32,2.9));
#17802=CARTESIAN_POINT('',(28.3,-13.68,2.9));
#17803=CARTESIAN_POINT('',(28.3,-16.32,5.1));
#17804=CARTESIAN_POINT('',(28.3,-13.68,5.1));
#17805=CARTESIAN_POINT('',(28.3,-16.2,3.));
#17806=CARTESIAN_POINT('',(28.3,-16.2,3.));
#17807=CARTESIAN_POINT('',(28.3,-15.,3.));
#17808=CARTESIAN_POINT('',(28.18,-16.2,5.1));
#17809=CARTESIAN_POINT('',(30.82,-16.2,5.1));
#17810=CARTESIAN_POINT('',(28.18,-16.2,2.9));
#17811=CARTESIAN_POINT('',(30.82,-16.2,2.9));
#17812=CARTESIAN_POINT('',(30.7,-16.2,3.));
#17813=CARTESIAN_POINT('',(30.7,-16.2,3.));
#17814=CARTESIAN_POINT('',(29.5,-16.2,3.));
#17815=CARTESIAN_POINT('',(30.7,-16.32,2.9));
#17816=CARTESIAN_POINT('',(30.7,-13.68,2.9));
#17817=CARTESIAN_POINT('',(30.7,-16.32,5.1));
#17818=CARTESIAN_POINT('',(30.7,-13.68,5.1));
#17819=CARTESIAN_POINT('',(30.7,-15.,3.));
#17820=CARTESIAN_POINT('',(28.18,-16.32,3.));
#17821=CARTESIAN_POINT('',(28.18,-13.68,3.));
#17822=CARTESIAN_POINT('',(30.82,-16.32,3.));
#17823=CARTESIAN_POINT('',(30.82,-13.68,3.));
#17824=CARTESIAN_POINT('',(25.18,-13.8,5.1));
#17825=CARTESIAN_POINT('',(27.82,-13.8,5.1));
#17826=CARTESIAN_POINT('',(25.18,-13.8,2.9));
#17827=CARTESIAN_POINT('',(27.82,-13.8,2.9));
#17828=CARTESIAN_POINT('',(25.3,-13.8,3.));
#17829=CARTESIAN_POINT('',(25.3,-13.8,3.));
#17830=CARTESIAN_POINT('',(26.5,-13.8,3.));
#17831=CARTESIAN_POINT('',(27.7,-13.8,3.));
#17832=CARTESIAN_POINT('',(27.7,-13.8,3.));
#17833=CARTESIAN_POINT('',(25.3,-16.32,2.9));
#17834=CARTESIAN_POINT('',(25.3,-13.68,2.9));
#17835=CARTESIAN_POINT('',(25.3,-16.32,5.1));
#17836=CARTESIAN_POINT('',(25.3,-13.68,5.1));
#17837=CARTESIAN_POINT('',(25.3,-16.2,3.));
#17838=CARTESIAN_POINT('',(25.3,-16.2,3.));
#17839=CARTESIAN_POINT('',(25.3,-15.,3.));
#17840=CARTESIAN_POINT('',(25.18,-16.2,5.1));
#17841=CARTESIAN_POINT('',(27.82,-16.2,5.1));
#17842=CARTESIAN_POINT('',(25.18,-16.2,2.9));
#17843=CARTESIAN_POINT('',(27.82,-16.2,2.9));
#17844=CARTESIAN_POINT('',(27.7,-16.2,3.));
#17845=CARTESIAN_POINT('',(27.7,-16.2,3.));
#17846=CARTESIAN_POINT('',(26.5,-16.2,3.));
#17847=CARTESIAN_POINT('',(27.7,-16.32,2.9));
#17848=CARTESIAN_POINT('',(27.7,-13.68,2.9));
#17849=CARTESIAN_POINT('',(27.7,-16.32,5.1));
#17850=CARTESIAN_POINT('',(27.7,-13.68,5.1));
#17851=CARTESIAN_POINT('',(27.7,-15.,3.));
#17852=CARTESIAN_POINT('',(25.18,-16.32,3.));
#17853=CARTESIAN_POINT('',(25.18,-13.68,3.));
#17854=CARTESIAN_POINT('',(27.82,-16.32,3.));
#17855=CARTESIAN_POINT('',(27.82,-13.68,3.));
#17856=CARTESIAN_POINT('',(4.18,-10.8,5.1));
#17857=CARTESIAN_POINT('',(6.82,-10.8,5.1));
#17858=CARTESIAN_POINT('',(4.18,-10.8,2.9));
#17859=CARTESIAN_POINT('',(6.82,-10.8,2.9));
#17860=CARTESIAN_POINT('',(4.3,-10.8,3.));
#17861=CARTESIAN_POINT('',(4.3,-10.8,3.));
#17862=CARTESIAN_POINT('',(5.5,-10.8,3.));
#17863=CARTESIAN_POINT('',(6.7,-10.8,3.));
#17864=CARTESIAN_POINT('',(6.7,-10.8,3.));
#17865=CARTESIAN_POINT('',(4.3,-13.32,2.9));
#17866=CARTESIAN_POINT('',(4.3,-10.68,2.9));
#17867=CARTESIAN_POINT('',(4.3,-13.32,5.1));
#17868=CARTESIAN_POINT('',(4.3,-10.68,5.1));
#17869=CARTESIAN_POINT('',(4.3,-13.2,3.));
#17870=CARTESIAN_POINT('',(4.3,-13.2,3.));
#17871=CARTESIAN_POINT('',(4.3,-12.,3.));
#17872=CARTESIAN_POINT('',(4.18,-13.2,5.1));
#17873=CARTESIAN_POINT('',(6.82,-13.2,5.1));
#17874=CARTESIAN_POINT('',(4.18,-13.2,2.9));
#17875=CARTESIAN_POINT('',(6.82,-13.2,2.9));
#17876=CARTESIAN_POINT('',(6.7,-13.2,3.));
#17877=CARTESIAN_POINT('',(6.7,-13.2,3.));
#17878=CARTESIAN_POINT('',(5.5,-13.2,3.));
#17879=CARTESIAN_POINT('',(6.7,-13.32,2.9));
#17880=CARTESIAN_POINT('',(6.7,-10.68,2.9));
#17881=CARTESIAN_POINT('',(6.7,-13.32,5.1));
#17882=CARTESIAN_POINT('',(6.7,-10.68,5.1));
#17883=CARTESIAN_POINT('',(6.7,-12.,3.));
#17884=CARTESIAN_POINT('',(4.18,-13.32,3.));
#17885=CARTESIAN_POINT('',(4.18,-10.68,3.));
#17886=CARTESIAN_POINT('',(6.82,-13.32,3.));
#17887=CARTESIAN_POINT('',(6.82,-10.68,3.));
#17888=CARTESIAN_POINT('',(43.18,-13.8,5.1));
#17889=CARTESIAN_POINT('',(45.82,-13.8,5.1));
#17890=CARTESIAN_POINT('',(43.18,-13.8,2.9));
#17891=CARTESIAN_POINT('',(45.82,-13.8,2.9));
#17892=CARTESIAN_POINT('',(43.3,-13.8,3.));
#17893=CARTESIAN_POINT('',(43.3,-13.8,3.));
#17894=CARTESIAN_POINT('',(44.5,-13.8,3.));
#17895=CARTESIAN_POINT('',(45.7,-13.8,3.));
#17896=CARTESIAN_POINT('',(45.7,-13.8,3.));
#17897=CARTESIAN_POINT('',(43.3,-16.32,2.9));
#17898=CARTESIAN_POINT('',(43.3,-13.68,2.9));
#17899=CARTESIAN_POINT('',(43.3,-16.32,5.1));
#17900=CARTESIAN_POINT('',(43.3,-13.68,5.1));
#17901=CARTESIAN_POINT('',(43.3,-16.2,3.));
#17902=CARTESIAN_POINT('',(43.3,-16.2,3.));
#17903=CARTESIAN_POINT('',(43.3,-15.,3.));
#17904=CARTESIAN_POINT('',(43.18,-16.2,5.1));
#17905=CARTESIAN_POINT('',(45.82,-16.2,5.1));
#17906=CARTESIAN_POINT('',(43.18,-16.2,2.9));
#17907=CARTESIAN_POINT('',(45.82,-16.2,2.9));
#17908=CARTESIAN_POINT('',(45.7,-16.2,3.));
#17909=CARTESIAN_POINT('',(45.7,-16.2,3.));
#17910=CARTESIAN_POINT('',(44.5,-16.2,3.));
#17911=CARTESIAN_POINT('',(45.7,-16.32,2.9));
#17912=CARTESIAN_POINT('',(45.7,-13.68,2.9));
#17913=CARTESIAN_POINT('',(45.7,-16.32,5.1));
#17914=CARTESIAN_POINT('',(45.7,-13.68,5.1));
#17915=CARTESIAN_POINT('',(45.7,-15.,3.));
#17916=CARTESIAN_POINT('',(43.18,-16.32,3.));
#17917=CARTESIAN_POINT('',(43.18,-13.68,3.));
#17918=CARTESIAN_POINT('',(45.82,-16.32,3.));
#17919=CARTESIAN_POINT('',(45.82,-13.68,3.));
#17920=CARTESIAN_POINT('',(49.18,-13.8,5.1));
#17921=CARTESIAN_POINT('',(51.82,-13.8,5.1));
#17922=CARTESIAN_POINT('',(49.18,-13.8,2.9));
#17923=CARTESIAN_POINT('',(51.82,-13.8,2.9));
#17924=CARTESIAN_POINT('',(49.3,-13.8,3.));
#17925=CARTESIAN_POINT('',(49.3,-13.8,3.));
#17926=CARTESIAN_POINT('',(50.5,-13.8,3.));
#17927=CARTESIAN_POINT('',(51.7,-13.8,3.));
#17928=CARTESIAN_POINT('',(51.7,-13.8,3.));
#17929=CARTESIAN_POINT('',(49.3,-16.32,2.9));
#17930=CARTESIAN_POINT('',(49.3,-13.68,2.9));
#17931=CARTESIAN_POINT('',(49.3,-16.32,5.1));
#17932=CARTESIAN_POINT('',(49.3,-13.68,5.1));
#17933=CARTESIAN_POINT('',(49.3,-16.2,3.));
#17934=CARTESIAN_POINT('',(49.3,-16.2,3.));
#17935=CARTESIAN_POINT('',(49.3,-15.,3.));
#17936=CARTESIAN_POINT('',(49.18,-16.2,5.1));
#17937=CARTESIAN_POINT('',(51.82,-16.2,5.1));
#17938=CARTESIAN_POINT('',(49.18,-16.2,2.9));
#17939=CARTESIAN_POINT('',(51.82,-16.2,2.9));
#17940=CARTESIAN_POINT('',(51.7,-16.2,3.));
#17941=CARTESIAN_POINT('',(51.7,-16.2,3.));
#17942=CARTESIAN_POINT('',(50.5,-16.2,3.));
#17943=CARTESIAN_POINT('',(51.7,-16.32,2.9));
#17944=CARTESIAN_POINT('',(51.7,-13.68,2.9));
#17945=CARTESIAN_POINT('',(51.7,-16.32,5.1));
#17946=CARTESIAN_POINT('',(51.7,-13.68,5.1));
#17947=CARTESIAN_POINT('',(51.7,-15.,3.));
#17948=CARTESIAN_POINT('',(49.18,-16.32,3.));
#17949=CARTESIAN_POINT('',(49.18,-13.68,3.));
#17950=CARTESIAN_POINT('',(51.82,-16.32,3.));
#17951=CARTESIAN_POINT('',(51.82,-13.68,3.));
#17952=CARTESIAN_POINT('',(46.18,-13.8,5.1));
#17953=CARTESIAN_POINT('',(48.82,-13.8,5.1));
#17954=CARTESIAN_POINT('',(46.18,-13.8,2.9));
#17955=CARTESIAN_POINT('',(48.82,-13.8,2.9));
#17956=CARTESIAN_POINT('',(46.3,-13.8,3.));
#17957=CARTESIAN_POINT('',(46.3,-13.8,3.));
#17958=CARTESIAN_POINT('',(47.5,-13.8,3.));
#17959=CARTESIAN_POINT('',(48.7,-13.8,3.));
#17960=CARTESIAN_POINT('',(48.7,-13.8,3.));
#17961=CARTESIAN_POINT('',(46.3,-16.32,2.9));
#17962=CARTESIAN_POINT('',(46.3,-13.68,2.9));
#17963=CARTESIAN_POINT('',(46.3,-16.32,5.1));
#17964=CARTESIAN_POINT('',(46.3,-13.68,5.1));
#17965=CARTESIAN_POINT('',(46.3,-16.2,3.));
#17966=CARTESIAN_POINT('',(46.3,-16.2,3.));
#17967=CARTESIAN_POINT('',(46.3,-15.,3.));
#17968=CARTESIAN_POINT('',(46.18,-16.2,5.1));
#17969=CARTESIAN_POINT('',(48.82,-16.2,5.1));
#17970=CARTESIAN_POINT('',(46.18,-16.2,2.9));
#17971=CARTESIAN_POINT('',(48.82,-16.2,2.9));
#17972=CARTESIAN_POINT('',(48.7,-16.2,3.));
#17973=CARTESIAN_POINT('',(48.7,-16.2,3.));
#17974=CARTESIAN_POINT('',(47.5,-16.2,3.));
#17975=CARTESIAN_POINT('',(48.7,-16.32,2.9));
#17976=CARTESIAN_POINT('',(48.7,-13.68,2.9));
#17977=CARTESIAN_POINT('',(48.7,-16.32,5.1));
#17978=CARTESIAN_POINT('',(48.7,-13.68,5.1));
#17979=CARTESIAN_POINT('',(48.7,-15.,3.));
#17980=CARTESIAN_POINT('',(46.18,-16.32,3.));
#17981=CARTESIAN_POINT('',(46.18,-13.68,3.));
#17982=CARTESIAN_POINT('',(48.82,-16.32,3.));
#17983=CARTESIAN_POINT('',(48.82,-13.68,3.));
#17984=CARTESIAN_POINT('',(40.18,-13.8,5.1));
#17985=CARTESIAN_POINT('',(42.82,-13.8,5.1));
#17986=CARTESIAN_POINT('',(40.18,-13.8,2.9));
#17987=CARTESIAN_POINT('',(42.82,-13.8,2.9));
#17988=CARTESIAN_POINT('',(40.3,-13.8,3.));
#17989=CARTESIAN_POINT('',(40.3,-13.8,3.));
#17990=CARTESIAN_POINT('',(41.5,-13.8,3.));
#17991=CARTESIAN_POINT('',(42.7,-13.8,3.));
#17992=CARTESIAN_POINT('',(42.7,-13.8,3.));
#17993=CARTESIAN_POINT('',(40.3,-16.32,2.9));
#17994=CARTESIAN_POINT('',(40.3,-13.68,2.9));
#17995=CARTESIAN_POINT('',(40.3,-16.32,5.1));
#17996=CARTESIAN_POINT('',(40.3,-13.68,5.1));
#17997=CARTESIAN_POINT('',(40.3,-16.2,3.));
#17998=CARTESIAN_POINT('',(40.3,-16.2,3.));
#17999=CARTESIAN_POINT('',(40.3,-15.,3.));
#18000=CARTESIAN_POINT('',(40.18,-16.2,5.1));
#18001=CARTESIAN_POINT('',(42.82,-16.2,5.1));
#18002=CARTESIAN_POINT('',(40.18,-16.2,2.9));
#18003=CARTESIAN_POINT('',(42.82,-16.2,2.9));
#18004=CARTESIAN_POINT('',(42.7,-16.2,3.));
#18005=CARTESIAN_POINT('',(42.7,-16.2,3.));
#18006=CARTESIAN_POINT('',(41.5,-16.2,3.));
#18007=CARTESIAN_POINT('',(42.7,-16.32,2.9));
#18008=CARTESIAN_POINT('',(42.7,-13.68,2.9));
#18009=CARTESIAN_POINT('',(42.7,-16.32,5.1));
#18010=CARTESIAN_POINT('',(42.7,-13.68,5.1));
#18011=CARTESIAN_POINT('',(42.7,-15.,3.));
#18012=CARTESIAN_POINT('',(40.18,-16.32,3.));
#18013=CARTESIAN_POINT('',(40.18,-13.68,3.));
#18014=CARTESIAN_POINT('',(42.82,-16.32,3.));
#18015=CARTESIAN_POINT('',(42.82,-13.68,3.));
#18016=CARTESIAN_POINT('',(37.18,-13.8,5.1));
#18017=CARTESIAN_POINT('',(39.82,-13.8,5.1));
#18018=CARTESIAN_POINT('',(37.18,-13.8,2.9));
#18019=CARTESIAN_POINT('',(39.82,-13.8,2.9));
#18020=CARTESIAN_POINT('',(37.3,-13.8,3.));
#18021=CARTESIAN_POINT('',(37.3,-13.8,3.));
#18022=CARTESIAN_POINT('',(38.5,-13.8,3.));
#18023=CARTESIAN_POINT('',(39.7,-13.8,3.));
#18024=CARTESIAN_POINT('',(39.7,-13.8,3.));
#18025=CARTESIAN_POINT('',(37.3,-16.32,2.9));
#18026=CARTESIAN_POINT('',(37.3,-13.68,2.9));
#18027=CARTESIAN_POINT('',(37.3,-16.32,5.1));
#18028=CARTESIAN_POINT('',(37.3,-13.68,5.1));
#18029=CARTESIAN_POINT('',(37.3,-16.2,3.));
#18030=CARTESIAN_POINT('',(37.3,-16.2,3.));
#18031=CARTESIAN_POINT('',(37.3,-15.,3.));
#18032=CARTESIAN_POINT('',(37.18,-16.2,5.1));
#18033=CARTESIAN_POINT('',(39.82,-16.2,5.1));
#18034=CARTESIAN_POINT('',(37.18,-16.2,2.9));
#18035=CARTESIAN_POINT('',(39.82,-16.2,2.9));
#18036=CARTESIAN_POINT('',(39.7,-16.2,3.));
#18037=CARTESIAN_POINT('',(39.7,-16.2,3.));
#18038=CARTESIAN_POINT('',(38.5,-16.2,3.));
#18039=CARTESIAN_POINT('',(39.7,-16.32,2.9));
#18040=CARTESIAN_POINT('',(39.7,-13.68,2.9));
#18041=CARTESIAN_POINT('',(39.7,-16.32,5.1));
#18042=CARTESIAN_POINT('',(39.7,-13.68,5.1));
#18043=CARTESIAN_POINT('',(39.7,-15.,3.));
#18044=CARTESIAN_POINT('',(37.18,-16.32,3.));
#18045=CARTESIAN_POINT('',(37.18,-13.68,3.));
#18046=CARTESIAN_POINT('',(39.82,-16.32,3.));
#18047=CARTESIAN_POINT('',(39.82,-13.68,3.));
#18048=CARTESIAN_POINT('',(34.18,-13.8,5.1));
#18049=CARTESIAN_POINT('',(36.82,-13.8,5.1));
#18050=CARTESIAN_POINT('',(34.18,-13.8,2.9));
#18051=CARTESIAN_POINT('',(36.82,-13.8,2.9));
#18052=CARTESIAN_POINT('',(34.3,-13.8,3.));
#18053=CARTESIAN_POINT('',(34.3,-13.8,3.));
#18054=CARTESIAN_POINT('',(35.5,-13.8,3.));
#18055=CARTESIAN_POINT('',(36.7,-13.8,3.));
#18056=CARTESIAN_POINT('',(36.7,-13.8,3.));
#18057=CARTESIAN_POINT('',(34.3,-16.32,2.9));
#18058=CARTESIAN_POINT('',(34.3,-13.68,2.9));
#18059=CARTESIAN_POINT('',(34.3,-16.32,5.1));
#18060=CARTESIAN_POINT('',(34.3,-13.68,5.1));
#18061=CARTESIAN_POINT('',(34.3,-16.2,3.));
#18062=CARTESIAN_POINT('',(34.3,-16.2,3.));
#18063=CARTESIAN_POINT('',(34.3,-15.,3.));
#18064=CARTESIAN_POINT('',(34.18,-16.2,5.1));
#18065=CARTESIAN_POINT('',(36.82,-16.2,5.1));
#18066=CARTESIAN_POINT('',(34.18,-16.2,2.9));
#18067=CARTESIAN_POINT('',(36.82,-16.2,2.9));
#18068=CARTESIAN_POINT('',(36.7,-16.2,3.));
#18069=CARTESIAN_POINT('',(36.7,-16.2,3.));
#18070=CARTESIAN_POINT('',(35.5,-16.2,3.));
#18071=CARTESIAN_POINT('',(36.7,-16.32,2.9));
#18072=CARTESIAN_POINT('',(36.7,-13.68,2.9));
#18073=CARTESIAN_POINT('',(36.7,-16.32,5.1));
#18074=CARTESIAN_POINT('',(36.7,-13.68,5.1));
#18075=CARTESIAN_POINT('',(36.7,-15.,3.));
#18076=CARTESIAN_POINT('',(34.18,-16.32,3.));
#18077=CARTESIAN_POINT('',(34.18,-13.68,3.));
#18078=CARTESIAN_POINT('',(36.82,-16.32,3.));
#18079=CARTESIAN_POINT('',(36.82,-13.68,3.));
#18080=CARTESIAN_POINT('',(31.18,-13.8,5.1));
#18081=CARTESIAN_POINT('',(33.82,-13.8,5.1));
#18082=CARTESIAN_POINT('',(31.18,-13.8,2.9));
#18083=CARTESIAN_POINT('',(33.82,-13.8,2.9));
#18084=CARTESIAN_POINT('',(31.3,-13.8,3.));
#18085=CARTESIAN_POINT('',(31.3,-13.8,3.));
#18086=CARTESIAN_POINT('',(32.5,-13.8,3.));
#18087=CARTESIAN_POINT('',(33.7,-13.8,3.));
#18088=CARTESIAN_POINT('',(33.7,-13.8,3.));
#18089=CARTESIAN_POINT('',(31.3,-16.32,2.9));
#18090=CARTESIAN_POINT('',(31.3,-13.68,2.9));
#18091=CARTESIAN_POINT('',(31.3,-16.32,5.1));
#18092=CARTESIAN_POINT('',(31.3,-13.68,5.1));
#18093=CARTESIAN_POINT('',(31.3,-16.2,3.));
#18094=CARTESIAN_POINT('',(31.3,-16.2,3.));
#18095=CARTESIAN_POINT('',(31.3,-15.,3.));
#18096=CARTESIAN_POINT('',(31.18,-16.2,5.1));
#18097=CARTESIAN_POINT('',(33.82,-16.2,5.1));
#18098=CARTESIAN_POINT('',(31.18,-16.2,2.9));
#18099=CARTESIAN_POINT('',(33.82,-16.2,2.9));
#18100=CARTESIAN_POINT('',(33.7,-16.2,3.));
#18101=CARTESIAN_POINT('',(33.7,-16.2,3.));
#18102=CARTESIAN_POINT('',(32.5,-16.2,3.));
#18103=CARTESIAN_POINT('',(33.7,-16.32,2.9));
#18104=CARTESIAN_POINT('',(33.7,-13.68,2.9));
#18105=CARTESIAN_POINT('',(33.7,-16.32,5.1));
#18106=CARTESIAN_POINT('',(33.7,-13.68,5.1));
#18107=CARTESIAN_POINT('',(33.7,-15.,3.));
#18108=CARTESIAN_POINT('',(31.18,-16.32,3.));
#18109=CARTESIAN_POINT('',(31.18,-13.68,3.));
#18110=CARTESIAN_POINT('',(33.82,-16.32,3.));
#18111=CARTESIAN_POINT('',(33.82,-13.68,3.));
#18112=CARTESIAN_POINT('',(16.18,-16.8,5.1));
#18113=CARTESIAN_POINT('',(18.82,-16.8,5.1));
#18114=CARTESIAN_POINT('',(16.18,-16.8,2.9));
#18115=CARTESIAN_POINT('',(18.82,-16.8,2.9));
#18116=CARTESIAN_POINT('',(16.3,-16.8,3.));
#18117=CARTESIAN_POINT('',(16.3,-16.8,3.));
#18118=CARTESIAN_POINT('',(17.5,-16.8,3.));
#18119=CARTESIAN_POINT('',(18.7,-16.8,3.));
#18120=CARTESIAN_POINT('',(18.7,-16.8,3.));
#18121=CARTESIAN_POINT('',(16.3,-19.32,2.9));
#18122=CARTESIAN_POINT('',(16.3,-16.68,2.9));
#18123=CARTESIAN_POINT('',(16.3,-19.32,5.1));
#18124=CARTESIAN_POINT('',(16.3,-16.68,5.1));
#18125=CARTESIAN_POINT('',(16.3,-19.2,3.));
#18126=CARTESIAN_POINT('',(16.3,-19.2,3.));
#18127=CARTESIAN_POINT('',(16.3,-18.,3.));
#18128=CARTESIAN_POINT('',(16.18,-19.2,5.1));
#18129=CARTESIAN_POINT('',(18.82,-19.2,5.1));
#18130=CARTESIAN_POINT('',(16.18,-19.2,2.9));
#18131=CARTESIAN_POINT('',(18.82,-19.2,2.9));
#18132=CARTESIAN_POINT('',(18.7,-19.2,3.));
#18133=CARTESIAN_POINT('',(18.7,-19.2,3.));
#18134=CARTESIAN_POINT('',(17.5,-19.2,3.));
#18135=CARTESIAN_POINT('',(18.7,-19.32,2.9));
#18136=CARTESIAN_POINT('',(18.7,-16.68,2.9));
#18137=CARTESIAN_POINT('',(18.7,-19.32,5.1));
#18138=CARTESIAN_POINT('',(18.7,-16.68,5.1));
#18139=CARTESIAN_POINT('',(18.7,-18.,3.));
#18140=CARTESIAN_POINT('',(16.18,-19.32,3.));
#18141=CARTESIAN_POINT('',(16.18,-16.68,3.));
#18142=CARTESIAN_POINT('',(18.82,-19.32,3.));
#18143=CARTESIAN_POINT('',(18.82,-16.68,3.));
#18144=CARTESIAN_POINT('',(10.18,-16.8,5.1));
#18145=CARTESIAN_POINT('',(12.82,-16.8,5.1));
#18146=CARTESIAN_POINT('',(10.18,-16.8,2.9));
#18147=CARTESIAN_POINT('',(12.82,-16.8,2.9));
#18148=CARTESIAN_POINT('',(10.3,-16.8,3.));
#18149=CARTESIAN_POINT('',(10.3,-16.8,3.));
#18150=CARTESIAN_POINT('',(11.5,-16.8,3.));
#18151=CARTESIAN_POINT('',(12.7,-16.8,3.));
#18152=CARTESIAN_POINT('',(12.7,-16.8,3.));
#18153=CARTESIAN_POINT('',(10.3,-19.32,2.9));
#18154=CARTESIAN_POINT('',(10.3,-16.68,2.9));
#18155=CARTESIAN_POINT('',(10.3,-19.32,5.1));
#18156=CARTESIAN_POINT('',(10.3,-16.68,5.1));
#18157=CARTESIAN_POINT('',(10.3,-19.2,3.));
#18158=CARTESIAN_POINT('',(10.3,-19.2,3.));
#18159=CARTESIAN_POINT('',(10.3,-18.,3.));
#18160=CARTESIAN_POINT('',(10.18,-19.2,5.1));
#18161=CARTESIAN_POINT('',(12.82,-19.2,5.1));
#18162=CARTESIAN_POINT('',(10.18,-19.2,2.9));
#18163=CARTESIAN_POINT('',(12.82,-19.2,2.9));
#18164=CARTESIAN_POINT('',(12.7,-19.2,3.));
#18165=CARTESIAN_POINT('',(12.7,-19.2,3.));
#18166=CARTESIAN_POINT('',(11.5,-19.2,3.));
#18167=CARTESIAN_POINT('',(12.7,-19.32,2.9));
#18168=CARTESIAN_POINT('',(12.7,-16.68,2.9));
#18169=CARTESIAN_POINT('',(12.7,-19.32,5.1));
#18170=CARTESIAN_POINT('',(12.7,-16.68,5.1));
#18171=CARTESIAN_POINT('',(12.7,-18.,3.));
#18172=CARTESIAN_POINT('',(10.18,-19.32,3.));
#18173=CARTESIAN_POINT('',(10.18,-16.68,3.));
#18174=CARTESIAN_POINT('',(12.82,-19.32,3.));
#18175=CARTESIAN_POINT('',(12.82,-16.68,3.));
#18176=CARTESIAN_POINT('',(13.18,-16.8,5.1));
#18177=CARTESIAN_POINT('',(15.82,-16.8,5.1));
#18178=CARTESIAN_POINT('',(13.18,-16.8,2.9));
#18179=CARTESIAN_POINT('',(15.82,-16.8,2.9));
#18180=CARTESIAN_POINT('',(13.3,-16.8,3.));
#18181=CARTESIAN_POINT('',(13.3,-16.8,3.));
#18182=CARTESIAN_POINT('',(14.5,-16.8,3.));
#18183=CARTESIAN_POINT('',(15.7,-16.8,3.));
#18184=CARTESIAN_POINT('',(15.7,-16.8,3.));
#18185=CARTESIAN_POINT('',(13.3,-19.32,2.9));
#18186=CARTESIAN_POINT('',(13.3,-16.68,2.9));
#18187=CARTESIAN_POINT('',(13.3,-19.32,5.1));
#18188=CARTESIAN_POINT('',(13.3,-16.68,5.1));
#18189=CARTESIAN_POINT('',(13.3,-19.2,3.));
#18190=CARTESIAN_POINT('',(13.3,-19.2,3.));
#18191=CARTESIAN_POINT('',(13.3,-18.,3.));
#18192=CARTESIAN_POINT('',(13.18,-19.2,5.1));
#18193=CARTESIAN_POINT('',(15.82,-19.2,5.1));
#18194=CARTESIAN_POINT('',(13.18,-19.2,2.9));
#18195=CARTESIAN_POINT('',(15.82,-19.2,2.9));
#18196=CARTESIAN_POINT('',(15.7,-19.2,3.));
#18197=CARTESIAN_POINT('',(15.7,-19.2,3.));
#18198=CARTESIAN_POINT('',(14.5,-19.2,3.));
#18199=CARTESIAN_POINT('',(15.7,-19.32,2.9));
#18200=CARTESIAN_POINT('',(15.7,-16.68,2.9));
#18201=CARTESIAN_POINT('',(15.7,-19.32,5.1));
#18202=CARTESIAN_POINT('',(15.7,-16.68,5.1));
#18203=CARTESIAN_POINT('',(15.7,-18.,3.));
#18204=CARTESIAN_POINT('',(13.18,-19.32,3.));
#18205=CARTESIAN_POINT('',(13.18,-16.68,3.));
#18206=CARTESIAN_POINT('',(15.82,-19.32,3.));
#18207=CARTESIAN_POINT('',(15.82,-16.68,3.));
#18208=CARTESIAN_POINT('',(7.18,-16.8,5.1));
#18209=CARTESIAN_POINT('',(9.82,-16.8,5.1));
#18210=CARTESIAN_POINT('',(7.18,-16.8,2.9));
#18211=CARTESIAN_POINT('',(9.82,-16.8,2.9));
#18212=CARTESIAN_POINT('',(7.3,-16.8,3.));
#18213=CARTESIAN_POINT('',(7.3,-16.8,3.));
#18214=CARTESIAN_POINT('',(8.5,-16.8,3.));
#18215=CARTESIAN_POINT('',(9.7,-16.8,3.));
#18216=CARTESIAN_POINT('',(9.7,-16.8,3.));
#18217=CARTESIAN_POINT('',(7.3,-19.32,2.9));
#18218=CARTESIAN_POINT('',(7.3,-16.68,2.9));
#18219=CARTESIAN_POINT('',(7.3,-19.32,5.1));
#18220=CARTESIAN_POINT('',(7.3,-16.68,5.1));
#18221=CARTESIAN_POINT('',(7.3,-19.2,3.));
#18222=CARTESIAN_POINT('',(7.3,-19.2,3.));
#18223=CARTESIAN_POINT('',(7.3,-18.,3.));
#18224=CARTESIAN_POINT('',(7.18,-19.2,5.1));
#18225=CARTESIAN_POINT('',(9.82,-19.2,5.1));
#18226=CARTESIAN_POINT('',(7.18,-19.2,2.9));
#18227=CARTESIAN_POINT('',(9.82,-19.2,2.9));
#18228=CARTESIAN_POINT('',(9.7,-19.2,3.));
#18229=CARTESIAN_POINT('',(9.7,-19.2,3.));
#18230=CARTESIAN_POINT('',(8.5,-19.2,3.));
#18231=CARTESIAN_POINT('',(9.7,-19.32,2.9));
#18232=CARTESIAN_POINT('',(9.7,-16.68,2.9));
#18233=CARTESIAN_POINT('',(9.7,-19.32,5.1));
#18234=CARTESIAN_POINT('',(9.7,-16.68,5.1));
#18235=CARTESIAN_POINT('',(9.7,-18.,3.));
#18236=CARTESIAN_POINT('',(7.18,-19.32,3.));
#18237=CARTESIAN_POINT('',(7.18,-16.68,3.));
#18238=CARTESIAN_POINT('',(9.82,-19.32,3.));
#18239=CARTESIAN_POINT('',(9.82,-16.68,3.));
#18240=CARTESIAN_POINT('',(19.18,-16.8,5.1));
#18241=CARTESIAN_POINT('',(21.82,-16.8,5.1));
#18242=CARTESIAN_POINT('',(19.18,-16.8,2.9));
#18243=CARTESIAN_POINT('',(21.82,-16.8,2.9));
#18244=CARTESIAN_POINT('',(19.3,-16.8,3.));
#18245=CARTESIAN_POINT('',(19.3,-16.8,3.));
#18246=CARTESIAN_POINT('',(20.5,-16.8,3.));
#18247=CARTESIAN_POINT('',(21.7,-16.8,3.));
#18248=CARTESIAN_POINT('',(21.7,-16.8,3.));
#18249=CARTESIAN_POINT('',(19.3,-19.32,2.9));
#18250=CARTESIAN_POINT('',(19.3,-16.68,2.9));
#18251=CARTESIAN_POINT('',(19.3,-19.32,5.1));
#18252=CARTESIAN_POINT('',(19.3,-16.68,5.1));
#18253=CARTESIAN_POINT('',(19.3,-19.2,3.));
#18254=CARTESIAN_POINT('',(19.3,-19.2,3.));
#18255=CARTESIAN_POINT('',(19.3,-18.,3.));
#18256=CARTESIAN_POINT('',(19.18,-19.2,5.1));
#18257=CARTESIAN_POINT('',(21.82,-19.2,5.1));
#18258=CARTESIAN_POINT('',(19.18,-19.2,2.9));
#18259=CARTESIAN_POINT('',(21.82,-19.2,2.9));
#18260=CARTESIAN_POINT('',(21.7,-19.2,3.));
#18261=CARTESIAN_POINT('',(21.7,-19.2,3.));
#18262=CARTESIAN_POINT('',(20.5,-19.2,3.));
#18263=CARTESIAN_POINT('',(21.7,-19.32,2.9));
#18264=CARTESIAN_POINT('',(21.7,-16.68,2.9));
#18265=CARTESIAN_POINT('',(21.7,-19.32,5.1));
#18266=CARTESIAN_POINT('',(21.7,-16.68,5.1));
#18267=CARTESIAN_POINT('',(21.7,-18.,3.));
#18268=CARTESIAN_POINT('',(19.18,-19.32,3.));
#18269=CARTESIAN_POINT('',(19.18,-16.68,3.));
#18270=CARTESIAN_POINT('',(21.82,-19.32,3.));
#18271=CARTESIAN_POINT('',(21.82,-16.68,3.));
#18272=CARTESIAN_POINT('',(22.18,-16.8,5.1));
#18273=CARTESIAN_POINT('',(24.82,-16.8,5.1));
#18274=CARTESIAN_POINT('',(22.18,-16.8,2.9));
#18275=CARTESIAN_POINT('',(24.82,-16.8,2.9));
#18276=CARTESIAN_POINT('',(22.3,-16.8,3.));
#18277=CARTESIAN_POINT('',(22.3,-16.8,3.));
#18278=CARTESIAN_POINT('',(23.5,-16.8,3.));
#18279=CARTESIAN_POINT('',(24.7,-16.8,3.));
#18280=CARTESIAN_POINT('',(24.7,-16.8,3.));
#18281=CARTESIAN_POINT('',(22.3,-19.32,2.9));
#18282=CARTESIAN_POINT('',(22.3,-16.68,2.9));
#18283=CARTESIAN_POINT('',(22.3,-19.32,5.1));
#18284=CARTESIAN_POINT('',(22.3,-16.68,5.1));
#18285=CARTESIAN_POINT('',(22.3,-19.2,3.));
#18286=CARTESIAN_POINT('',(22.3,-19.2,3.));
#18287=CARTESIAN_POINT('',(22.3,-18.,3.));
#18288=CARTESIAN_POINT('',(22.18,-19.2,5.1));
#18289=CARTESIAN_POINT('',(24.82,-19.2,5.1));
#18290=CARTESIAN_POINT('',(22.18,-19.2,2.9));
#18291=CARTESIAN_POINT('',(24.82,-19.2,2.9));
#18292=CARTESIAN_POINT('',(24.7,-19.2,3.));
#18293=CARTESIAN_POINT('',(24.7,-19.2,3.));
#18294=CARTESIAN_POINT('',(23.5,-19.2,3.));
#18295=CARTESIAN_POINT('',(24.7,-19.32,2.9));
#18296=CARTESIAN_POINT('',(24.7,-16.68,2.9));
#18297=CARTESIAN_POINT('',(24.7,-19.32,5.1));
#18298=CARTESIAN_POINT('',(24.7,-16.68,5.1));
#18299=CARTESIAN_POINT('',(24.7,-18.,3.));
#18300=CARTESIAN_POINT('',(22.18,-19.32,3.));
#18301=CARTESIAN_POINT('',(22.18,-16.68,3.));
#18302=CARTESIAN_POINT('',(24.82,-19.32,3.));
#18303=CARTESIAN_POINT('',(24.82,-16.68,3.));
#18304=CARTESIAN_POINT('',(28.18,-16.8,5.1));
#18305=CARTESIAN_POINT('',(30.82,-16.8,5.1));
#18306=CARTESIAN_POINT('',(28.18,-16.8,2.9));
#18307=CARTESIAN_POINT('',(30.82,-16.8,2.9));
#18308=CARTESIAN_POINT('',(28.3,-16.8,3.));
#18309=CARTESIAN_POINT('',(28.3,-16.8,3.));
#18310=CARTESIAN_POINT('',(29.5,-16.8,3.));
#18311=CARTESIAN_POINT('',(30.7,-16.8,3.));
#18312=CARTESIAN_POINT('',(30.7,-16.8,3.));
#18313=CARTESIAN_POINT('',(28.3,-19.32,2.9));
#18314=CARTESIAN_POINT('',(28.3,-16.68,2.9));
#18315=CARTESIAN_POINT('',(28.3,-19.32,5.1));
#18316=CARTESIAN_POINT('',(28.3,-16.68,5.1));
#18317=CARTESIAN_POINT('',(28.3,-19.2,3.));
#18318=CARTESIAN_POINT('',(28.3,-19.2,3.));
#18319=CARTESIAN_POINT('',(28.3,-18.,3.));
#18320=CARTESIAN_POINT('',(28.18,-19.2,5.1));
#18321=CARTESIAN_POINT('',(30.82,-19.2,5.1));
#18322=CARTESIAN_POINT('',(28.18,-19.2,2.9));
#18323=CARTESIAN_POINT('',(30.82,-19.2,2.9));
#18324=CARTESIAN_POINT('',(30.7,-19.2,3.));
#18325=CARTESIAN_POINT('',(30.7,-19.2,3.));
#18326=CARTESIAN_POINT('',(29.5,-19.2,3.));
#18327=CARTESIAN_POINT('',(30.7,-19.32,2.9));
#18328=CARTESIAN_POINT('',(30.7,-16.68,2.9));
#18329=CARTESIAN_POINT('',(30.7,-19.32,5.1));
#18330=CARTESIAN_POINT('',(30.7,-16.68,5.1));
#18331=CARTESIAN_POINT('',(30.7,-18.,3.));
#18332=CARTESIAN_POINT('',(28.18,-19.32,3.));
#18333=CARTESIAN_POINT('',(28.18,-16.68,3.));
#18334=CARTESIAN_POINT('',(30.82,-19.32,3.));
#18335=CARTESIAN_POINT('',(30.82,-16.68,3.));
#18336=CARTESIAN_POINT('',(25.18,-16.8,5.1));
#18337=CARTESIAN_POINT('',(27.82,-16.8,5.1));
#18338=CARTESIAN_POINT('',(25.18,-16.8,2.9));
#18339=CARTESIAN_POINT('',(27.82,-16.8,2.9));
#18340=CARTESIAN_POINT('',(25.3,-16.8,3.));
#18341=CARTESIAN_POINT('',(25.3,-16.8,3.));
#18342=CARTESIAN_POINT('',(26.5,-16.8,3.));
#18343=CARTESIAN_POINT('',(27.7,-16.8,3.));
#18344=CARTESIAN_POINT('',(27.7,-16.8,3.));
#18345=CARTESIAN_POINT('',(25.3,-19.32,2.9));
#18346=CARTESIAN_POINT('',(25.3,-16.68,2.9));
#18347=CARTESIAN_POINT('',(25.3,-19.32,5.1));
#18348=CARTESIAN_POINT('',(25.3,-16.68,5.1));
#18349=CARTESIAN_POINT('',(25.3,-19.2,3.));
#18350=CARTESIAN_POINT('',(25.3,-19.2,3.));
#18351=CARTESIAN_POINT('',(25.3,-18.,3.));
#18352=CARTESIAN_POINT('',(25.18,-19.2,5.1));
#18353=CARTESIAN_POINT('',(27.82,-19.2,5.1));
#18354=CARTESIAN_POINT('',(25.18,-19.2,2.9));
#18355=CARTESIAN_POINT('',(27.82,-19.2,2.9));
#18356=CARTESIAN_POINT('',(27.7,-19.2,3.));
#18357=CARTESIAN_POINT('',(27.7,-19.2,3.));
#18358=CARTESIAN_POINT('',(26.5,-19.2,3.));
#18359=CARTESIAN_POINT('',(27.7,-19.32,2.9));
#18360=CARTESIAN_POINT('',(27.7,-16.68,2.9));
#18361=CARTESIAN_POINT('',(27.7,-19.32,5.1));
#18362=CARTESIAN_POINT('',(27.7,-16.68,5.1));
#18363=CARTESIAN_POINT('',(27.7,-18.,3.));
#18364=CARTESIAN_POINT('',(25.18,-19.32,3.));
#18365=CARTESIAN_POINT('',(25.18,-16.68,3.));
#18366=CARTESIAN_POINT('',(27.82,-19.32,3.));
#18367=CARTESIAN_POINT('',(27.82,-16.68,3.));
#18368=CARTESIAN_POINT('',(43.18,-16.8,5.1));
#18369=CARTESIAN_POINT('',(45.82,-16.8,5.1));
#18370=CARTESIAN_POINT('',(43.18,-16.8,2.9));
#18371=CARTESIAN_POINT('',(45.82,-16.8,2.9));
#18372=CARTESIAN_POINT('',(43.3,-16.8,3.));
#18373=CARTESIAN_POINT('',(43.3,-16.8,3.));
#18374=CARTESIAN_POINT('',(44.5,-16.8,3.));
#18375=CARTESIAN_POINT('',(45.7,-16.8,3.));
#18376=CARTESIAN_POINT('',(45.7,-16.8,3.));
#18377=CARTESIAN_POINT('',(43.3,-19.32,2.9));
#18378=CARTESIAN_POINT('',(43.3,-16.68,2.9));
#18379=CARTESIAN_POINT('',(43.3,-19.32,5.1));
#18380=CARTESIAN_POINT('',(43.3,-16.68,5.1));
#18381=CARTESIAN_POINT('',(43.3,-19.2,3.));
#18382=CARTESIAN_POINT('',(43.3,-19.2,3.));
#18383=CARTESIAN_POINT('',(43.3,-18.,3.));
#18384=CARTESIAN_POINT('',(43.18,-19.2,5.1));
#18385=CARTESIAN_POINT('',(45.82,-19.2,5.1));
#18386=CARTESIAN_POINT('',(43.18,-19.2,2.9));
#18387=CARTESIAN_POINT('',(45.82,-19.2,2.9));
#18388=CARTESIAN_POINT('',(45.7,-19.2,3.));
#18389=CARTESIAN_POINT('',(45.7,-19.2,3.));
#18390=CARTESIAN_POINT('',(44.5,-19.2,3.));
#18391=CARTESIAN_POINT('',(45.7,-19.32,2.9));
#18392=CARTESIAN_POINT('',(45.7,-16.68,2.9));
#18393=CARTESIAN_POINT('',(45.7,-19.32,5.1));
#18394=CARTESIAN_POINT('',(45.7,-16.68,5.1));
#18395=CARTESIAN_POINT('',(45.7,-18.,3.));
#18396=CARTESIAN_POINT('',(43.18,-19.32,3.));
#18397=CARTESIAN_POINT('',(43.18,-16.68,3.));
#18398=CARTESIAN_POINT('',(45.82,-19.32,3.));
#18399=CARTESIAN_POINT('',(45.82,-16.68,3.));
#18400=CARTESIAN_POINT('',(46.18,-16.8,5.1));
#18401=CARTESIAN_POINT('',(48.82,-16.8,5.1));
#18402=CARTESIAN_POINT('',(46.18,-16.8,2.9));
#18403=CARTESIAN_POINT('',(48.82,-16.8,2.9));
#18404=CARTESIAN_POINT('',(46.3,-16.8,3.));
#18405=CARTESIAN_POINT('',(46.3,-16.8,3.));
#18406=CARTESIAN_POINT('',(47.5,-16.8,3.));
#18407=CARTESIAN_POINT('',(48.7,-16.8,3.));
#18408=CARTESIAN_POINT('',(48.7,-16.8,3.));
#18409=CARTESIAN_POINT('',(46.3,-19.32,2.9));
#18410=CARTESIAN_POINT('',(46.3,-16.68,2.9));
#18411=CARTESIAN_POINT('',(46.3,-19.32,5.1));
#18412=CARTESIAN_POINT('',(46.3,-16.68,5.1));
#18413=CARTESIAN_POINT('',(46.3,-19.2,3.));
#18414=CARTESIAN_POINT('',(46.3,-19.2,3.));
#18415=CARTESIAN_POINT('',(46.3,-18.,3.));
#18416=CARTESIAN_POINT('',(46.18,-19.2,5.1));
#18417=CARTESIAN_POINT('',(48.82,-19.2,5.1));
#18418=CARTESIAN_POINT('',(46.18,-19.2,2.9));
#18419=CARTESIAN_POINT('',(48.82,-19.2,2.9));
#18420=CARTESIAN_POINT('',(48.7,-19.2,3.));
#18421=CARTESIAN_POINT('',(48.7,-19.2,3.));
#18422=CARTESIAN_POINT('',(47.5,-19.2,3.));
#18423=CARTESIAN_POINT('',(48.7,-19.32,2.9));
#18424=CARTESIAN_POINT('',(48.7,-16.68,2.9));
#18425=CARTESIAN_POINT('',(48.7,-19.32,5.1));
#18426=CARTESIAN_POINT('',(48.7,-16.68,5.1));
#18427=CARTESIAN_POINT('',(48.7,-18.,3.));
#18428=CARTESIAN_POINT('',(46.18,-19.32,3.));
#18429=CARTESIAN_POINT('',(46.18,-16.68,3.));
#18430=CARTESIAN_POINT('',(48.82,-19.32,3.));
#18431=CARTESIAN_POINT('',(48.82,-16.68,3.));
#18432=CARTESIAN_POINT('',(49.18,-16.8,5.1));
#18433=CARTESIAN_POINT('',(51.82,-16.8,5.1));
#18434=CARTESIAN_POINT('',(49.18,-16.8,2.9));
#18435=CARTESIAN_POINT('',(51.82,-16.8,2.9));
#18436=CARTESIAN_POINT('',(49.3,-16.8,3.));
#18437=CARTESIAN_POINT('',(49.3,-16.8,3.));
#18438=CARTESIAN_POINT('',(50.5,-16.8,3.));
#18439=CARTESIAN_POINT('',(51.7,-16.8,3.));
#18440=CARTESIAN_POINT('',(51.7,-16.8,3.));
#18441=CARTESIAN_POINT('',(49.3,-19.32,2.9));
#18442=CARTESIAN_POINT('',(49.3,-16.68,2.9));
#18443=CARTESIAN_POINT('',(49.3,-19.32,5.1));
#18444=CARTESIAN_POINT('',(49.3,-16.68,5.1));
#18445=CARTESIAN_POINT('',(49.3,-19.2,3.));
#18446=CARTESIAN_POINT('',(49.3,-19.2,3.));
#18447=CARTESIAN_POINT('',(49.3,-18.,3.));
#18448=CARTESIAN_POINT('',(49.18,-19.2,5.1));
#18449=CARTESIAN_POINT('',(51.82,-19.2,5.1));
#18450=CARTESIAN_POINT('',(49.18,-19.2,2.9));
#18451=CARTESIAN_POINT('',(51.82,-19.2,2.9));
#18452=CARTESIAN_POINT('',(51.7,-19.2,3.));
#18453=CARTESIAN_POINT('',(51.7,-19.2,3.));
#18454=CARTESIAN_POINT('',(50.5,-19.2,3.));
#18455=CARTESIAN_POINT('',(51.7,-19.32,2.9));
#18456=CARTESIAN_POINT('',(51.7,-16.68,2.9));
#18457=CARTESIAN_POINT('',(51.7,-19.32,5.1));
#18458=CARTESIAN_POINT('',(51.7,-16.68,5.1));
#18459=CARTESIAN_POINT('',(51.7,-18.,3.));
#18460=CARTESIAN_POINT('',(49.18,-19.32,3.));
#18461=CARTESIAN_POINT('',(49.18,-16.68,3.));
#18462=CARTESIAN_POINT('',(51.82,-19.32,3.));
#18463=CARTESIAN_POINT('',(51.82,-16.68,3.));
#18464=CARTESIAN_POINT('',(4.18,-13.8,5.1));
#18465=CARTESIAN_POINT('',(6.82,-13.8,5.1));
#18466=CARTESIAN_POINT('',(4.18,-13.8,2.9));
#18467=CARTESIAN_POINT('',(6.82,-13.8,2.9));
#18468=CARTESIAN_POINT('',(4.3,-13.8,3.));
#18469=CARTESIAN_POINT('',(4.3,-13.8,3.));
#18470=CARTESIAN_POINT('',(5.5,-13.8,3.));
#18471=CARTESIAN_POINT('',(6.7,-13.8,3.));
#18472=CARTESIAN_POINT('',(6.7,-13.8,3.));
#18473=CARTESIAN_POINT('',(4.3,-16.32,2.9));
#18474=CARTESIAN_POINT('',(4.3,-13.68,2.9));
#18475=CARTESIAN_POINT('',(4.3,-16.32,5.1));
#18476=CARTESIAN_POINT('',(4.3,-13.68,5.1));
#18477=CARTESIAN_POINT('',(4.3,-16.2,3.));
#18478=CARTESIAN_POINT('',(4.3,-16.2,3.));
#18479=CARTESIAN_POINT('',(4.3,-15.,3.));
#18480=CARTESIAN_POINT('',(4.18,-16.2,5.1));
#18481=CARTESIAN_POINT('',(6.82,-16.2,5.1));
#18482=CARTESIAN_POINT('',(4.18,-16.2,2.9));
#18483=CARTESIAN_POINT('',(6.82,-16.2,2.9));
#18484=CARTESIAN_POINT('',(6.7,-16.2,3.));
#18485=CARTESIAN_POINT('',(6.7,-16.2,3.));
#18486=CARTESIAN_POINT('',(5.5,-16.2,3.));
#18487=CARTESIAN_POINT('',(6.7,-16.32,2.9));
#18488=CARTESIAN_POINT('',(6.7,-13.68,2.9));
#18489=CARTESIAN_POINT('',(6.7,-16.32,5.1));
#18490=CARTESIAN_POINT('',(6.7,-13.68,5.1));
#18491=CARTESIAN_POINT('',(6.7,-15.,3.));
#18492=CARTESIAN_POINT('',(4.18,-16.32,3.));
#18493=CARTESIAN_POINT('',(4.18,-13.68,3.));
#18494=CARTESIAN_POINT('',(6.82,-16.32,3.));
#18495=CARTESIAN_POINT('',(6.82,-13.68,3.));
#18496=CARTESIAN_POINT('',(40.18,-16.8,5.1));
#18497=CARTESIAN_POINT('',(42.82,-16.8,5.1));
#18498=CARTESIAN_POINT('',(40.18,-16.8,2.9));
#18499=CARTESIAN_POINT('',(42.82,-16.8,2.9));
#18500=CARTESIAN_POINT('',(40.3,-16.8,3.));
#18501=CARTESIAN_POINT('',(40.3,-16.8,3.));
#18502=CARTESIAN_POINT('',(41.5,-16.8,3.));
#18503=CARTESIAN_POINT('',(42.7,-16.8,3.));
#18504=CARTESIAN_POINT('',(42.7,-16.8,3.));
#18505=CARTESIAN_POINT('',(40.3,-19.32,2.9));
#18506=CARTESIAN_POINT('',(40.3,-16.68,2.9));
#18507=CARTESIAN_POINT('',(40.3,-19.32,5.1));
#18508=CARTESIAN_POINT('',(40.3,-16.68,5.1));
#18509=CARTESIAN_POINT('',(40.3,-19.2,3.));
#18510=CARTESIAN_POINT('',(40.3,-19.2,3.));
#18511=CARTESIAN_POINT('',(40.3,-18.,3.));
#18512=CARTESIAN_POINT('',(40.18,-19.2,5.1));
#18513=CARTESIAN_POINT('',(42.82,-19.2,5.1));
#18514=CARTESIAN_POINT('',(40.18,-19.2,2.9));
#18515=CARTESIAN_POINT('',(42.82,-19.2,2.9));
#18516=CARTESIAN_POINT('',(42.7,-19.2,3.));
#18517=CARTESIAN_POINT('',(42.7,-19.2,3.));
#18518=CARTESIAN_POINT('',(41.5,-19.2,3.));
#18519=CARTESIAN_POINT('',(42.7,-19.32,2.9));
#18520=CARTESIAN_POINT('',(42.7,-16.68,2.9));
#18521=CARTESIAN_POINT('',(42.7,-19.32,5.1));
#18522=CARTESIAN_POINT('',(42.7,-16.68,5.1));
#18523=CARTESIAN_POINT('',(42.7,-18.,3.));
#18524=CARTESIAN_POINT('',(40.18,-19.32,3.));
#18525=CARTESIAN_POINT('',(40.18,-16.68,3.));
#18526=CARTESIAN_POINT('',(42.82,-19.32,3.));
#18527=CARTESIAN_POINT('',(42.82,-16.68,3.));
#18528=CARTESIAN_POINT('',(37.18,-16.8,5.1));
#18529=CARTESIAN_POINT('',(39.82,-16.8,5.1));
#18530=CARTESIAN_POINT('',(37.18,-16.8,2.9));
#18531=CARTESIAN_POINT('',(39.82,-16.8,2.9));
#18532=CARTESIAN_POINT('',(37.3,-16.8,3.));
#18533=CARTESIAN_POINT('',(37.3,-16.8,3.));
#18534=CARTESIAN_POINT('',(38.5,-16.8,3.));
#18535=CARTESIAN_POINT('',(39.7,-16.8,3.));
#18536=CARTESIAN_POINT('',(39.7,-16.8,3.));
#18537=CARTESIAN_POINT('',(37.3,-19.32,2.9));
#18538=CARTESIAN_POINT('',(37.3,-16.68,2.9));
#18539=CARTESIAN_POINT('',(37.3,-19.32,5.1));
#18540=CARTESIAN_POINT('',(37.3,-16.68,5.1));
#18541=CARTESIAN_POINT('',(37.3,-19.2,3.));
#18542=CARTESIAN_POINT('',(37.3,-19.2,3.));
#18543=CARTESIAN_POINT('',(37.3,-18.,3.));
#18544=CARTESIAN_POINT('',(37.18,-19.2,5.1));
#18545=CARTESIAN_POINT('',(39.82,-19.2,5.1));
#18546=CARTESIAN_POINT('',(37.18,-19.2,2.9));
#18547=CARTESIAN_POINT('',(39.82,-19.2,2.9));
#18548=CARTESIAN_POINT('',(39.7,-19.2,3.));
#18549=CARTESIAN_POINT('',(39.7,-19.2,3.));
#18550=CARTESIAN_POINT('',(38.5,-19.2,3.));
#18551=CARTESIAN_POINT('',(39.7,-19.32,2.9));
#18552=CARTESIAN_POINT('',(39.7,-16.68,2.9));
#18553=CARTESIAN_POINT('',(39.7,-19.32,5.1));
#18554=CARTESIAN_POINT('',(39.7,-16.68,5.1));
#18555=CARTESIAN_POINT('',(39.7,-18.,3.));
#18556=CARTESIAN_POINT('',(37.18,-19.32,3.));
#18557=CARTESIAN_POINT('',(37.18,-16.68,3.));
#18558=CARTESIAN_POINT('',(39.82,-19.32,3.));
#18559=CARTESIAN_POINT('',(39.82,-16.68,3.));
#18560=CARTESIAN_POINT('',(34.18,-16.8,5.1));
#18561=CARTESIAN_POINT('',(36.82,-16.8,5.1));
#18562=CARTESIAN_POINT('',(34.18,-16.8,2.9));
#18563=CARTESIAN_POINT('',(36.82,-16.8,2.9));
#18564=CARTESIAN_POINT('',(34.3,-16.8,3.));
#18565=CARTESIAN_POINT('',(34.3,-16.8,3.));
#18566=CARTESIAN_POINT('',(35.5,-16.8,3.));
#18567=CARTESIAN_POINT('',(36.7,-16.8,3.));
#18568=CARTESIAN_POINT('',(36.7,-16.8,3.));
#18569=CARTESIAN_POINT('',(34.3,-19.32,2.9));
#18570=CARTESIAN_POINT('',(34.3,-16.68,2.9));
#18571=CARTESIAN_POINT('',(34.3,-19.32,5.1));
#18572=CARTESIAN_POINT('',(34.3,-16.68,5.1));
#18573=CARTESIAN_POINT('',(34.3,-19.2,3.));
#18574=CARTESIAN_POINT('',(34.3,-19.2,3.));
#18575=CARTESIAN_POINT('',(34.3,-18.,3.));
#18576=CARTESIAN_POINT('',(34.18,-19.2,5.1));
#18577=CARTESIAN_POINT('',(36.82,-19.2,5.1));
#18578=CARTESIAN_POINT('',(34.18,-19.2,2.9));
#18579=CARTESIAN_POINT('',(36.82,-19.2,2.9));
#18580=CARTESIAN_POINT('',(36.7,-19.2,3.));
#18581=CARTESIAN_POINT('',(36.7,-19.2,3.));
#18582=CARTESIAN_POINT('',(35.5,-19.2,3.));
#18583=CARTESIAN_POINT('',(36.7,-19.32,2.9));
#18584=CARTESIAN_POINT('',(36.7,-16.68,2.9));
#18585=CARTESIAN_POINT('',(36.7,-19.32,5.1));
#18586=CARTESIAN_POINT('',(36.7,-16.68,5.1));
#18587=CARTESIAN_POINT('',(36.7,-18.,3.));
#18588=CARTESIAN_POINT('',(34.18,-19.32,3.));
#18589=CARTESIAN_POINT('',(34.18,-16.68,3.));
#18590=CARTESIAN_POINT('',(36.82,-19.32,3.));
#18591=CARTESIAN_POINT('',(36.82,-16.68,3.));
#18592=CARTESIAN_POINT('',(31.18,-16.8,5.1));
#18593=CARTESIAN_POINT('',(33.82,-16.8,5.1));
#18594=CARTESIAN_POINT('',(31.18,-16.8,2.9));
#18595=CARTESIAN_POINT('',(33.82,-16.8,2.9));
#18596=CARTESIAN_POINT('',(31.3,-16.8,3.));
#18597=CARTESIAN_POINT('',(31.3,-16.8,3.));
#18598=CARTESIAN_POINT('',(32.5,-16.8,3.));
#18599=CARTESIAN_POINT('',(33.7,-16.8,3.));
#18600=CARTESIAN_POINT('',(33.7,-16.8,3.));
#18601=CARTESIAN_POINT('',(31.3,-19.32,2.9));
#18602=CARTESIAN_POINT('',(31.3,-16.68,2.9));
#18603=CARTESIAN_POINT('',(31.3,-19.32,5.1));
#18604=CARTESIAN_POINT('',(31.3,-16.68,5.1));
#18605=CARTESIAN_POINT('',(31.3,-19.2,3.));
#18606=CARTESIAN_POINT('',(31.3,-19.2,3.));
#18607=CARTESIAN_POINT('',(31.3,-18.,3.));
#18608=CARTESIAN_POINT('',(31.18,-19.2,5.1));
#18609=CARTESIAN_POINT('',(33.82,-19.2,5.1));
#18610=CARTESIAN_POINT('',(31.18,-19.2,2.9));
#18611=CARTESIAN_POINT('',(33.82,-19.2,2.9));
#18612=CARTESIAN_POINT('',(33.7,-19.2,3.));
#18613=CARTESIAN_POINT('',(33.7,-19.2,3.));
#18614=CARTESIAN_POINT('',(32.5,-19.2,3.));
#18615=CARTESIAN_POINT('',(33.7,-19.32,2.9));
#18616=CARTESIAN_POINT('',(33.7,-16.68,2.9));
#18617=CARTESIAN_POINT('',(33.7,-19.32,5.1));
#18618=CARTESIAN_POINT('',(33.7,-16.68,5.1));
#18619=CARTESIAN_POINT('',(33.7,-18.,3.));
#18620=CARTESIAN_POINT('',(31.18,-19.32,3.));
#18621=CARTESIAN_POINT('',(31.18,-16.68,3.));
#18622=CARTESIAN_POINT('',(33.82,-19.32,3.));
#18623=CARTESIAN_POINT('',(33.82,-16.68,3.));
#18624=CARTESIAN_POINT('',(56.,-1.5,3.));
#18625=CARTESIAN_POINT('',(56.,-1.5,5.));
#18626=CARTESIAN_POINT('',(57.5700071486034,-1.5,3.));
#18627=CARTESIAN_POINT('',(57.5700071486034,-1.5,5.));
#18628=CARTESIAN_POINT('',(58.1708228730686,-0.0495025295089613,3.));
#18629=CARTESIAN_POINT('',(58.1708228730686,-0.0495025295089613,5.));
#18630=CARTESIAN_POINT('',(57.0606601717798,1.06066017177982,3.));
#18631=CARTESIAN_POINT('',(57.0606601717798,1.06066017177982,5.));
#18632=CARTESIAN_POINT('',(55.9504974704911,2.1708228730686,3.));
#18633=CARTESIAN_POINT('',(55.9504974704911,2.1708228730686,5.));
#18634=CARTESIAN_POINT('',(54.5,1.57000714860335,3.));
#18635=CARTESIAN_POINT('',(54.5,1.57000714860335,5.));
#18636=CARTESIAN_POINT('',(54.5,2.75545529808154E-16,3.));
#18637=CARTESIAN_POINT('',(54.5,2.75545529808155E-16,5.));
#18638=CARTESIAN_POINT('',(56.,9.18485099360515E-17,3.));
#18639=CARTESIAN_POINT('',(57.5,9.18485099360515E-17,3.));
#18640=CARTESIAN_POINT('',(56.,9.18485099360515E-17,3.));
#18641=CARTESIAN_POINT('',(54.4819690312753,-1.51805423589422,3.));
#18642=CARTESIAN_POINT('',(54.4819690312753,1.52709355159684,3.));
#18643=CARTESIAN_POINT('',(57.5231924228421,-1.51805423589422,3.));
#18644=CARTESIAN_POINT('',(57.5231924228421,1.52709355159684,3.));
#18645=CARTESIAN_POINT('',(54.5,-27.,3.));
#18646=CARTESIAN_POINT('',(54.5,-27.,5.));
#18647=CARTESIAN_POINT('',(54.5,-28.5700071486033,3.));
#18648=CARTESIAN_POINT('',(54.5,-28.5700071486033,5.));
#18649=CARTESIAN_POINT('',(55.9504974704911,-29.1708228730686,3.));
#18650=CARTESIAN_POINT('',(55.9504974704911,-29.1708228730686,5.));
#18651=CARTESIAN_POINT('',(57.0606601717798,-28.0606601717798,3.));
#18652=CARTESIAN_POINT('',(57.0606601717798,-28.0606601717798,5.));
#18653=CARTESIAN_POINT('',(58.1708228730686,-26.950497470491,3.));
#18654=CARTESIAN_POINT('',(58.1708228730686,-26.950497470491,5.));
#18655=CARTESIAN_POINT('',(57.5700071486034,-25.5,3.));
#18656=CARTESIAN_POINT('',(57.5700071486034,-25.5,5.));
#18657=CARTESIAN_POINT('',(56.,-25.5,3.));
#18658=CARTESIAN_POINT('',(56.,-25.5,5.));
#18659=CARTESIAN_POINT('',(56.,-27.,3.));
#18660=CARTESIAN_POINT('',(57.5,-27.,3.));
#18661=CARTESIAN_POINT('',(56.,-27.,3.));
#18662=CARTESIAN_POINT('',(54.4819457641058,-28.5231924228421,3.));
#18663=CARTESIAN_POINT('',(54.4819457641058,-25.4819690312753,3.));
#18664=CARTESIAN_POINT('',(57.5270935515968,-28.5231924228421,3.));
#18665=CARTESIAN_POINT('',(57.5270935515968,-25.4819690312753,3.));
#18666=CARTESIAN_POINT('',(1.61237448975122E-16,-25.5,3.));
#18667=CARTESIAN_POINT('',(1.61237448975122E-16,-25.5,5.));
#18668=CARTESIAN_POINT('',(-1.57000714860335,-25.5,3.));
#18669=CARTESIAN_POINT('',(-1.57000714860335,-25.5,5.));
#18670=CARTESIAN_POINT('',(-2.1708228730686,-26.950497470491,3.));
#18671=CARTESIAN_POINT('',(-2.1708228730686,-26.950497470491,5.));
#18672=CARTESIAN_POINT('',(-1.06066017177982,-28.0606601717798,3.));
#18673=CARTESIAN_POINT('',(-1.06066017177982,-28.0606601717798,5.));
#18674=CARTESIAN_POINT('',(0.0495025295089635,-29.1708228730686,3.));
#18675=CARTESIAN_POINT('',(0.0495025295089635,-29.1708228730686,5.));
#18676=CARTESIAN_POINT('',(1.5,-28.5700071486033,3.));
#18677=CARTESIAN_POINT('',(1.5,-28.5700071486033,5.));
#18678=CARTESIAN_POINT('',(1.5,-27.,3.));
#18679=CARTESIAN_POINT('',(1.5,-27.,5.));
#18680=CARTESIAN_POINT('',(1.7347234759768E-15,-27.,3.));
#18681=CARTESIAN_POINT('',(-1.52319242284209,-28.5270935515968,3.));
#18682=CARTESIAN_POINT('',(-1.52319242284209,-25.4819457641058,3.));
#18683=CARTESIAN_POINT('',(1.5180309687247,-28.5270935515968,3.));
#18684=CARTESIAN_POINT('',(1.5180309687247,-25.4819457641058,3.));
#18685=CARTESIAN_POINT('',(1.5,9.18485099360515E-17,3.));
#18686=CARTESIAN_POINT('',(1.5,9.18485099360515E-17,5.));
#18687=CARTESIAN_POINT('',(1.5,1.57000714860335,3.));
#18688=CARTESIAN_POINT('',(1.5,1.57000714860335,5.));
#18689=CARTESIAN_POINT('',(0.0495025295089613,2.1708228730686,3.));
#18690=CARTESIAN_POINT('',(0.0495025295089613,2.1708228730686,5.));
#18691=CARTESIAN_POINT('',(-1.06066017177982,1.06066017177982,3.));
#18692=CARTESIAN_POINT('',(-1.06066017177982,1.06066017177982,5.));
#18693=CARTESIAN_POINT('',(-2.1708228730686,-0.0495025295089609,3.));
#18694=CARTESIAN_POINT('',(-2.1708228730686,-0.0495025295089609,5.));
#18695=CARTESIAN_POINT('',(-1.57000714860335,-1.5,3.));
#18696=CARTESIAN_POINT('',(-1.57000714860335,-1.5,5.));
#18697=CARTESIAN_POINT('',(-2.75545529808154E-16,-1.5,3.));
#18698=CARTESIAN_POINT('',(-2.75545529808154E-16,-1.5,5.));
#18699=CARTESIAN_POINT('',(0.,9.18485099360515E-17,3.));
#18700=CARTESIAN_POINT('',(-1.52709355159684,-1.5180309687247,3.));
#18701=CARTESIAN_POINT('',(-1.52709355159684,1.5231924228421,3.));
#18702=CARTESIAN_POINT('',(1.51805423589422,-1.5180309687247,3.));
#18703=CARTESIAN_POINT('',(1.51805423589422,1.5231924228421,3.));
#18704=MECHANICAL_DESIGN_GEOMETRIC_PRESENTATION_REPRESENTATION('',(#11805),
#18705);
#18705=(
GEOMETRIC_REPRESENTATION_CONTEXT(3)
GLOBAL_UNCERTAINTY_ASSIGNED_CONTEXT((#18706))
GLOBAL_UNIT_ASSIGNED_CONTEXT((#18709,#18708,#18707))
REPRESENTATION_CONTEXT('Part 1','TOP_LEVEL_ASSEMBLY_PART')
);
#18706=UNCERTAINTY_MEASURE_WITH_UNIT(LENGTH_MEASURE(1.E-5),#18709,
'DISTANCE_ACCURACY_VALUE','Maximum Tolerance applied to model');
#18707=(
NAMED_UNIT(*)
SI_UNIT($,.STERADIAN.)
SOLID_ANGLE_UNIT()
);
#18708=(
NAMED_UNIT(*)
PLANE_ANGLE_UNIT()
SI_UNIT($,.RADIAN.)
);
#18709=(
LENGTH_UNIT()
NAMED_UNIT(*)
SI_UNIT(.MILLI.,.METRE.)
);
#18710=PRODUCT_DEFINITION_SHAPE('','',#18711);
#18711=PRODUCT_DEFINITION('','',#18713,#18712);
#18712=PRODUCT_DEFINITION_CONTEXT('',#18719,'design');
#18713=PRODUCT_DEFINITION_FORMATION_WITH_SPECIFIED_SOURCE('','',#18715,
 .NOT_KNOWN.);
#18714=PRODUCT_RELATED_PRODUCT_CATEGORY('','',(#18715));
#18715=PRODUCT('Part 1','Part 1','Part 1',(#18717));
#18716=PRODUCT_CATEGORY('','');
#18717=PRODUCT_CONTEXT('',#18719,'mechanical');
#18718=APPLICATION_PROTOCOL_DEFINITION('international standard',
'ap242_managed_model_based_3d_engineering',2020,#18719);
#18719=APPLICATION_CONTEXT('managed model based 3d engineering');
ENDSEC;
END-ISO-10303-21;
